rowid,runID,noise_level,round,performance
0,0,0.0,1,1.0
1,0,0.0,2,1.0
2,0,0.0,3,1.0
3,0,0.0,4,0.8
4,0,0.0,5,0.8
5,0,0.0,6,0.8
6,0,0.0,7,0.8
7,0,0.0,8,0.8
8,0,0.0,9,0.8
9,0,0.0,10,0.8
10,0,0.0,11,1.0
11,0,0.0,12,1.0
12,0,0.0,13,1.0
13,0,0.0,14,1.0
14,0,0.0,15,1.0
15,0,0.0,16,1.0
16,0,0.0,17,1.0
17,0,0.0,18,1.0
18,0,0.0,19,1.0
19,0,0.0,20,1.0
20,0,0.0,21,1.0
21,0,0.0,22,1.0
22,0,0.0,23,1.0
23,0,0.0,24,0.8
24,0,0.0,25,1.0
25,0,0.0,26,1.0
26,0,0.0,27,1.0
27,0,0.0,28,1.0
28,0,0.0,29,1.0
29,0,0.0,30,1.0
30,0,0.0,31,1.0
31,0,0.0,32,1.0
32,0,0.0,33,1.0
33,0,0.0,34,1.0
34,0,0.0,35,1.0
35,0,0.0,36,1.0
36,0,0.0,37,1.0
37,0,0.0,38,1.0
38,0,0.0,39,1.0
39,0,0.0,40,1.0
40,1,0.0,1,0.8
41,1,0.0,2,0.8
42,1,0.0,3,0.8
43,1,0.0,4,0.8
44,1,0.0,5,0.8
45,1,0.0,6,0.8
46,1,0.0,7,0.6
47,1,0.0,8,1.0
48,1,0.0,9,0.8
49,1,0.0,10,0.6
50,1,0.0,11,0.6
51,1,0.0,12,0.4
52,1,0.0,13,0.6
53,1,0.0,14,0.8
54,1,0.0,15,0.8
55,1,0.0,16,0.8
56,1,0.0,17,0.8
57,1,0.0,18,0.8
58,1,0.0,19,0.6
59,1,0.0,20,0.8
60,1,0.0,21,0.6
61,1,0.0,22,0.8
62,1,0.0,23,0.8
63,1,0.0,24,0.8
64,1,0.0,25,0.8
65,1,0.0,26,0.8
66,1,0.0,27,0.8
67,1,0.0,28,0.8
68,1,0.0,29,0.8
69,1,0.0,30,0.8
70,1,0.0,31,0.6
71,1,0.0,32,0.6
72,1,0.0,33,0.6
73,1,0.0,34,0.8
74,1,0.0,35,0.8
75,1,0.0,36,0.6
76,1,0.0,37,0.6
77,1,0.0,38,0.8
78,1,0.0,39,0.8
79,1,0.0,40,0.8
80,2,0.0,1,0.6
81,2,0.0,2,0.6
82,2,0.0,3,0.6
83,2,0.0,4,0.4
84,2,0.0,5,0.4
85,2,0.0,6,0.6
86,2,0.0,7,0.6
87,2,0.0,8,0.6
88,2,0.0,9,0.6
89,2,0.0,10,0.6
90,2,0.0,11,0.6
91,2,0.0,12,0.4
92,2,0.0,13,0.6
93,2,0.0,14,0.6
94,2,0.0,15,0.4
95,2,0.0,16,0.4
96,2,0.0,17,0.8
97,2,0.0,18,0.8
98,2,0.0,19,0.8
99,2,0.0,20,0.8
100,2,0.0,21,0.8
101,2,0.0,22,0.8
102,2,0.0,23,1.0
103,2,0.0,24,1.0
104,2,0.0,25,1.0
105,2,0.0,26,0.8
106,2,0.0,27,0.8
107,2,0.0,28,1.0
108,2,0.0,29,0.8
109,2,0.0,30,0.8
110,2,0.0,31,1.0
111,2,0.0,32,0.8
112,2,0.0,33,0.6
113,2,0.0,34,0.8
114,2,0.0,35,0.8
115,2,0.0,36,0.8
116,2,0.0,37,0.8
117,2,0.0,38,0.8
118,2,0.0,39,0.8
119,2,0.0,40,0.8
120,3,0.0,1,0.8
121,3,0.0,2,0.8
122,3,0.0,3,0.8
123,3,0.0,4,0.8
124,3,0.0,5,0.8
125,3,0.0,6,0.4
126,3,0.0,7,0.8
127,3,0.0,8,0.6
128,3,0.0,9,0.8
129,3,0.0,10,1.0
130,3,0.0,11,0.8
131,3,0.0,12,0.8
132,3,0.0,13,0.8
133,3,0.0,14,1.0
134,3,0.0,15,1.0
135,3,0.0,16,1.0
136,3,0.0,17,1.0
137,3,0.0,18,1.0
138,3,0.0,19,1.0
139,3,0.0,20,1.0
140,3,0.0,21,0.8
141,3,0.0,22,1.0
142,3,0.0,23,1.0
143,3,0.0,24,1.0
144,3,0.0,25,1.0
145,3,0.0,26,1.0
146,3,0.0,27,0.8
147,3,0.0,28,0.8
148,3,0.0,29,0.8
149,3,0.0,30,0.8
150,3,0.0,31,1.0
151,3,0.0,32,1.0
152,3,0.0,33,1.0
153,3,0.0,34,1.0
154,3,0.0,35,1.0
155,3,0.0,36,1.0
156,3,0.0,37,0.8
157,3,0.0,38,0.8
158,3,0.0,39,0.8
159,3,0.0,40,0.8
160,4,0.0,1,0.6
161,4,0.0,2,0.6
162,4,0.0,3,0.6
163,4,0.0,4,0.6
164,4,0.0,5,0.6
165,4,0.0,6,0.6
166,4,0.0,7,0.8
167,4,0.0,8,0.8
168,4,0.0,9,0.8
169,4,0.0,10,0.8
170,4,0.0,11,0.8
171,4,0.0,12,0.8
172,4,0.0,13,0.8
173,4,0.0,14,0.8
174,4,0.0,15,0.8
175,4,0.0,16,0.8
176,4,0.0,17,0.8
177,4,0.0,18,0.8
178,4,0.0,19,0.8
179,4,0.0,20,0.8
180,4,0.0,21,0.8
181,4,0.0,22,0.8
182,4,0.0,23,0.8
183,4,0.0,24,0.8
184,4,0.0,25,0.8
185,4,0.0,26,0.8
186,4,0.0,27,0.8
187,4,0.0,28,0.8
188,4,0.0,29,0.8
189,4,0.0,30,0.8
190,4,0.0,31,0.8
191,4,0.0,32,0.8
192,4,0.0,33,0.8
193,4,0.0,34,0.8
194,4,0.0,35,0.8
195,4,0.0,36,0.8
196,4,0.0,37,0.8
197,4,0.0,38,0.8
198,4,0.0,39,0.8
199,4,0.0,40,0.8
200,5,0.0,1,0.6
201,5,0.0,2,0.6
202,5,0.0,3,0.6
203,5,0.0,4,0.6
204,5,0.0,5,0.4
205,5,0.0,6,0.4
206,5,0.0,7,0.6
207,5,0.0,8,0.6
208,5,0.0,9,0.6
209,5,0.0,10,0.6
210,5,0.0,11,0.6
211,5,0.0,12,0.6
212,5,0.0,13,0.6
213,5,0.0,14,0.8
214,5,0.0,15,0.6
215,5,0.0,16,0.6
216,5,0.0,17,0.6
217,5,0.0,18,0.6
218,5,0.0,19,0.6
219,5,0.0,20,0.8
220,5,0.0,21,0.8
221,5,0.0,22,1.0
222,5,0.0,23,1.0
223,5,0.0,24,1.0
224,5,0.0,25,1.0
225,5,0.0,26,1.0
226,5,0.0,27,1.0
227,5,0.0,28,1.0
228,5,0.0,29,1.0
229,5,0.0,30,1.0
230,5,0.0,31,1.0
231,5,0.0,32,1.0
232,5,0.0,33,1.0
233,5,0.0,34,1.0
234,5,0.0,35,1.0
235,5,0.0,36,1.0
236,5,0.0,37,1.0
237,5,0.0,38,1.0
238,5,0.0,39,1.0
239,5,0.0,40,1.0
240,6,0.0,1,0.0
241,6,0.0,2,0.4
242,6,0.0,3,0.0
243,6,0.0,4,0.8
244,6,0.0,5,0.8
245,6,0.0,6,0.8
246,6,0.0,7,0.8
247,6,0.0,8,0.8
248,6,0.0,9,0.8
249,6,0.0,10,0.8
250,6,0.0,11,0.8
251,6,0.0,12,0.8
252,6,0.0,13,1.0
253,6,0.0,14,1.0
254,6,0.0,15,1.0
255,6,0.0,16,1.0
256,6,0.0,17,1.0
257,6,0.0,18,1.0
258,6,0.0,19,1.0
259,6,0.0,20,1.0
260,6,0.0,21,0.8
261,6,0.0,22,0.8
262,6,0.0,23,0.8
263,6,0.0,24,0.8
264,6,0.0,25,0.8
265,6,0.0,26,1.0
266,6,0.0,27,1.0
267,6,0.0,28,1.0
268,6,0.0,29,0.8
269,6,0.0,30,1.0
270,6,0.0,31,1.0
271,6,0.0,32,1.0
272,6,0.0,33,1.0
273,6,0.0,34,1.0
274,6,0.0,35,0.8
275,6,0.0,36,0.8
276,6,0.0,37,0.8
277,6,0.0,38,0.8
278,6,0.0,39,0.8
279,6,0.0,40,0.8
280,7,0.0,1,1.0
281,7,0.0,2,1.0
282,7,0.0,3,1.0
283,7,0.0,4,1.0
284,7,0.0,5,0.8
285,7,0.0,6,0.8
286,7,0.0,7,0.8
287,7,0.0,8,0.8
288,7,0.0,9,0.8
289,7,0.0,10,0.8
290,7,0.0,11,0.8
291,7,0.0,12,0.8
292,7,0.0,13,0.8
293,7,0.0,14,0.8
294,7,0.0,15,0.8
295,7,0.0,16,0.8
296,7,0.0,17,0.8
297,7,0.0,18,0.8
298,7,0.0,19,0.8
299,7,0.0,20,0.8
300,7,0.0,21,0.8
301,7,0.0,22,0.8
302,7,0.0,23,0.8
303,7,0.0,24,0.8
304,7,0.0,25,0.8
305,7,0.0,26,1.0
306,7,0.0,27,1.0
307,7,0.0,28,1.0
308,7,0.0,29,0.8
309,7,0.0,30,0.8
310,7,0.0,31,0.8
311,7,0.0,32,0.8
312,7,0.0,33,0.8
313,7,0.0,34,0.8
314,7,0.0,35,0.8
315,7,0.0,36,0.8
316,7,0.0,37,0.8
317,7,0.0,38,1.0
318,7,0.0,39,0.8
319,7,0.0,40,1.0
320,8,0.0,1,0.0
321,8,0.0,2,0.6
322,8,0.0,3,0.6
323,8,0.0,4,0.4
324,8,0.0,5,0.6
325,8,0.0,6,0.6
326,8,0.0,7,0.6
327,8,0.0,8,0.6
328,8,0.0,9,0.6
329,8,0.0,10,0.6
330,8,0.0,11,0.6
331,8,0.0,12,0.6
332,8,0.0,13,1.0
333,8,0.0,14,1.0
334,8,0.0,15,1.0
335,8,0.0,16,1.0
336,8,0.0,17,0.8
337,8,0.0,18,0.8
338,8,0.0,19,0.8
339,8,0.0,20,0.8
340,8,0.0,21,0.8
341,8,0.0,22,0.8
342,8,0.0,23,1.0
343,8,0.0,24,1.0
344,8,0.0,25,0.8
345,8,0.0,26,1.0
346,8,0.0,27,1.0
347,8,0.0,28,1.0
348,8,0.0,29,1.0
349,8,0.0,30,1.0
350,8,0.0,31,1.0
351,8,0.0,32,1.0
352,8,0.0,33,1.0
353,8,0.0,34,1.0
354,8,0.0,35,1.0
355,8,0.0,36,1.0
356,8,0.0,37,1.0
357,8,0.0,38,1.0
358,8,0.0,39,1.0
359,8,0.0,40,1.0
360,9,0.0,1,1.0
361,9,0.0,2,1.0
362,9,0.0,3,1.0
363,9,0.0,4,1.0
364,9,0.0,5,1.0
365,9,0.0,6,1.0
366,9,0.0,7,1.0
367,9,0.0,8,1.0
368,9,0.0,9,1.0
369,9,0.0,10,1.0
370,9,0.0,11,1.0
371,9,0.0,12,1.0
372,9,0.0,13,1.0
373,9,0.0,14,1.0
374,9,0.0,15,1.0
375,9,0.0,16,1.0
376,9,0.0,17,1.0
377,9,0.0,18,1.0
378,9,0.0,19,1.0
379,9,0.0,20,1.0
380,9,0.0,21,1.0
381,9,0.0,22,1.0
382,9,0.0,23,1.0
383,9,0.0,24,1.0
384,9,0.0,25,0.8
385,9,0.0,26,0.8
386,9,0.0,27,0.8
387,9,0.0,28,0.8
388,9,0.0,29,0.8
389,9,0.0,30,0.8
390,9,0.0,31,0.8
391,9,0.0,32,0.8
392,9,0.0,33,0.8
393,9,0.0,34,0.8
394,9,0.0,35,0.8
395,9,0.0,36,0.8
396,9,0.0,37,0.8
397,9,0.0,38,0.8
398,9,0.0,39,0.8
399,9,0.0,40,0.8
400,10,0.0,1,0.8
401,10,0.0,2,0.8
402,10,0.0,3,0.8
403,10,0.0,4,0.8
404,10,0.0,5,0.8
405,10,0.0,6,0.8
406,10,0.0,7,0.6
407,10,0.0,8,0.6
408,10,0.0,9,0.8
409,10,0.0,10,0.8
410,10,0.0,11,0.8
411,10,0.0,12,0.8
412,10,0.0,13,0.8
413,10,0.0,14,0.8
414,10,0.0,15,0.8
415,10,0.0,16,0.8
416,10,0.0,17,0.8
417,10,0.0,18,0.8
418,10,0.0,19,0.8
419,10,0.0,20,0.8
420,10,0.0,21,0.8
421,10,0.0,22,0.8
422,10,0.0,23,0.8
423,10,0.0,24,0.8
424,10,0.0,25,0.8
425,10,0.0,26,0.8
426,10,0.0,27,0.6
427,10,0.0,28,0.8
428,10,0.0,29,0.8
429,10,0.0,30,0.8
430,10,0.0,31,1.0
431,10,0.0,32,0.8
432,10,0.0,33,0.8
433,10,0.0,34,0.8
434,10,0.0,35,0.8
435,10,0.0,36,0.8
436,10,0.0,37,0.8
437,10,0.0,38,0.8
438,10,0.0,39,0.8
439,10,0.0,40,0.8
440,11,0.0,1,0.6
441,11,0.0,2,0.6
442,11,0.0,3,0.6
443,11,0.0,4,1.0
444,11,0.0,5,1.0
445,11,0.0,6,1.0
446,11,0.0,7,0.8
447,11,0.0,8,0.8
448,11,0.0,9,0.8
449,11,0.0,10,1.0
450,11,0.0,11,1.0
451,11,0.0,12,1.0
452,11,0.0,13,0.8
453,11,0.0,14,1.0
454,11,0.0,15,0.8
455,11,0.0,16,0.8
456,11,0.0,17,0.8
457,11,0.0,18,0.8
458,11,0.0,19,0.8
459,11,0.0,20,0.8
460,11,0.0,21,0.8
461,11,0.0,22,0.8
462,11,0.0,23,0.8
463,11,0.0,24,0.8
464,11,0.0,25,0.8
465,11,0.0,26,0.8
466,11,0.0,27,0.8
467,11,0.0,28,0.8
468,11,0.0,29,0.8
469,11,0.0,30,0.8
470,11,0.0,31,0.8
471,11,0.0,32,1.0
472,11,0.0,33,1.0
473,11,0.0,34,1.0
474,11,0.0,35,0.8
475,11,0.0,36,0.8
476,11,0.0,37,0.8
477,11,0.0,38,0.8
478,11,0.0,39,1.0
479,11,0.0,40,1.0
480,12,0.0,1,0.8
481,12,0.0,2,0.8
482,12,0.0,3,0.6
483,12,0.0,4,0.6
484,12,0.0,5,0.6
485,12,0.0,6,0.8
486,12,0.0,7,0.8
487,12,0.0,8,0.6
488,12,0.0,9,0.6
489,12,0.0,10,0.6
490,12,0.0,11,1.0
491,12,0.0,12,1.0
492,12,0.0,13,1.0
493,12,0.0,14,1.0
494,12,0.0,15,1.0
495,12,0.0,16,1.0
496,12,0.0,17,1.0
497,12,0.0,18,1.0
498,12,0.0,19,1.0
499,12,0.0,20,0.8
500,12,0.0,21,0.8
501,12,0.0,22,1.0
502,12,0.0,23,0.8
503,12,0.0,24,0.8
504,12,0.0,25,0.8
505,12,0.0,26,0.8
506,12,0.0,27,0.8
507,12,0.0,28,0.8
508,12,0.0,29,0.8
509,12,0.0,30,0.8
510,12,0.0,31,0.8
511,12,0.0,32,0.8
512,12,0.0,33,0.8
513,12,0.0,34,0.8
514,12,0.0,35,0.8
515,12,0.0,36,0.8
516,12,0.0,37,0.8
517,12,0.0,38,0.8
518,12,0.0,39,0.8
519,12,0.0,40,0.8
520,13,0.0,1,0.6
521,13,0.0,2,0.6
522,13,0.0,3,0.6
523,13,0.0,4,0.8
524,13,0.0,5,0.8
525,13,0.0,6,0.6
526,13,0.0,7,0.6
527,13,0.0,8,0.6
528,13,0.0,9,0.6
529,13,0.0,10,0.6
530,13,0.0,11,0.6
531,13,0.0,12,0.6
532,13,0.0,13,0.6
533,13,0.0,14,0.6
534,13,0.0,15,0.6
535,13,0.0,16,0.6
536,13,0.0,17,0.6
537,13,0.0,18,0.4
538,13,0.0,19,0.4
539,13,0.0,20,0.4
540,13,0.0,21,0.4
541,13,0.0,22,0.4
542,13,0.0,23,0.8
543,13,0.0,24,0.8
544,13,0.0,25,0.8
545,13,0.0,26,0.8
546,13,0.0,27,0.8
547,13,0.0,28,0.8
548,13,0.0,29,0.8
549,13,0.0,30,0.8
550,13,0.0,31,0.8
551,13,0.0,32,0.8
552,13,0.0,33,0.8
553,13,0.0,34,0.8
554,13,0.0,35,0.8
555,13,0.0,36,0.8
556,13,0.0,37,0.8
557,13,0.0,38,0.8
558,13,0.0,39,0.8
559,13,0.0,40,0.8
560,14,0.0,1,0.6
561,14,0.0,2,0.8
562,14,0.0,3,0.6
563,14,0.0,4,0.8
564,14,0.0,5,0.6
565,14,0.0,6,0.6
566,14,0.0,7,0.6
567,14,0.0,8,0.8
568,14,0.0,9,0.8
569,14,0.0,10,0.8
570,14,0.0,11,0.8
571,14,0.0,12,0.8
572,14,0.0,13,0.6
573,14,0.0,14,0.6
574,14,0.0,15,0.6
575,14,0.0,16,0.8
576,14,0.0,17,0.8
577,14,0.0,18,0.8
578,14,0.0,19,0.8
579,14,0.0,20,0.8
580,14,0.0,21,0.8
581,14,0.0,22,0.8
582,14,0.0,23,0.8
583,14,0.0,24,0.8
584,14,0.0,25,0.8
585,14,0.0,26,0.8
586,14,0.0,27,0.8
587,14,0.0,28,0.8
588,14,0.0,29,0.8
589,14,0.0,30,0.8
590,14,0.0,31,0.8
591,14,0.0,32,0.8
592,14,0.0,33,0.8
593,14,0.0,34,0.8
594,14,0.0,35,0.8
595,14,0.0,36,0.8
596,14,0.0,37,0.8
597,14,0.0,38,0.8
598,14,0.0,39,0.8
599,14,0.0,40,0.8
600,15,0.0,1,0.0
601,15,0.0,2,0.4
602,15,0.0,3,0.6
603,15,0.0,4,0.6
604,15,0.0,5,0.4
605,15,0.0,6,0.6
606,15,0.0,7,0.8
607,15,0.0,8,0.8
608,15,0.0,9,0.6
609,15,0.0,10,0.8
610,15,0.0,11,0.8
611,15,0.0,12,0.8
612,15,0.0,13,0.6
613,15,0.0,14,0.8
614,15,0.0,15,1.0
615,15,0.0,16,0.8
616,15,0.0,17,0.8
617,15,0.0,18,1.0
618,15,0.0,19,1.0
619,15,0.0,20,1.0
620,15,0.0,21,1.0
621,15,0.0,22,1.0
622,15,0.0,23,1.0
623,15,0.0,24,1.0
624,15,0.0,25,1.0
625,15,0.0,26,1.0
626,15,0.0,27,1.0
627,15,0.0,28,1.0
628,15,0.0,29,1.0
629,15,0.0,30,1.0
630,15,0.0,31,1.0
631,15,0.0,32,1.0
632,15,0.0,33,1.0
633,15,0.0,34,1.0
634,15,0.0,35,1.0
635,15,0.0,36,1.0
636,15,0.0,37,1.0
637,15,0.0,38,1.0
638,15,0.0,39,1.0
639,15,0.0,40,1.0
640,16,0.0,1,1.0
641,16,0.0,2,1.0
642,16,0.0,3,1.0
643,16,0.0,4,0.6
644,16,0.0,5,1.0
645,16,0.0,6,1.0
646,16,0.0,7,0.8
647,16,0.0,8,0.8
648,16,0.0,9,0.8
649,16,0.0,10,0.8
650,16,0.0,11,0.8
651,16,0.0,12,0.8
652,16,0.0,13,0.8
653,16,0.0,14,0.8
654,16,0.0,15,0.8
655,16,0.0,16,0.8
656,16,0.0,17,0.8
657,16,0.0,18,0.8
658,16,0.0,19,0.8
659,16,0.0,20,0.8
660,16,0.0,21,1.0
661,16,0.0,22,1.0
662,16,0.0,23,1.0
663,16,0.0,24,1.0
664,16,0.0,25,1.0
665,16,0.0,26,1.0
666,16,0.0,27,1.0
667,16,0.0,28,0.8
668,16,0.0,29,1.0
669,16,0.0,30,1.0
670,16,0.0,31,1.0
671,16,0.0,32,1.0
672,16,0.0,33,1.0
673,16,0.0,34,1.0
674,16,0.0,35,1.0
675,16,0.0,36,1.0
676,16,0.0,37,1.0
677,16,0.0,38,1.0
678,16,0.0,39,1.0
679,16,0.0,40,1.0
680,17,0.0,1,0.0
681,17,0.0,2,0.4
682,17,0.0,3,0.2
683,17,0.0,4,0.6
684,17,0.0,5,0.4
685,17,0.0,6,0.4
686,17,0.0,7,0.4
687,17,0.0,8,0.6
688,17,0.0,9,0.6
689,17,0.0,10,0.6
690,17,0.0,11,0.6
691,17,0.0,12,0.6
692,17,0.0,13,0.6
693,17,0.0,14,0.6
694,17,0.0,15,0.6
695,17,0.0,16,0.6
696,17,0.0,17,0.6
697,17,0.0,18,0.6
698,17,0.0,19,0.6
699,17,0.0,20,0.6
700,17,0.0,21,0.6
701,17,0.0,22,0.6
702,17,0.0,23,0.6
703,17,0.0,24,0.6
704,17,0.0,25,0.8
705,17,0.0,26,0.6
706,17,0.0,27,0.6
707,17,0.0,28,0.6
708,17,0.0,29,0.6
709,17,0.0,30,0.6
710,17,0.0,31,0.6
711,17,0.0,32,0.6
712,17,0.0,33,0.6
713,17,0.0,34,0.6
714,17,0.0,35,0.6
715,17,0.0,36,0.6
716,17,0.0,37,0.6
717,17,0.0,38,0.6
718,17,0.0,39,0.6
719,17,0.0,40,0.6
720,18,0.0,1,1.0
721,18,0.0,2,1.0
722,18,0.0,3,1.0
723,18,0.0,4,1.0
724,18,0.0,5,0.8
725,18,0.0,6,0.8
726,18,0.0,7,1.0
727,18,0.0,8,1.0
728,18,0.0,9,1.0
729,18,0.0,10,1.0
730,18,0.0,11,1.0
731,18,0.0,12,1.0
732,18,0.0,13,1.0
733,18,0.0,14,1.0
734,18,0.0,15,1.0
735,18,0.0,16,1.0
736,18,0.0,17,1.0
737,18,0.0,18,1.0
738,18,0.0,19,1.0
739,18,0.0,20,1.0
740,18,0.0,21,1.0
741,18,0.0,22,1.0
742,18,0.0,23,1.0
743,18,0.0,24,1.0
744,18,0.0,25,1.0
745,18,0.0,26,0.8
746,18,0.0,27,0.8
747,18,0.0,28,0.8
748,18,0.0,29,0.8
749,18,0.0,30,0.8
750,18,0.0,31,0.8
751,18,0.0,32,0.8
752,18,0.0,33,1.0
753,18,0.0,34,1.0
754,18,0.0,35,1.0
755,18,0.0,36,1.0
756,18,0.0,37,1.0
757,18,0.0,38,1.0
758,18,0.0,39,1.0
759,18,0.0,40,1.0
760,19,0.0,1,0.8
761,19,0.0,2,1.0
762,19,0.0,3,1.0
763,19,0.0,4,0.8
764,19,0.0,5,1.0
765,19,0.0,6,0.8
766,19,0.0,7,0.8
767,19,0.0,8,0.8
768,19,0.0,9,0.8
769,19,0.0,10,1.0
770,19,0.0,11,0.8
771,19,0.0,12,1.0
772,19,0.0,13,1.0
773,19,0.0,14,0.8
774,19,0.0,15,0.8
775,19,0.0,16,0.8
776,19,0.0,17,0.8
777,19,0.0,18,1.0
778,19,0.0,19,1.0
779,19,0.0,20,1.0
780,19,0.0,21,0.8
781,19,0.0,22,1.0
782,19,0.0,23,1.0
783,19,0.0,24,1.0
784,19,0.0,25,1.0
785,19,0.0,26,0.8
786,19,0.0,27,0.8
787,19,0.0,28,1.0
788,19,0.0,29,1.0
789,19,0.0,30,1.0
790,19,0.0,31,1.0
791,19,0.0,32,1.0
792,19,0.0,33,1.0
793,19,0.0,34,1.0
794,19,0.0,35,1.0
795,19,0.0,36,1.0
796,19,0.0,37,1.0
797,19,0.0,38,1.0
798,19,0.0,39,1.0
799,19,0.0,40,1.0
800,20,0.0,1,0.6
801,20,0.0,2,0.4
802,20,0.0,3,0.6
803,20,0.0,4,1.0
804,20,0.0,5,0.8
805,20,0.0,6,0.6
806,20,0.0,7,0.6
807,20,0.0,8,0.8
808,20,0.0,9,0.8
809,20,0.0,10,0.8
810,20,0.0,11,0.8
811,20,0.0,12,0.8
812,20,0.0,13,0.8
813,20,0.0,14,0.8
814,20,0.0,15,0.6
815,20,0.0,16,0.6
816,20,0.0,17,0.6
817,20,0.0,18,0.6
818,20,0.0,19,1.0
819,20,0.0,20,1.0
820,20,0.0,21,1.0
821,20,0.0,22,1.0
822,20,0.0,23,1.0
823,20,0.0,24,1.0
824,20,0.0,25,1.0
825,20,0.0,26,1.0
826,20,0.0,27,1.0
827,20,0.0,28,1.0
828,20,0.0,29,1.0
829,20,0.0,30,1.0
830,20,0.0,31,1.0
831,20,0.0,32,1.0
832,20,0.0,33,1.0
833,20,0.0,34,1.0
834,20,0.0,35,1.0
835,20,0.0,36,1.0
836,20,0.0,37,1.0
837,20,0.0,38,1.0
838,20,0.0,39,1.0
839,20,0.0,40,1.0
840,21,0.0,1,0.8
841,21,0.0,2,0.8
842,21,0.0,3,0.8
843,21,0.0,4,0.8
844,21,0.0,5,1.0
845,21,0.0,6,1.0
846,21,0.0,7,0.8
847,21,0.0,8,1.0
848,21,0.0,9,0.8
849,21,0.0,10,0.8
850,21,0.0,11,0.8
851,21,0.0,12,0.8
852,21,0.0,13,1.0
853,21,0.0,14,0.8
854,21,0.0,15,0.8
855,21,0.0,16,0.8
856,21,0.0,17,0.8
857,21,0.0,18,0.8
858,21,0.0,19,0.8
859,21,0.0,20,0.8
860,21,0.0,21,0.8
861,21,0.0,22,0.8
862,21,0.0,23,0.8
863,21,0.0,24,0.8
864,21,0.0,25,0.8
865,21,0.0,26,0.8
866,21,0.0,27,0.8
867,21,0.0,28,0.8
868,21,0.0,29,0.8
869,21,0.0,30,1.0
870,21,0.0,31,1.0
871,21,0.0,32,1.0
872,21,0.0,33,1.0
873,21,0.0,34,1.0
874,21,0.0,35,1.0
875,21,0.0,36,1.0
876,21,0.0,37,1.0
877,21,0.0,38,1.0
878,21,0.0,39,1.0
879,21,0.0,40,1.0
880,22,0.0,1,0.6
881,22,0.0,2,0.6
882,22,0.0,3,0.6
883,22,0.0,4,1.0
884,22,0.0,5,1.0
885,22,0.0,6,1.0
886,22,0.0,7,1.0
887,22,0.0,8,1.0
888,22,0.0,9,1.0
889,22,0.0,10,1.0
890,22,0.0,11,1.0
891,22,0.0,12,1.0
892,22,0.0,13,1.0
893,22,0.0,14,1.0
894,22,0.0,15,0.8
895,22,0.0,16,0.8
896,22,0.0,17,0.8
897,22,0.0,18,0.8
898,22,0.0,19,0.8
899,22,0.0,20,0.8
900,22,0.0,21,0.8
901,22,0.0,22,0.8
902,22,0.0,23,0.8
903,22,0.0,24,1.0
904,22,0.0,25,1.0
905,22,0.0,26,1.0
906,22,0.0,27,1.0
907,22,0.0,28,1.0
908,22,0.0,29,1.0
909,22,0.0,30,1.0
910,22,0.0,31,1.0
911,22,0.0,32,1.0
912,22,0.0,33,1.0
913,22,0.0,34,1.0
914,22,0.0,35,1.0
915,22,0.0,36,1.0
916,22,0.0,37,1.0
917,22,0.0,38,1.0
918,22,0.0,39,1.0
919,22,0.0,40,1.0
920,23,0.0,1,0.6
921,23,0.0,2,0.6
922,23,0.0,3,0.8
923,23,0.0,4,0.8
924,23,0.0,5,0.8
925,23,0.0,6,0.8
926,23,0.0,7,0.4
927,23,0.0,8,0.6
928,23,0.0,9,0.8
929,23,0.0,10,0.8
930,23,0.0,11,0.8
931,23,0.0,12,0.8
932,23,0.0,13,0.8
933,23,0.0,14,0.8
934,23,0.0,15,0.8
935,23,0.0,16,0.8
936,23,0.0,17,0.8
937,23,0.0,18,0.8
938,23,0.0,19,0.8
939,23,0.0,20,0.8
940,23,0.0,21,0.6
941,23,0.0,22,0.6
942,23,0.0,23,0.6
943,23,0.0,24,0.6
944,23,0.0,25,0.6
945,23,0.0,26,0.6
946,23,0.0,27,0.6
947,23,0.0,28,0.6
948,23,0.0,29,1.0
949,23,0.0,30,1.0
950,23,0.0,31,1.0
951,23,0.0,32,1.0
952,23,0.0,33,1.0
953,23,0.0,34,0.8
954,23,0.0,35,0.8
955,23,0.0,36,0.8
956,23,0.0,37,0.8
957,23,0.0,38,0.8
958,23,0.0,39,0.8
959,23,0.0,40,0.8
960,24,0.0,1,0.0
961,24,0.0,2,0.4
962,24,0.0,3,0.4
963,24,0.0,4,0.8
964,24,0.0,5,0.8
965,24,0.0,6,0.8
966,24,0.0,7,0.8
967,24,0.0,8,0.8
968,24,0.0,9,0.8
969,24,0.0,10,0.8
970,24,0.0,11,0.8
971,24,0.0,12,0.8
972,24,0.0,13,0.8
973,24,0.0,14,0.8
974,24,0.0,15,0.8
975,24,0.0,16,0.8
976,24,0.0,17,0.8
977,24,0.0,18,0.8
978,24,0.0,19,0.8
979,24,0.0,20,0.8
980,24,0.0,21,0.8
981,24,0.0,22,0.8
982,24,0.0,23,0.8
983,24,0.0,24,0.8
984,24,0.0,25,0.8
985,24,0.0,26,0.8
986,24,0.0,27,0.8
987,24,0.0,28,0.8
988,24,0.0,29,0.8
989,24,0.0,30,0.8
990,24,0.0,31,0.8
991,24,0.0,32,0.8
992,24,0.0,33,0.8
993,24,0.0,34,0.8
994,24,0.0,35,0.8
995,24,0.0,36,0.8
996,24,0.0,37,0.8
997,24,0.0,38,0.8
998,24,0.0,39,0.8
999,24,0.0,40,0.8
1000,25,0.0,1,1.0
1001,25,0.0,2,1.0
1002,25,0.0,3,1.0
1003,25,0.0,4,1.0
1004,25,0.0,5,0.8
1005,25,0.0,6,0.8
1006,25,0.0,7,0.8
1007,25,0.0,8,0.8
1008,25,0.0,9,0.6
1009,25,0.0,10,1.0
1010,25,0.0,11,0.8
1011,25,0.0,12,0.8
1012,25,0.0,13,0.8
1013,25,0.0,14,0.6
1014,25,0.0,15,0.8
1015,25,0.0,16,0.8
1016,25,0.0,17,0.8
1017,25,0.0,18,0.8
1018,25,0.0,19,0.8
1019,25,0.0,20,1.0
1020,25,0.0,21,0.8
1021,25,0.0,22,0.8
1022,25,0.0,23,1.0
1023,25,0.0,24,1.0
1024,25,0.0,25,1.0
1025,25,0.0,26,1.0
1026,25,0.0,27,1.0
1027,25,0.0,28,1.0
1028,25,0.0,29,1.0
1029,25,0.0,30,1.0
1030,25,0.0,31,1.0
1031,25,0.0,32,1.0
1032,25,0.0,33,0.8
1033,25,0.0,34,0.8
1034,25,0.0,35,0.8
1035,25,0.0,36,0.8
1036,25,0.0,37,1.0
1037,25,0.0,38,1.0
1038,25,0.0,39,1.0
1039,25,0.0,40,1.0
1040,26,0.0,1,0.0
1041,26,0.0,2,0.2
1042,26,0.0,3,0.0
1043,26,0.0,4,0.2
1044,26,0.0,5,0.0
1045,26,0.0,6,0.2
1046,26,0.0,7,0.4
1047,26,0.0,8,0.4
1048,26,0.0,9,0.6
1049,26,0.0,10,0.4
1050,26,0.0,11,0.6
1051,26,0.0,12,0.6
1052,26,0.0,13,0.8
1053,26,0.0,14,0.8
1054,26,0.0,15,1.0
1055,26,0.0,16,0.8
1056,26,0.0,17,1.0
1057,26,0.0,18,0.8
1058,26,0.0,19,0.8
1059,26,0.0,20,0.8
1060,26,0.0,21,0.8
1061,26,0.0,22,0.8
1062,26,0.0,23,0.8
1063,26,0.0,24,0.8
1064,26,0.0,25,0.8
1065,26,0.0,26,0.8
1066,26,0.0,27,0.8
1067,26,0.0,28,0.8
1068,26,0.0,29,0.8
1069,26,0.0,30,0.8
1070,26,0.0,31,0.8
1071,26,0.0,32,0.8
1072,26,0.0,33,0.8
1073,26,0.0,34,0.8
1074,26,0.0,35,0.8
1075,26,0.0,36,0.8
1076,26,0.0,37,0.8
1077,26,0.0,38,0.8
1078,26,0.0,39,0.8
1079,26,0.0,40,0.8
1080,27,0.0,1,1.0
1081,27,0.0,2,1.0
1082,27,0.0,3,1.0
1083,27,0.0,4,1.0
1084,27,0.0,5,1.0
1085,27,0.0,6,1.0
1086,27,0.0,7,1.0
1087,27,0.0,8,1.0
1088,27,0.0,9,1.0
1089,27,0.0,10,1.0
1090,27,0.0,11,1.0
1091,27,0.0,12,1.0
1092,27,0.0,13,0.8
1093,27,0.0,14,1.0
1094,27,0.0,15,0.8
1095,27,0.0,16,0.8
1096,27,0.0,17,1.0
1097,27,0.0,18,1.0
1098,27,0.0,19,1.0
1099,27,0.0,20,1.0
1100,27,0.0,21,1.0
1101,27,0.0,22,1.0
1102,27,0.0,23,1.0
1103,27,0.0,24,1.0
1104,27,0.0,25,1.0
1105,27,0.0,26,0.8
1106,27,0.0,27,0.8
1107,27,0.0,28,0.8
1108,27,0.0,29,0.8
1109,27,0.0,30,1.0
1110,27,0.0,31,1.0
1111,27,0.0,32,1.0
1112,27,0.0,33,1.0
1113,27,0.0,34,1.0
1114,27,0.0,35,1.0
1115,27,0.0,36,1.0
1116,27,0.0,37,1.0
1117,27,0.0,38,1.0
1118,27,0.0,39,1.0
1119,27,0.0,40,1.0
1120,28,0.0,1,0.8
1121,28,0.0,2,0.8
1122,28,0.0,3,0.8
1123,28,0.0,4,0.8
1124,28,0.0,5,0.8
1125,28,0.0,6,0.8
1126,28,0.0,7,0.8
1127,28,0.0,8,0.8
1128,28,0.0,9,0.8
1129,28,0.0,10,0.6
1130,28,0.0,11,0.6
1131,28,0.0,12,0.6
1132,28,0.0,13,0.6
1133,28,0.0,14,0.6
1134,28,0.0,15,0.6
1135,28,0.0,16,0.6
1136,28,0.0,17,0.6
1137,28,0.0,18,0.8
1138,28,0.0,19,1.0
1139,28,0.0,20,1.0
1140,28,0.0,21,1.0
1141,28,0.0,22,1.0
1142,28,0.0,23,1.0
1143,28,0.0,24,1.0
1144,28,0.0,25,0.8
1145,28,0.0,26,1.0
1146,28,0.0,27,1.0
1147,28,0.0,28,1.0
1148,28,0.0,29,1.0
1149,28,0.0,30,1.0
1150,28,0.0,31,1.0
1151,28,0.0,32,1.0
1152,28,0.0,33,1.0
1153,28,0.0,34,1.0
1154,28,0.0,35,1.0
1155,28,0.0,36,1.0
1156,28,0.0,37,1.0
1157,28,0.0,38,1.0
1158,28,0.0,39,1.0
1159,28,0.0,40,1.0
1160,29,0.0,1,0.6
1161,29,0.0,2,0.6
1162,29,0.0,3,0.8
1163,29,0.0,4,0.8
1164,29,0.0,5,0.8
1165,29,0.0,6,0.8
1166,29,0.0,7,0.6
1167,29,0.0,8,0.8
1168,29,0.0,9,0.6
1169,29,0.0,10,0.8
1170,29,0.0,11,0.8
1171,29,0.0,12,0.6
1172,29,0.0,13,0.6
1173,29,0.0,14,0.6
1174,29,0.0,15,0.6
1175,29,0.0,16,0.6
1176,29,0.0,17,0.6
1177,29,0.0,18,0.6
1178,29,0.0,19,0.6
1179,29,0.0,20,0.6
1180,29,0.0,21,0.6
1181,29,0.0,22,0.4
1182,29,0.0,23,0.6
1183,29,0.0,24,0.8
1184,29,0.0,25,0.8
1185,29,0.0,26,0.6
1186,29,0.0,27,0.6
1187,29,0.0,28,1.0
1188,29,0.0,29,0.8
1189,29,0.0,30,0.8
1190,29,0.0,31,0.6
1191,29,0.0,32,0.6
1192,29,0.0,33,0.8
1193,29,0.0,34,0.8
1194,29,0.0,35,0.6
1195,29,0.0,36,0.6
1196,29,0.0,37,0.8
1197,29,0.0,38,0.8
1198,29,0.0,39,0.8
1199,29,0.0,40,0.8
1200,30,0.0,1,0.8
1201,30,0.0,2,0.8
1202,30,0.0,3,0.8
1203,30,0.0,4,0.8
1204,30,0.0,5,0.8
1205,30,0.0,6,0.6
1206,30,0.0,7,0.6
1207,30,0.0,8,0.4
1208,30,0.0,9,0.8
1209,30,0.0,10,0.8
1210,30,0.0,11,0.8
1211,30,0.0,12,0.6
1212,30,0.0,13,0.8
1213,30,0.0,14,0.8
1214,30,0.0,15,0.8
1215,30,0.0,16,0.8
1216,30,0.0,17,0.8
1217,30,0.0,18,0.8
1218,30,0.0,19,0.8
1219,30,0.0,20,0.8
1220,30,0.0,21,0.8
1221,30,0.0,22,0.8
1222,30,0.0,23,0.8
1223,30,0.0,24,0.8
1224,30,0.0,25,0.8
1225,30,0.0,26,0.8
1226,30,0.0,27,1.0
1227,30,0.0,28,1.0
1228,30,0.0,29,1.0
1229,30,0.0,30,1.0
1230,30,0.0,31,1.0
1231,30,0.0,32,1.0
1232,30,0.0,33,0.8
1233,30,0.0,34,1.0
1234,30,0.0,35,1.0
1235,30,0.0,36,1.0
1236,30,0.0,37,1.0
1237,30,0.0,38,1.0
1238,30,0.0,39,1.0
1239,30,0.0,40,1.0
1240,31,0.0,1,0.6
1241,31,0.0,2,0.6
1242,31,0.0,3,0.6
1243,31,0.0,4,0.6
1244,31,0.0,5,0.4
1245,31,0.0,6,0.8
1246,31,0.0,7,1.0
1247,31,0.0,8,1.0
1248,31,0.0,9,1.0
1249,31,0.0,10,1.0
1250,31,0.0,11,0.8
1251,31,0.0,12,0.8
1252,31,0.0,13,0.8
1253,31,0.0,14,0.8
1254,31,0.0,15,1.0
1255,31,0.0,16,0.8
1256,31,0.0,17,1.0
1257,31,0.0,18,0.8
1258,31,0.0,19,0.8
1259,31,0.0,20,0.8
1260,31,0.0,21,0.8
1261,31,0.0,22,0.8
1262,31,0.0,23,0.8
1263,31,0.0,24,0.8
1264,31,0.0,25,0.8
1265,31,0.0,26,0.8
1266,31,0.0,27,0.8
1267,31,0.0,28,0.8
1268,31,0.0,29,0.8
1269,31,0.0,30,0.8
1270,31,0.0,31,0.8
1271,31,0.0,32,0.8
1272,31,0.0,33,0.8
1273,31,0.0,34,0.8
1274,31,0.0,35,0.8
1275,31,0.0,36,0.8
1276,31,0.0,37,0.8
1277,31,0.0,38,0.8
1278,31,0.0,39,0.8
1279,31,0.0,40,0.8
1280,32,0.0,1,0.6
1281,32,0.0,2,0.6
1282,32,0.0,3,0.8
1283,32,0.0,4,1.0
1284,32,0.0,5,1.0
1285,32,0.0,6,0.8
1286,32,0.0,7,0.8
1287,32,0.0,8,1.0
1288,32,0.0,9,0.8
1289,32,0.0,10,0.6
1290,32,0.0,11,0.6
1291,32,0.0,12,0.6
1292,32,0.0,13,0.6
1293,32,0.0,14,0.8
1294,32,0.0,15,0.8
1295,32,0.0,16,0.8
1296,32,0.0,17,0.8
1297,32,0.0,18,0.8
1298,32,0.0,19,0.6
1299,32,0.0,20,0.6
1300,32,0.0,21,0.6
1301,32,0.0,22,0.6
1302,32,0.0,23,0.6
1303,32,0.0,24,0.6
1304,32,0.0,25,0.4
1305,32,0.0,26,0.4
1306,32,0.0,27,0.6
1307,32,0.0,28,0.6
1308,32,0.0,29,0.4
1309,32,0.0,30,0.6
1310,32,0.0,31,0.8
1311,32,0.0,32,0.8
1312,32,0.0,33,0.8
1313,32,0.0,34,0.8
1314,32,0.0,35,0.8
1315,32,0.0,36,0.8
1316,32,0.0,37,0.8
1317,32,0.0,38,1.0
1318,32,0.0,39,1.0
1319,32,0.0,40,1.0
1320,33,0.0,1,0.0
1321,33,0.0,2,0.2
1322,33,0.0,3,0.8
1323,33,0.0,4,0.8
1324,33,0.0,5,0.6
1325,33,0.0,6,0.6
1326,33,0.0,7,0.6
1327,33,0.0,8,0.4
1328,33,0.0,9,0.4
1329,33,0.0,10,0.4
1330,33,0.0,11,0.4
1331,33,0.0,12,0.4
1332,33,0.0,13,0.6
1333,33,0.0,14,0.6
1334,33,0.0,15,0.6
1335,33,0.0,16,0.6
1336,33,0.0,17,0.8
1337,33,0.0,18,0.8
1338,33,0.0,19,0.8
1339,33,0.0,20,0.8
1340,33,0.0,21,0.8
1341,33,0.0,22,0.8
1342,33,0.0,23,0.8
1343,33,0.0,24,0.8
1344,33,0.0,25,0.8
1345,33,0.0,26,0.8
1346,33,0.0,27,0.8
1347,33,0.0,28,0.8
1348,33,0.0,29,0.8
1349,33,0.0,30,0.8
1350,33,0.0,31,0.8
1351,33,0.0,32,0.8
1352,33,0.0,33,0.8
1353,33,0.0,34,0.8
1354,33,0.0,35,0.8
1355,33,0.0,36,0.8
1356,33,0.0,37,0.8
1357,33,0.0,38,0.8
1358,33,0.0,39,0.8
1359,33,0.0,40,0.8
1360,34,0.0,1,1.0
1361,34,0.0,2,1.0
1362,34,0.0,3,1.0
1363,34,0.0,4,1.0
1364,34,0.0,5,0.6
1365,34,0.0,6,0.8
1366,34,0.0,7,1.0
1367,34,0.0,8,0.8
1368,34,0.0,9,1.0
1369,34,0.0,10,0.8
1370,34,0.0,11,0.8
1371,34,0.0,12,0.8
1372,34,0.0,13,0.8
1373,34,0.0,14,0.8
1374,34,0.0,15,1.0
1375,34,0.0,16,0.8
1376,34,0.0,17,1.0
1377,34,0.0,18,0.8
1378,34,0.0,19,1.0
1379,34,0.0,20,1.0
1380,34,0.0,21,1.0
1381,34,0.0,22,1.0
1382,34,0.0,23,0.8
1383,34,0.0,24,0.8
1384,34,0.0,25,0.8
1385,34,0.0,26,0.8
1386,34,0.0,27,1.0
1387,34,0.0,28,1.0
1388,34,0.0,29,1.0
1389,34,0.0,30,1.0
1390,34,0.0,31,1.0
1391,34,0.0,32,1.0
1392,34,0.0,33,1.0
1393,34,0.0,34,1.0
1394,34,0.0,35,1.0
1395,34,0.0,36,1.0
1396,34,0.0,37,1.0
1397,34,0.0,38,1.0
1398,34,0.0,39,1.0
1399,34,0.0,40,1.0
1400,35,0.0,1,0.0
1401,35,0.0,2,0.8
1402,35,0.0,3,1.0
1403,35,0.0,4,1.0
1404,35,0.0,5,1.0
1405,35,0.0,6,1.0
1406,35,0.0,7,1.0
1407,35,0.0,8,0.8
1408,35,0.0,9,1.0
1409,35,0.0,10,1.0
1410,35,0.0,11,1.0
1411,35,0.0,12,1.0
1412,35,0.0,13,1.0
1413,35,0.0,14,1.0
1414,35,0.0,15,1.0
1415,35,0.0,16,1.0
1416,35,0.0,17,1.0
1417,35,0.0,18,1.0
1418,35,0.0,19,1.0
1419,35,0.0,20,1.0
1420,35,0.0,21,1.0
1421,35,0.0,22,1.0
1422,35,0.0,23,1.0
1423,35,0.0,24,1.0
1424,35,0.0,25,1.0
1425,35,0.0,26,1.0
1426,35,0.0,27,1.0
1427,35,0.0,28,1.0
1428,35,0.0,29,1.0
1429,35,0.0,30,1.0
1430,35,0.0,31,1.0
1431,35,0.0,32,1.0
1432,35,0.0,33,1.0
1433,35,0.0,34,1.0
1434,35,0.0,35,1.0
1435,35,0.0,36,1.0
1436,35,0.0,37,1.0
1437,35,0.0,38,1.0
1438,35,0.0,39,1.0
1439,35,0.0,40,1.0
1440,36,0.0,1,1.0
1441,36,0.0,2,1.0
1442,36,0.0,3,1.0
1443,36,0.0,4,1.0
1444,36,0.0,5,1.0
1445,36,0.0,6,1.0
1446,36,0.0,7,0.8
1447,36,0.0,8,0.8
1448,36,0.0,9,0.8
1449,36,0.0,10,0.8
1450,36,0.0,11,0.8
1451,36,0.0,12,0.8
1452,36,0.0,13,0.8
1453,36,0.0,14,0.8
1454,36,0.0,15,1.0
1455,36,0.0,16,1.0
1456,36,0.0,17,1.0
1457,36,0.0,18,1.0
1458,36,0.0,19,1.0
1459,36,0.0,20,0.8
1460,36,0.0,21,0.8
1461,36,0.0,22,0.8
1462,36,0.0,23,0.8
1463,36,0.0,24,0.8
1464,36,0.0,25,0.6
1465,36,0.0,26,0.6
1466,36,0.0,27,0.6
1467,36,0.0,28,0.6
1468,36,0.0,29,0.6
1469,36,0.0,30,0.8
1470,36,0.0,31,0.8
1471,36,0.0,32,0.8
1472,36,0.0,33,0.8
1473,36,0.0,34,0.8
1474,36,0.0,35,0.8
1475,36,0.0,36,0.8
1476,36,0.0,37,0.8
1477,36,0.0,38,0.8
1478,36,0.0,39,0.8
1479,36,0.0,40,0.8
1480,37,0.0,1,0.8
1481,37,0.0,2,0.8
1482,37,0.0,3,0.8
1483,37,0.0,4,0.8
1484,37,0.0,5,0.6
1485,37,0.0,6,0.6
1486,37,0.0,7,0.6
1487,37,0.0,8,0.6
1488,37,0.0,9,0.6
1489,37,0.0,10,0.6
1490,37,0.0,11,0.6
1491,37,0.0,12,0.8
1492,37,0.0,13,0.8
1493,37,0.0,14,0.8
1494,37,0.0,15,0.8
1495,37,0.0,16,0.8
1496,37,0.0,17,0.8
1497,37,0.0,18,0.8
1498,37,0.0,19,0.8
1499,37,0.0,20,0.8
1500,37,0.0,21,0.8
1501,37,0.0,22,0.8
1502,37,0.0,23,0.8
1503,37,0.0,24,0.8
1504,37,0.0,25,0.8
1505,37,0.0,26,0.8
1506,37,0.0,27,0.6
1507,37,0.0,28,0.6
1508,37,0.0,29,0.6
1509,37,0.0,30,0.6
1510,37,0.0,31,0.6
1511,37,0.0,32,0.6
1512,37,0.0,33,0.6
1513,37,0.0,34,0.6
1514,37,0.0,35,0.6
1515,37,0.0,36,0.6
1516,37,0.0,37,0.6
1517,37,0.0,38,0.6
1518,37,0.0,39,0.6
1519,37,0.0,40,0.6
1520,38,0.0,1,0.6
1521,38,0.0,2,0.4
1522,38,0.0,3,0.4
1523,38,0.0,4,0.8
1524,38,0.0,5,0.8
1525,38,0.0,6,0.8
1526,38,0.0,7,0.6
1527,38,0.0,8,0.6
1528,38,0.0,9,0.8
1529,38,0.0,10,0.8
1530,38,0.0,11,0.8
1531,38,0.0,12,0.6
1532,38,0.0,13,0.8
1533,38,0.0,14,0.8
1534,38,0.0,15,0.8
1535,38,0.0,16,0.8
1536,38,0.0,17,0.6
1537,38,0.0,18,0.8
1538,38,0.0,19,0.8
1539,38,0.0,20,0.8
1540,38,0.0,21,0.8
1541,38,0.0,22,0.8
1542,38,0.0,23,0.8
1543,38,0.0,24,0.8
1544,38,0.0,25,0.8
1545,38,0.0,26,0.8
1546,38,0.0,27,0.8
1547,38,0.0,28,0.8
1548,38,0.0,29,0.8
1549,38,0.0,30,0.8
1550,38,0.0,31,0.8
1551,38,0.0,32,0.8
1552,38,0.0,33,0.8
1553,38,0.0,34,0.8
1554,38,0.0,35,0.8
1555,38,0.0,36,0.8
1556,38,0.0,37,0.8
1557,38,0.0,38,0.8
1558,38,0.0,39,0.8
1559,38,0.0,40,0.8
1560,39,0.0,1,0.8
1561,39,0.0,2,0.8
1562,39,0.0,3,0.8
1563,39,0.0,4,0.8
1564,39,0.0,5,0.8
1565,39,0.0,6,1.0
1566,39,0.0,7,1.0
1567,39,0.0,8,1.0
1568,39,0.0,9,1.0
1569,39,0.0,10,1.0
1570,39,0.0,11,1.0
1571,39,0.0,12,1.0
1572,39,0.0,13,1.0
1573,39,0.0,14,1.0
1574,39,0.0,15,1.0
1575,39,0.0,16,1.0
1576,39,0.0,17,1.0
1577,39,0.0,18,1.0
1578,39,0.0,19,1.0
1579,39,0.0,20,1.0
1580,39,0.0,21,1.0
1581,39,0.0,22,1.0
1582,39,0.0,23,1.0
1583,39,0.0,24,1.0
1584,39,0.0,25,1.0
1585,39,0.0,26,1.0
1586,39,0.0,27,1.0
1587,39,0.0,28,1.0
1588,39,0.0,29,1.0
1589,39,0.0,30,1.0
1590,39,0.0,31,1.0
1591,39,0.0,32,1.0
1592,39,0.0,33,1.0
1593,39,0.0,34,1.0
1594,39,0.0,35,1.0
1595,39,0.0,36,1.0
1596,39,0.0,37,1.0
1597,39,0.0,38,1.0
1598,39,0.0,39,1.0
1599,39,0.0,40,1.0
1600,40,0.0,1,0.6
1601,40,0.0,2,0.4
1602,40,0.0,3,0.8
1603,40,0.0,4,0.8
1604,40,0.0,5,0.8
1605,40,0.0,6,0.8
1606,40,0.0,7,1.0
1607,40,0.0,8,0.8
1608,40,0.0,9,1.0
1609,40,0.0,10,1.0
1610,40,0.0,11,1.0
1611,40,0.0,12,1.0
1612,40,0.0,13,1.0
1613,40,0.0,14,1.0
1614,40,0.0,15,0.8
1615,40,0.0,16,0.8
1616,40,0.0,17,0.8
1617,40,0.0,18,0.8
1618,40,0.0,19,0.8
1619,40,0.0,20,0.8
1620,40,0.0,21,0.8
1621,40,0.0,22,0.8
1622,40,0.0,23,0.8
1623,40,0.0,24,0.8
1624,40,0.0,25,0.6
1625,40,0.0,26,0.6
1626,40,0.0,27,0.6
1627,40,0.0,28,0.6
1628,40,0.0,29,0.6
1629,40,0.0,30,0.8
1630,40,0.0,31,0.8
1631,40,0.0,32,0.8
1632,40,0.0,33,0.8
1633,40,0.0,34,1.0
1634,40,0.0,35,0.8
1635,40,0.0,36,0.8
1636,40,0.0,37,0.8
1637,40,0.0,38,1.0
1638,40,0.0,39,1.0
1639,40,0.0,40,1.0
1640,41,0.0,1,0.6
1641,41,0.0,2,0.6
1642,41,0.0,3,0.6
1643,41,0.0,4,0.6
1644,41,0.0,5,0.4
1645,41,0.0,6,0.4
1646,41,0.0,7,0.6
1647,41,0.0,8,0.6
1648,41,0.0,9,0.6
1649,41,0.0,10,0.6
1650,41,0.0,11,0.4
1651,41,0.0,12,0.8
1652,41,0.0,13,0.8
1653,41,0.0,14,0.8
1654,41,0.0,15,0.8
1655,41,0.0,16,1.0
1656,41,0.0,17,1.0
1657,41,0.0,18,1.0
1658,41,0.0,19,1.0
1659,41,0.0,20,0.8
1660,41,0.0,21,1.0
1661,41,0.0,22,1.0
1662,41,0.0,23,0.6
1663,41,0.0,24,0.6
1664,41,0.0,25,0.8
1665,41,0.0,26,0.8
1666,41,0.0,27,0.8
1667,41,0.0,28,0.8
1668,41,0.0,29,0.8
1669,41,0.0,30,0.8
1670,41,0.0,31,0.8
1671,41,0.0,32,0.8
1672,41,0.0,33,0.8
1673,41,0.0,34,1.0
1674,41,0.0,35,0.8
1675,41,0.0,36,0.6
1676,41,0.0,37,0.6
1677,41,0.0,38,1.0
1678,41,0.0,39,1.0
1679,41,0.0,40,1.0
1680,42,0.0,1,0.0
1681,42,0.0,2,1.0
1682,42,0.0,3,0.8
1683,42,0.0,4,0.8
1684,42,0.0,5,0.8
1685,42,0.0,6,0.8
1686,42,0.0,7,0.8
1687,42,0.0,8,0.8
1688,42,0.0,9,0.8
1689,42,0.0,10,0.8
1690,42,0.0,11,0.8
1691,42,0.0,12,0.8
1692,42,0.0,13,0.8
1693,42,0.0,14,0.8
1694,42,0.0,15,0.8
1695,42,0.0,16,0.8
1696,42,0.0,17,0.8
1697,42,0.0,18,0.8
1698,42,0.0,19,0.8
1699,42,0.0,20,0.8
1700,42,0.0,21,0.8
1701,42,0.0,22,0.8
1702,42,0.0,23,0.8
1703,42,0.0,24,0.8
1704,42,0.0,25,0.8
1705,42,0.0,26,0.8
1706,42,0.0,27,0.8
1707,42,0.0,28,1.0
1708,42,0.0,29,0.8
1709,42,0.0,30,0.8
1710,42,0.0,31,0.8
1711,42,0.0,32,0.8
1712,42,0.0,33,0.8
1713,42,0.0,34,0.8
1714,42,0.0,35,0.8
1715,42,0.0,36,0.8
1716,42,0.0,37,0.8
1717,42,0.0,38,0.8
1718,42,0.0,39,0.8
1719,42,0.0,40,0.8
1720,43,0.0,1,1.0
1721,43,0.0,2,1.0
1722,43,0.0,3,1.0
1723,43,0.0,4,1.0
1724,43,0.0,5,1.0
1725,43,0.0,6,1.0
1726,43,0.0,7,1.0
1727,43,0.0,8,1.0
1728,43,0.0,9,1.0
1729,43,0.0,10,1.0
1730,43,0.0,11,1.0
1731,43,0.0,12,1.0
1732,43,0.0,13,1.0
1733,43,0.0,14,1.0
1734,43,0.0,15,1.0
1735,43,0.0,16,1.0
1736,43,0.0,17,1.0
1737,43,0.0,18,1.0
1738,43,0.0,19,1.0
1739,43,0.0,20,1.0
1740,43,0.0,21,1.0
1741,43,0.0,22,1.0
1742,43,0.0,23,1.0
1743,43,0.0,24,1.0
1744,43,0.0,25,1.0
1745,43,0.0,26,1.0
1746,43,0.0,27,1.0
1747,43,0.0,28,1.0
1748,43,0.0,29,1.0
1749,43,0.0,30,1.0
1750,43,0.0,31,1.0
1751,43,0.0,32,1.0
1752,43,0.0,33,1.0
1753,43,0.0,34,1.0
1754,43,0.0,35,1.0
1755,43,0.0,36,1.0
1756,43,0.0,37,1.0
1757,43,0.0,38,1.0
1758,43,0.0,39,1.0
1759,43,0.0,40,1.0
1760,44,0.0,1,0.0
1761,44,0.0,2,0.6
1762,44,0.0,3,0.6
1763,44,0.0,4,0.6
1764,44,0.0,5,0.6
1765,44,0.0,6,0.6
1766,44,0.0,7,1.0
1767,44,0.0,8,0.8
1768,44,0.0,9,0.8
1769,44,0.0,10,0.8
1770,44,0.0,11,0.8
1771,44,0.0,12,0.6
1772,44,0.0,13,0.6
1773,44,0.0,14,0.6
1774,44,0.0,15,0.6
1775,44,0.0,16,0.6
1776,44,0.0,17,0.6
1777,44,0.0,18,0.8
1778,44,0.0,19,0.8
1779,44,0.0,20,0.8
1780,44,0.0,21,0.8
1781,44,0.0,22,0.8
1782,44,0.0,23,0.8
1783,44,0.0,24,0.8
1784,44,0.0,25,0.8
1785,44,0.0,26,0.8
1786,44,0.0,27,0.8
1787,44,0.0,28,0.8
1788,44,0.0,29,0.8
1789,44,0.0,30,1.0
1790,44,0.0,31,0.8
1791,44,0.0,32,1.0
1792,44,0.0,33,1.0
1793,44,0.0,34,1.0
1794,44,0.0,35,1.0
1795,44,0.0,36,1.0
1796,44,0.0,37,1.0
1797,44,0.0,38,1.0
1798,44,0.0,39,1.0
1799,44,0.0,40,1.0
1800,45,0.0,1,1.0
1801,45,0.0,2,1.0
1802,45,0.0,3,1.0
1803,45,0.0,4,1.0
1804,45,0.0,5,1.0
1805,45,0.0,6,0.8
1806,45,0.0,7,0.8
1807,45,0.0,8,1.0
1808,45,0.0,9,1.0
1809,45,0.0,10,1.0
1810,45,0.0,11,1.0
1811,45,0.0,12,1.0
1812,45,0.0,13,1.0
1813,45,0.0,14,0.8
1814,45,0.0,15,0.8
1815,45,0.0,16,0.8
1816,45,0.0,17,0.8
1817,45,0.0,18,0.8
1818,45,0.0,19,0.8
1819,45,0.0,20,0.8
1820,45,0.0,21,0.8
1821,45,0.0,22,0.8
1822,45,0.0,23,0.8
1823,45,0.0,24,0.8
1824,45,0.0,25,0.8
1825,45,0.0,26,0.8
1826,45,0.0,27,1.0
1827,45,0.0,28,1.0
1828,45,0.0,29,1.0
1829,45,0.0,30,1.0
1830,45,0.0,31,1.0
1831,45,0.0,32,1.0
1832,45,0.0,33,1.0
1833,45,0.0,34,1.0
1834,45,0.0,35,1.0
1835,45,0.0,36,1.0
1836,45,0.0,37,1.0
1837,45,0.0,38,1.0
1838,45,0.0,39,1.0
1839,45,0.0,40,1.0
1840,46,0.0,1,0.8
1841,46,0.0,2,0.8
1842,46,0.0,3,0.6
1843,46,0.0,4,0.8
1844,46,0.0,5,0.8
1845,46,0.0,6,0.8
1846,46,0.0,7,0.8
1847,46,0.0,8,0.8
1848,46,0.0,9,0.8
1849,46,0.0,10,0.8
1850,46,0.0,11,0.8
1851,46,0.0,12,0.8
1852,46,0.0,13,0.8
1853,46,0.0,14,0.8
1854,46,0.0,15,0.8
1855,46,0.0,16,0.8
1856,46,0.0,17,0.8
1857,46,0.0,18,0.8
1858,46,0.0,19,0.8
1859,46,0.0,20,0.8
1860,46,0.0,21,0.8
1861,46,0.0,22,0.6
1862,46,0.0,23,0.6
1863,46,0.0,24,0.6
1864,46,0.0,25,0.6
1865,46,0.0,26,0.6
1866,46,0.0,27,0.6
1867,46,0.0,28,1.0
1868,46,0.0,29,1.0
1869,46,0.0,30,1.0
1870,46,0.0,31,1.0
1871,46,0.0,32,1.0
1872,46,0.0,33,1.0
1873,46,0.0,34,1.0
1874,46,0.0,35,1.0
1875,46,0.0,36,1.0
1876,46,0.0,37,1.0
1877,46,0.0,38,1.0
1878,46,0.0,39,1.0
1879,46,0.0,40,1.0
1880,47,0.0,1,0.6
1881,47,0.0,2,0.6
1882,47,0.0,3,0.6
1883,47,0.0,4,0.6
1884,47,0.0,5,0.4
1885,47,0.0,6,0.4
1886,47,0.0,7,0.6
1887,47,0.0,8,0.4
1888,47,0.0,9,0.8
1889,47,0.0,10,0.6
1890,47,0.0,11,0.6
1891,47,0.0,12,0.6
1892,47,0.0,13,0.6
1893,47,0.0,14,0.6
1894,47,0.0,15,0.4
1895,47,0.0,16,0.8
1896,47,0.0,17,0.8
1897,47,0.0,18,0.8
1898,47,0.0,19,0.8
1899,47,0.0,20,0.8
1900,47,0.0,21,0.8
1901,47,0.0,22,1.0
1902,47,0.0,23,1.0
1903,47,0.0,24,1.0
1904,47,0.0,25,1.0
1905,47,0.0,26,1.0
1906,47,0.0,27,1.0
1907,47,0.0,28,1.0
1908,47,0.0,29,0.8
1909,47,0.0,30,0.8
1910,47,0.0,31,0.8
1911,47,0.0,32,0.8
1912,47,0.0,33,0.8
1913,47,0.0,34,0.8
1914,47,0.0,35,0.8
1915,47,0.0,36,0.8
1916,47,0.0,37,0.8
1917,47,0.0,38,0.8
1918,47,0.0,39,0.8
1919,47,0.0,40,0.8
1920,48,0.0,1,0.8
1921,48,0.0,2,0.8
1922,48,0.0,3,0.8
1923,48,0.0,4,0.6
1924,48,0.0,5,0.6
1925,48,0.0,6,0.6
1926,48,0.0,7,0.6
1927,48,0.0,8,0.8
1928,48,0.0,9,0.8
1929,48,0.0,10,0.8
1930,48,0.0,11,0.8
1931,48,0.0,12,0.6
1932,48,0.0,13,0.6
1933,48,0.0,14,0.4
1934,48,0.0,15,0.4
1935,48,0.0,16,0.6
1936,48,0.0,17,0.8
1937,48,0.0,18,0.8
1938,48,0.0,19,0.8
1939,48,0.0,20,0.8
1940,48,0.0,21,0.8
1941,48,0.0,22,0.8
1942,48,0.0,23,0.8
1943,48,0.0,24,0.8
1944,48,0.0,25,0.8
1945,48,0.0,26,0.8
1946,48,0.0,27,0.8
1947,48,0.0,28,0.8
1948,48,0.0,29,0.8
1949,48,0.0,30,0.8
1950,48,0.0,31,0.8
1951,48,0.0,32,0.8
1952,48,0.0,33,0.8
1953,48,0.0,34,0.8
1954,48,0.0,35,1.0
1955,48,0.0,36,1.0
1956,48,0.0,37,1.0
1957,48,0.0,38,1.0
1958,48,0.0,39,0.8
1959,48,0.0,40,0.8
1960,49,0.0,1,0.6
1961,49,0.0,2,0.8
1962,49,0.0,3,0.6
1963,49,0.0,4,0.8
1964,49,0.0,5,0.8
1965,49,0.0,6,0.8
1966,49,0.0,7,0.8
1967,49,0.0,8,0.8
1968,49,0.0,9,0.8
1969,49,0.0,10,1.0
1970,49,0.0,11,1.0
1971,49,0.0,12,1.0
1972,49,0.0,13,1.0
1973,49,0.0,14,1.0
1974,49,0.0,15,1.0
1975,49,0.0,16,1.0
1976,49,0.0,17,1.0
1977,49,0.0,18,1.0
1978,49,0.0,19,1.0
1979,49,0.0,20,1.0
1980,49,0.0,21,1.0
1981,49,0.0,22,1.0
1982,49,0.0,23,1.0
1983,49,0.0,24,1.0
1984,49,0.0,25,1.0
1985,49,0.0,26,1.0
1986,49,0.0,27,1.0
1987,49,0.0,28,1.0
1988,49,0.0,29,1.0
1989,49,0.0,30,1.0
1990,49,0.0,31,1.0
1991,49,0.0,32,1.0
1992,49,0.0,33,1.0
1993,49,0.0,34,1.0
1994,49,0.0,35,1.0
1995,49,0.0,36,1.0
1996,49,0.0,37,1.0
1997,49,0.0,38,1.0
1998,49,0.0,39,1.0
1999,49,0.0,40,1.0
2000,50,0.0,1,0.6
2001,50,0.0,2,0.6
2002,50,0.0,3,0.6
2003,50,0.0,4,0.6
2004,50,0.0,5,0.6
2005,50,0.0,6,0.8
2006,50,0.0,7,0.8
2007,50,0.0,8,0.6
2008,50,0.0,9,0.6
2009,50,0.0,10,0.8
2010,50,0.0,11,0.6
2011,50,0.0,12,0.6
2012,50,0.0,13,0.6
2013,50,0.0,14,0.6
2014,50,0.0,15,0.6
2015,50,0.0,16,0.6
2016,50,0.0,17,0.6
2017,50,0.0,18,0.6
2018,50,0.0,19,0.6
2019,50,0.0,20,0.8
2020,50,0.0,21,0.8
2021,50,0.0,22,0.8
2022,50,0.0,23,1.0
2023,50,0.0,24,1.0
2024,50,0.0,25,1.0
2025,50,0.0,26,1.0
2026,50,0.0,27,1.0
2027,50,0.0,28,1.0
2028,50,0.0,29,1.0
2029,50,0.0,30,1.0
2030,50,0.0,31,1.0
2031,50,0.0,32,1.0
2032,50,0.0,33,1.0
2033,50,0.0,34,1.0
2034,50,0.0,35,1.0
2035,50,0.0,36,1.0
2036,50,0.0,37,1.0
2037,50,0.0,38,1.0
2038,50,0.0,39,1.0
2039,50,0.0,40,1.0
2040,51,0.0,1,0.0
2041,51,0.0,2,0.6
2042,51,0.0,3,0.4
2043,51,0.0,4,0.8
2044,51,0.0,5,0.8
2045,51,0.0,6,0.8
2046,51,0.0,7,0.6
2047,51,0.0,8,0.6
2048,51,0.0,9,0.6
2049,51,0.0,10,0.8
2050,51,0.0,11,0.8
2051,51,0.0,12,0.6
2052,51,0.0,13,0.6
2053,51,0.0,14,0.6
2054,51,0.0,15,0.8
2055,51,0.0,16,0.6
2056,51,0.0,17,0.8
2057,51,0.0,18,0.6
2058,51,0.0,19,0.8
2059,51,0.0,20,0.8
2060,51,0.0,21,0.8
2061,51,0.0,22,0.8
2062,51,0.0,23,0.8
2063,51,0.0,24,0.8
2064,51,0.0,25,0.8
2065,51,0.0,26,0.8
2066,51,0.0,27,0.8
2067,51,0.0,28,0.8
2068,51,0.0,29,1.0
2069,51,0.0,30,1.0
2070,51,0.0,31,0.8
2071,51,0.0,32,0.8
2072,51,0.0,33,0.8
2073,51,0.0,34,0.8
2074,51,0.0,35,0.8
2075,51,0.0,36,0.8
2076,51,0.0,37,0.8
2077,51,0.0,38,0.8
2078,51,0.0,39,0.8
2079,51,0.0,40,0.8
2080,52,0.0,1,1.0
2081,52,0.0,2,1.0
2082,52,0.0,3,0.8
2083,52,0.0,4,0.8
2084,52,0.0,5,0.8
2085,52,0.0,6,1.0
2086,52,0.0,7,1.0
2087,52,0.0,8,1.0
2088,52,0.0,9,1.0
2089,52,0.0,10,1.0
2090,52,0.0,11,1.0
2091,52,0.0,12,1.0
2092,52,0.0,13,1.0
2093,52,0.0,14,1.0
2094,52,0.0,15,1.0
2095,52,0.0,16,1.0
2096,52,0.0,17,1.0
2097,52,0.0,18,0.8
2098,52,0.0,19,0.8
2099,52,0.0,20,0.8
2100,52,0.0,21,0.8
2101,52,0.0,22,0.8
2102,52,0.0,23,1.0
2103,52,0.0,24,0.8
2104,52,0.0,25,1.0
2105,52,0.0,26,1.0
2106,52,0.0,27,1.0
2107,52,0.0,28,1.0
2108,52,0.0,29,1.0
2109,52,0.0,30,1.0
2110,52,0.0,31,1.0
2111,52,0.0,32,1.0
2112,52,0.0,33,1.0
2113,52,0.0,34,1.0
2114,52,0.0,35,1.0
2115,52,0.0,36,1.0
2116,52,0.0,37,1.0
2117,52,0.0,38,1.0
2118,52,0.0,39,1.0
2119,52,0.0,40,1.0
2120,53,0.0,1,0.0
2121,53,0.0,2,0.2
2122,53,0.0,3,0.4
2123,53,0.0,4,0.2
2124,53,0.0,5,0.6
2125,53,0.0,6,0.8
2126,53,0.0,7,0.6
2127,53,0.0,8,0.6
2128,53,0.0,9,0.6
2129,53,0.0,10,0.6
2130,53,0.0,11,0.6
2131,53,0.0,12,0.6
2132,53,0.0,13,0.6
2133,53,0.0,14,0.6
2134,53,0.0,15,0.6
2135,53,0.0,16,0.8
2136,53,0.0,17,0.8
2137,53,0.0,18,0.8
2138,53,0.0,19,0.8
2139,53,0.0,20,0.8
2140,53,0.0,21,0.8
2141,53,0.0,22,0.8
2142,53,0.0,23,0.8
2143,53,0.0,24,0.8
2144,53,0.0,25,0.8
2145,53,0.0,26,0.6
2146,53,0.0,27,0.6
2147,53,0.0,28,0.6
2148,53,0.0,29,0.6
2149,53,0.0,30,0.8
2150,53,0.0,31,0.8
2151,53,0.0,32,0.8
2152,53,0.0,33,0.8
2153,53,0.0,34,0.8
2154,53,0.0,35,0.8
2155,53,0.0,36,0.8
2156,53,0.0,37,0.6
2157,53,0.0,38,0.6
2158,53,0.0,39,0.6
2159,53,0.0,40,0.8
2160,54,0.0,1,1.0
2161,54,0.0,2,1.0
2162,54,0.0,3,1.0
2163,54,0.0,4,1.0
2164,54,0.0,5,1.0
2165,54,0.0,6,1.0
2166,54,0.0,7,1.0
2167,54,0.0,8,1.0
2168,54,0.0,9,1.0
2169,54,0.0,10,1.0
2170,54,0.0,11,1.0
2171,54,0.0,12,0.8
2172,54,0.0,13,0.8
2173,54,0.0,14,0.8
2174,54,0.0,15,0.8
2175,54,0.0,16,1.0
2176,54,0.0,17,1.0
2177,54,0.0,18,1.0
2178,54,0.0,19,0.8
2179,54,0.0,20,0.8
2180,54,0.0,21,0.6
2181,54,0.0,22,0.6
2182,54,0.0,23,0.6
2183,54,0.0,24,1.0
2184,54,0.0,25,1.0
2185,54,0.0,26,0.6
2186,54,0.0,27,0.6
2187,54,0.0,28,0.6
2188,54,0.0,29,0.6
2189,54,0.0,30,0.8
2190,54,0.0,31,0.6
2191,54,0.0,32,0.6
2192,54,0.0,33,0.6
2193,54,0.0,34,0.6
2194,54,0.0,35,0.6
2195,54,0.0,36,0.6
2196,54,0.0,37,0.6
2197,54,0.0,38,0.6
2198,54,0.0,39,0.6
2199,54,0.0,40,0.6
2200,55,0.0,1,0.8
2201,55,0.0,2,0.8
2202,55,0.0,3,0.6
2203,55,0.0,4,0.8
2204,55,0.0,5,0.8
2205,55,0.0,6,0.8
2206,55,0.0,7,0.8
2207,55,0.0,8,0.8
2208,55,0.0,9,0.8
2209,55,0.0,10,0.8
2210,55,0.0,11,0.8
2211,55,0.0,12,0.6
2212,55,0.0,13,0.6
2213,55,0.0,14,0.8
2214,55,0.0,15,0.8
2215,55,0.0,16,0.8
2216,55,0.0,17,0.8
2217,55,0.0,18,0.8
2218,55,0.0,19,0.8
2219,55,0.0,20,0.8
2220,55,0.0,21,0.8
2221,55,0.0,22,0.8
2222,55,0.0,23,0.8
2223,55,0.0,24,0.8
2224,55,0.0,25,0.8
2225,55,0.0,26,0.8
2226,55,0.0,27,0.8
2227,55,0.0,28,0.8
2228,55,0.0,29,0.8
2229,55,0.0,30,0.6
2230,55,0.0,31,0.6
2231,55,0.0,32,0.8
2232,55,0.0,33,1.0
2233,55,0.0,34,0.8
2234,55,0.0,35,1.0
2235,55,0.0,36,0.8
2236,55,0.0,37,1.0
2237,55,0.0,38,1.0
2238,55,0.0,39,1.0
2239,55,0.0,40,1.0
2240,56,0.0,1,0.6
2241,56,0.0,2,0.6
2242,56,0.0,3,0.4
2243,56,0.0,4,0.6
2244,56,0.0,5,0.6
2245,56,0.0,6,0.6
2246,56,0.0,7,0.6
2247,56,0.0,8,0.6
2248,56,0.0,9,0.8
2249,56,0.0,10,0.6
2250,56,0.0,11,0.6
2251,56,0.0,12,0.6
2252,56,0.0,13,0.6
2253,56,0.0,14,0.6
2254,56,0.0,15,0.6
2255,56,0.0,16,0.8
2256,56,0.0,17,1.0
2257,56,0.0,18,0.8
2258,56,0.0,19,1.0
2259,56,0.0,20,1.0
2260,56,0.0,21,0.8
2261,56,0.0,22,1.0
2262,56,0.0,23,1.0
2263,56,0.0,24,1.0
2264,56,0.0,25,1.0
2265,56,0.0,26,1.0
2266,56,0.0,27,1.0
2267,56,0.0,28,0.8
2268,56,0.0,29,1.0
2269,56,0.0,30,0.8
2270,56,0.0,31,0.8
2271,56,0.0,32,0.8
2272,56,0.0,33,1.0
2273,56,0.0,34,1.0
2274,56,0.0,35,1.0
2275,56,0.0,36,1.0
2276,56,0.0,37,1.0
2277,56,0.0,38,0.8
2278,56,0.0,39,0.8
2279,56,0.0,40,0.8
2280,57,0.0,1,0.8
2281,57,0.0,2,0.8
2282,57,0.0,3,0.8
2283,57,0.0,4,0.8
2284,57,0.0,5,0.8
2285,57,0.0,6,0.6
2286,57,0.0,7,0.6
2287,57,0.0,8,0.8
2288,57,0.0,9,0.8
2289,57,0.0,10,0.8
2290,57,0.0,11,0.8
2291,57,0.0,12,0.8
2292,57,0.0,13,0.6
2293,57,0.0,14,0.8
2294,57,0.0,15,0.8
2295,57,0.0,16,0.8
2296,57,0.0,17,0.8
2297,57,0.0,18,0.8
2298,57,0.0,19,0.8
2299,57,0.0,20,0.8
2300,57,0.0,21,1.0
2301,57,0.0,22,1.0
2302,57,0.0,23,1.0
2303,57,0.0,24,1.0
2304,57,0.0,25,1.0
2305,57,0.0,26,1.0
2306,57,0.0,27,1.0
2307,57,0.0,28,1.0
2308,57,0.0,29,1.0
2309,57,0.0,30,1.0
2310,57,0.0,31,1.0
2311,57,0.0,32,1.0
2312,57,0.0,33,1.0
2313,57,0.0,34,1.0
2314,57,0.0,35,1.0
2315,57,0.0,36,1.0
2316,57,0.0,37,1.0
2317,57,0.0,38,1.0
2318,57,0.0,39,1.0
2319,57,0.0,40,1.0
2320,58,0.0,1,0.6
2321,58,0.0,2,0.6
2322,58,0.0,3,0.6
2323,58,0.0,4,0.6
2324,58,0.0,5,0.6
2325,58,0.0,6,0.6
2326,58,0.0,7,0.4
2327,58,0.0,8,0.2
2328,58,0.0,9,0.8
2329,58,0.0,10,0.8
2330,58,0.0,11,0.8
2331,58,0.0,12,0.8
2332,58,0.0,13,0.8
2333,58,0.0,14,0.8
2334,58,0.0,15,0.8
2335,58,0.0,16,0.8
2336,58,0.0,17,0.6
2337,58,0.0,18,0.6
2338,58,0.0,19,0.6
2339,58,0.0,20,0.8
2340,58,0.0,21,0.4
2341,58,0.0,22,0.4
2342,58,0.0,23,0.4
2343,58,0.0,24,0.4
2344,58,0.0,25,0.4
2345,58,0.0,26,1.0
2346,58,0.0,27,1.0
2347,58,0.0,28,1.0
2348,58,0.0,29,1.0
2349,58,0.0,30,1.0
2350,58,0.0,31,1.0
2351,58,0.0,32,1.0
2352,58,0.0,33,1.0
2353,58,0.0,34,1.0
2354,58,0.0,35,1.0
2355,58,0.0,36,1.0
2356,58,0.0,37,1.0
2357,58,0.0,38,1.0
2358,58,0.0,39,1.0
2359,58,0.0,40,1.0
2360,59,0.0,1,0.6
2361,59,0.0,2,0.6
2362,59,0.0,3,0.6
2363,59,0.0,4,0.6
2364,59,0.0,5,0.6
2365,59,0.0,6,0.6
2366,59,0.0,7,0.6
2367,59,0.0,8,0.6
2368,59,0.0,9,0.6
2369,59,0.0,10,0.6
2370,59,0.0,11,0.8
2371,59,0.0,12,0.8
2372,59,0.0,13,0.8
2373,59,0.0,14,1.0
2374,59,0.0,15,1.0
2375,59,0.0,16,0.8
2376,59,0.0,17,0.8
2377,59,0.0,18,0.8
2378,59,0.0,19,1.0
2379,59,0.0,20,1.0
2380,59,0.0,21,1.0
2381,59,0.0,22,1.0
2382,59,0.0,23,1.0
2383,59,0.0,24,1.0
2384,59,0.0,25,1.0
2385,59,0.0,26,1.0
2386,59,0.0,27,1.0
2387,59,0.0,28,1.0
2388,59,0.0,29,1.0
2389,59,0.0,30,1.0
2390,59,0.0,31,1.0
2391,59,0.0,32,1.0
2392,59,0.0,33,1.0
2393,59,0.0,34,1.0
2394,59,0.0,35,1.0
2395,59,0.0,36,1.0
2396,59,0.0,37,1.0
2397,59,0.0,38,1.0
2398,59,0.0,39,1.0
2399,59,0.0,40,1.0
2400,60,0.0,1,0.0
2401,60,0.0,2,0.8
2402,60,0.0,3,0.8
2403,60,0.0,4,0.8
2404,60,0.0,5,0.8
2405,60,0.0,6,0.8
2406,60,0.0,7,0.8
2407,60,0.0,8,1.0
2408,60,0.0,9,0.8
2409,60,0.0,10,0.8
2410,60,0.0,11,0.8
2411,60,0.0,12,0.8
2412,60,0.0,13,1.0
2413,60,0.0,14,1.0
2414,60,0.0,15,0.8
2415,60,0.0,16,1.0
2416,60,0.0,17,1.0
2417,60,0.0,18,1.0
2418,60,0.0,19,1.0
2419,60,0.0,20,1.0
2420,60,0.0,21,1.0
2421,60,0.0,22,1.0
2422,60,0.0,23,1.0
2423,60,0.0,24,0.8
2424,60,0.0,25,0.8
2425,60,0.0,26,0.8
2426,60,0.0,27,0.8
2427,60,0.0,28,0.8
2428,60,0.0,29,0.8
2429,60,0.0,30,0.8
2430,60,0.0,31,0.8
2431,60,0.0,32,0.8
2432,60,0.0,33,0.8
2433,60,0.0,34,0.8
2434,60,0.0,35,0.8
2435,60,0.0,36,0.8
2436,60,0.0,37,0.8
2437,60,0.0,38,0.8
2438,60,0.0,39,0.8
2439,60,0.0,40,0.8
2440,61,0.0,1,1.0
2441,61,0.0,2,1.0
2442,61,0.0,3,1.0
2443,61,0.0,4,1.0
2444,61,0.0,5,0.8
2445,61,0.0,6,0.8
2446,61,0.0,7,0.8
2447,61,0.0,8,0.8
2448,61,0.0,9,0.8
2449,61,0.0,10,1.0
2450,61,0.0,11,1.0
2451,61,0.0,12,0.8
2452,61,0.0,13,1.0
2453,61,0.0,14,1.0
2454,61,0.0,15,1.0
2455,61,0.0,16,1.0
2456,61,0.0,17,1.0
2457,61,0.0,18,1.0
2458,61,0.0,19,1.0
2459,61,0.0,20,1.0
2460,61,0.0,21,1.0
2461,61,0.0,22,0.8
2462,61,0.0,23,0.6
2463,61,0.0,24,0.8
2464,61,0.0,25,0.6
2465,61,0.0,26,0.8
2466,61,0.0,27,0.8
2467,61,0.0,28,0.6
2468,61,0.0,29,0.8
2469,61,0.0,30,0.6
2470,61,0.0,31,0.8
2471,61,0.0,32,0.8
2472,61,0.0,33,0.8
2473,61,0.0,34,0.8
2474,61,0.0,35,0.8
2475,61,0.0,36,0.8
2476,61,0.0,37,0.8
2477,61,0.0,38,1.0
2478,61,0.0,39,1.0
2479,61,0.0,40,1.0
2480,62,0.0,1,0.0
2481,62,0.0,2,0.4
2482,62,0.0,3,1.0
2483,62,0.0,4,1.0
2484,62,0.0,5,0.8
2485,62,0.0,6,0.8
2486,62,0.0,7,0.8
2487,62,0.0,8,0.8
2488,62,0.0,9,0.8
2489,62,0.0,10,0.8
2490,62,0.0,11,0.8
2491,62,0.0,12,0.8
2492,62,0.0,13,0.8
2493,62,0.0,14,0.8
2494,62,0.0,15,0.8
2495,62,0.0,16,0.8
2496,62,0.0,17,0.8
2497,62,0.0,18,0.8
2498,62,0.0,19,0.8
2499,62,0.0,20,0.8
2500,62,0.0,21,0.8
2501,62,0.0,22,0.8
2502,62,0.0,23,0.8
2503,62,0.0,24,0.8
2504,62,0.0,25,0.8
2505,62,0.0,26,0.8
2506,62,0.0,27,0.8
2507,62,0.0,28,0.8
2508,62,0.0,29,0.8
2509,62,0.0,30,0.8
2510,62,0.0,31,0.8
2511,62,0.0,32,0.8
2512,62,0.0,33,0.8
2513,62,0.0,34,0.8
2514,62,0.0,35,0.8
2515,62,0.0,36,0.8
2516,62,0.0,37,0.8
2517,62,0.0,38,0.8
2518,62,0.0,39,0.8
2519,62,0.0,40,0.8
2520,63,0.0,1,1.0
2521,63,0.0,2,1.0
2522,63,0.0,3,1.0
2523,63,0.0,4,0.8
2524,63,0.0,5,0.8
2525,63,0.0,6,0.8
2526,63,0.0,7,0.8
2527,63,0.0,8,0.8
2528,63,0.0,9,0.8
2529,63,0.0,10,0.8
2530,63,0.0,11,0.8
2531,63,0.0,12,0.8
2532,63,0.0,13,0.8
2533,63,0.0,14,0.8
2534,63,0.0,15,1.0
2535,63,0.0,16,1.0
2536,63,0.0,17,0.8
2537,63,0.0,18,0.8
2538,63,0.0,19,1.0
2539,63,0.0,20,1.0
2540,63,0.0,21,1.0
2541,63,0.0,22,1.0
2542,63,0.0,23,1.0
2543,63,0.0,24,1.0
2544,63,0.0,25,1.0
2545,63,0.0,26,1.0
2546,63,0.0,27,1.0
2547,63,0.0,28,1.0
2548,63,0.0,29,1.0
2549,63,0.0,30,1.0
2550,63,0.0,31,1.0
2551,63,0.0,32,1.0
2552,63,0.0,33,1.0
2553,63,0.0,34,1.0
2554,63,0.0,35,1.0
2555,63,0.0,36,1.0
2556,63,0.0,37,1.0
2557,63,0.0,38,1.0
2558,63,0.0,39,1.0
2559,63,0.0,40,1.0
2560,64,0.0,1,0.8
2561,64,0.0,2,0.8
2562,64,0.0,3,0.8
2563,64,0.0,4,0.8
2564,64,0.0,5,0.8
2565,64,0.0,6,0.8
2566,64,0.0,7,0.8
2567,64,0.0,8,1.0
2568,64,0.0,9,1.0
2569,64,0.0,10,1.0
2570,64,0.0,11,1.0
2571,64,0.0,12,1.0
2572,64,0.0,13,1.0
2573,64,0.0,14,1.0
2574,64,0.0,15,1.0
2575,64,0.0,16,1.0
2576,64,0.0,17,1.0
2577,64,0.0,18,0.8
2578,64,0.0,19,0.8
2579,64,0.0,20,0.8
2580,64,0.0,21,0.8
2581,64,0.0,22,0.8
2582,64,0.0,23,0.8
2583,64,0.0,24,1.0
2584,64,0.0,25,1.0
2585,64,0.0,26,0.8
2586,64,0.0,27,0.8
2587,64,0.0,28,1.0
2588,64,0.0,29,1.0
2589,64,0.0,30,0.8
2590,64,0.0,31,1.0
2591,64,0.0,32,1.0
2592,64,0.0,33,0.8
2593,64,0.0,34,0.8
2594,64,0.0,35,0.8
2595,64,0.0,36,0.8
2596,64,0.0,37,0.8
2597,64,0.0,38,0.8
2598,64,0.0,39,0.8
2599,64,0.0,40,0.8
2600,65,0.0,1,0.6
2601,65,0.0,2,0.6
2602,65,0.0,3,0.6
2603,65,0.0,4,0.6
2604,65,0.0,5,0.8
2605,65,0.0,6,0.8
2606,65,0.0,7,0.6
2607,65,0.0,8,0.8
2608,65,0.0,9,0.8
2609,65,0.0,10,0.6
2610,65,0.0,11,0.6
2611,65,0.0,12,0.4
2612,65,0.0,13,0.4
2613,65,0.0,14,0.8
2614,65,0.0,15,0.8
2615,65,0.0,16,0.8
2616,65,0.0,17,1.0
2617,65,0.0,18,1.0
2618,65,0.0,19,1.0
2619,65,0.0,20,1.0
2620,65,0.0,21,1.0
2621,65,0.0,22,1.0
2622,65,0.0,23,1.0
2623,65,0.0,24,1.0
2624,65,0.0,25,1.0
2625,65,0.0,26,1.0
2626,65,0.0,27,1.0
2627,65,0.0,28,1.0
2628,65,0.0,29,1.0
2629,65,0.0,30,1.0
2630,65,0.0,31,1.0
2631,65,0.0,32,1.0
2632,65,0.0,33,1.0
2633,65,0.0,34,1.0
2634,65,0.0,35,1.0
2635,65,0.0,36,1.0
2636,65,0.0,37,1.0
2637,65,0.0,38,1.0
2638,65,0.0,39,1.0
2639,65,0.0,40,1.0
2640,66,0.0,1,0.8
2641,66,0.0,2,0.8
2642,66,0.0,3,0.8
2643,66,0.0,4,0.8
2644,66,0.0,5,0.8
2645,66,0.0,6,0.6
2646,66,0.0,7,1.0
2647,66,0.0,8,1.0
2648,66,0.0,9,1.0
2649,66,0.0,10,1.0
2650,66,0.0,11,1.0
2651,66,0.0,12,1.0
2652,66,0.0,13,1.0
2653,66,0.0,14,1.0
2654,66,0.0,15,1.0
2655,66,0.0,16,1.0
2656,66,0.0,17,1.0
2657,66,0.0,18,1.0
2658,66,0.0,19,1.0
2659,66,0.0,20,1.0
2660,66,0.0,21,1.0
2661,66,0.0,22,1.0
2662,66,0.0,23,1.0
2663,66,0.0,24,1.0
2664,66,0.0,25,1.0
2665,66,0.0,26,1.0
2666,66,0.0,27,1.0
2667,66,0.0,28,1.0
2668,66,0.0,29,1.0
2669,66,0.0,30,1.0
2670,66,0.0,31,1.0
2671,66,0.0,32,1.0
2672,66,0.0,33,1.0
2673,66,0.0,34,1.0
2674,66,0.0,35,1.0
2675,66,0.0,36,1.0
2676,66,0.0,37,1.0
2677,66,0.0,38,1.0
2678,66,0.0,39,1.0
2679,66,0.0,40,1.0
2680,67,0.0,1,0.6
2681,67,0.0,2,0.6
2682,67,0.0,3,0.6
2683,67,0.0,4,0.8
2684,67,0.0,5,0.6
2685,67,0.0,6,0.4
2686,67,0.0,7,0.4
2687,67,0.0,8,0.0
2688,67,0.0,9,0.6
2689,67,0.0,10,0.6
2690,67,0.0,11,0.4
2691,67,0.0,12,0.4
2692,67,0.0,13,0.4
2693,67,0.0,14,0.8
2694,67,0.0,15,0.8
2695,67,0.0,16,1.0
2696,67,0.0,17,1.0
2697,67,0.0,18,0.8
2698,67,0.0,19,0.8
2699,67,0.0,20,0.8
2700,67,0.0,21,0.8
2701,67,0.0,22,0.8
2702,67,0.0,23,0.8
2703,67,0.0,24,0.8
2704,67,0.0,25,1.0
2705,67,0.0,26,1.0
2706,67,0.0,27,1.0
2707,67,0.0,28,1.0
2708,67,0.0,29,1.0
2709,67,0.0,30,1.0
2710,67,0.0,31,1.0
2711,67,0.0,32,1.0
2712,67,0.0,33,1.0
2713,67,0.0,34,1.0
2714,67,0.0,35,1.0
2715,67,0.0,36,1.0
2716,67,0.0,37,1.0
2717,67,0.0,38,1.0
2718,67,0.0,39,1.0
2719,67,0.0,40,1.0
2720,68,0.0,1,0.6
2721,68,0.0,2,0.8
2722,68,0.0,3,0.4
2723,68,0.0,4,0.6
2724,68,0.0,5,0.4
2725,68,0.0,6,0.4
2726,68,0.0,7,0.6
2727,68,0.0,8,0.6
2728,68,0.0,9,0.6
2729,68,0.0,10,0.6
2730,68,0.0,11,0.6
2731,68,0.0,12,0.6
2732,68,0.0,13,0.4
2733,68,0.0,14,0.6
2734,68,0.0,15,0.4
2735,68,0.0,16,0.6
2736,68,0.0,17,0.6
2737,68,0.0,18,0.6
2738,68,0.0,19,0.6
2739,68,0.0,20,0.6
2740,68,0.0,21,0.6
2741,68,0.0,22,0.6
2742,68,0.0,23,0.6
2743,68,0.0,24,0.6
2744,68,0.0,25,0.6
2745,68,0.0,26,0.4
2746,68,0.0,27,0.6
2747,68,0.0,28,0.6
2748,68,0.0,29,0.4
2749,68,0.0,30,0.4
2750,68,0.0,31,0.6
2751,68,0.0,32,0.6
2752,68,0.0,33,0.6
2753,68,0.0,34,0.8
2754,68,0.0,35,0.8
2755,68,0.0,36,1.0
2756,68,0.0,37,1.0
2757,68,0.0,38,1.0
2758,68,0.0,39,1.0
2759,68,0.0,40,1.0
2760,69,0.0,1,0.0
2761,69,0.0,2,0.2
2762,69,0.0,3,0.8
2763,69,0.0,4,0.6
2764,69,0.0,5,0.4
2765,69,0.0,6,0.6
2766,69,0.0,7,0.6
2767,69,0.0,8,0.8
2768,69,0.0,9,0.6
2769,69,0.0,10,0.8
2770,69,0.0,11,0.6
2771,69,0.0,12,0.6
2772,69,0.0,13,0.8
2773,69,0.0,14,0.8
2774,69,0.0,15,0.8
2775,69,0.0,16,0.8
2776,69,0.0,17,0.8
2777,69,0.0,18,0.8
2778,69,0.0,19,0.8
2779,69,0.0,20,0.8
2780,69,0.0,21,1.0
2781,69,0.0,22,1.0
2782,69,0.0,23,1.0
2783,69,0.0,24,0.8
2784,69,0.0,25,1.0
2785,69,0.0,26,0.8
2786,69,0.0,27,1.0
2787,69,0.0,28,1.0
2788,69,0.0,29,1.0
2789,69,0.0,30,1.0
2790,69,0.0,31,1.0
2791,69,0.0,32,1.0
2792,69,0.0,33,1.0
2793,69,0.0,34,1.0
2794,69,0.0,35,1.0
2795,69,0.0,36,1.0
2796,69,0.0,37,1.0
2797,69,0.0,38,1.0
2798,69,0.0,39,1.0
2799,69,0.0,40,1.0
2800,70,0.0,1,1.0
2801,70,0.0,2,1.0
2802,70,0.0,3,1.0
2803,70,0.0,4,0.6
2804,70,0.0,5,0.8
2805,70,0.0,6,0.8
2806,70,0.0,7,1.0
2807,70,0.0,8,1.0
2808,70,0.0,9,1.0
2809,70,0.0,10,1.0
2810,70,0.0,11,1.0
2811,70,0.0,12,1.0
2812,70,0.0,13,1.0
2813,70,0.0,14,1.0
2814,70,0.0,15,1.0
2815,70,0.0,16,1.0
2816,70,0.0,17,1.0
2817,70,0.0,18,1.0
2818,70,0.0,19,1.0
2819,70,0.0,20,1.0
2820,70,0.0,21,1.0
2821,70,0.0,22,1.0
2822,70,0.0,23,1.0
2823,70,0.0,24,1.0
2824,70,0.0,25,1.0
2825,70,0.0,26,1.0
2826,70,0.0,27,0.8
2827,70,0.0,28,0.8
2828,70,0.0,29,0.8
2829,70,0.0,30,0.6
2830,70,0.0,31,0.8
2831,70,0.0,32,0.8
2832,70,0.0,33,0.8
2833,70,0.0,34,0.8
2834,70,0.0,35,1.0
2835,70,0.0,36,1.0
2836,70,0.0,37,1.0
2837,70,0.0,38,1.0
2838,70,0.0,39,1.0
2839,70,0.0,40,1.0
2840,71,0.0,1,0.0
2841,71,0.0,2,0.2
2842,71,0.0,3,0.2
2843,71,0.0,4,0.6
2844,71,0.0,5,1.0
2845,71,0.0,6,1.0
2846,71,0.0,7,1.0
2847,71,0.0,8,1.0
2848,71,0.0,9,1.0
2849,71,0.0,10,1.0
2850,71,0.0,11,1.0
2851,71,0.0,12,1.0
2852,71,0.0,13,1.0
2853,71,0.0,14,1.0
2854,71,0.0,15,1.0
2855,71,0.0,16,1.0
2856,71,0.0,17,1.0
2857,71,0.0,18,1.0
2858,71,0.0,19,1.0
2859,71,0.0,20,1.0
2860,71,0.0,21,1.0
2861,71,0.0,22,1.0
2862,71,0.0,23,1.0
2863,71,0.0,24,1.0
2864,71,0.0,25,1.0
2865,71,0.0,26,1.0
2866,71,0.0,27,1.0
2867,71,0.0,28,1.0
2868,71,0.0,29,1.0
2869,71,0.0,30,1.0
2870,71,0.0,31,1.0
2871,71,0.0,32,1.0
2872,71,0.0,33,1.0
2873,71,0.0,34,1.0
2874,71,0.0,35,1.0
2875,71,0.0,36,1.0
2876,71,0.0,37,1.0
2877,71,0.0,38,1.0
2878,71,0.0,39,1.0
2879,71,0.0,40,1.0
2880,72,0.0,1,1.0
2881,72,0.0,2,1.0
2882,72,0.0,3,1.0
2883,72,0.0,4,1.0
2884,72,0.0,5,1.0
2885,72,0.0,6,1.0
2886,72,0.0,7,1.0
2887,72,0.0,8,0.8
2888,72,0.0,9,0.8
2889,72,0.0,10,0.8
2890,72,0.0,11,1.0
2891,72,0.0,12,1.0
2892,72,0.0,13,1.0
2893,72,0.0,14,1.0
2894,72,0.0,15,1.0
2895,72,0.0,16,1.0
2896,72,0.0,17,1.0
2897,72,0.0,18,1.0
2898,72,0.0,19,1.0
2899,72,0.0,20,1.0
2900,72,0.0,21,1.0
2901,72,0.0,22,1.0
2902,72,0.0,23,1.0
2903,72,0.0,24,1.0
2904,72,0.0,25,1.0
2905,72,0.0,26,1.0
2906,72,0.0,27,1.0
2907,72,0.0,28,1.0
2908,72,0.0,29,1.0
2909,72,0.0,30,1.0
2910,72,0.0,31,1.0
2911,72,0.0,32,1.0
2912,72,0.0,33,1.0
2913,72,0.0,34,1.0
2914,72,0.0,35,1.0
2915,72,0.0,36,1.0
2916,72,0.0,37,1.0
2917,72,0.0,38,1.0
2918,72,0.0,39,1.0
2919,72,0.0,40,1.0
2920,73,0.0,1,0.8
2921,73,0.0,2,0.8
2922,73,0.0,3,0.6
2923,73,0.0,4,0.8
2924,73,0.0,5,0.6
2925,73,0.0,6,0.6
2926,73,0.0,7,0.6
2927,73,0.0,8,0.6
2928,73,0.0,9,0.8
2929,73,0.0,10,0.8
2930,73,0.0,11,1.0
2931,73,0.0,12,1.0
2932,73,0.0,13,1.0
2933,73,0.0,14,0.8
2934,73,0.0,15,0.8
2935,73,0.0,16,0.8
2936,73,0.0,17,0.8
2937,73,0.0,18,0.8
2938,73,0.0,19,0.8
2939,73,0.0,20,0.8
2940,73,0.0,21,0.8
2941,73,0.0,22,0.8
2942,73,0.0,23,0.8
2943,73,0.0,24,0.8
2944,73,0.0,25,1.0
2945,73,0.0,26,1.0
2946,73,0.0,27,1.0
2947,73,0.0,28,1.0
2948,73,0.0,29,1.0
2949,73,0.0,30,1.0
2950,73,0.0,31,1.0
2951,73,0.0,32,1.0
2952,73,0.0,33,1.0
2953,73,0.0,34,1.0
2954,73,0.0,35,1.0
2955,73,0.0,36,1.0
2956,73,0.0,37,1.0
2957,73,0.0,38,1.0
2958,73,0.0,39,1.0
2959,73,0.0,40,1.0
2960,74,0.0,1,0.6
2961,74,0.0,2,0.6
2962,74,0.0,3,0.6
2963,74,0.0,4,0.6
2964,74,0.0,5,0.6
2965,74,0.0,6,0.8
2966,74,0.0,7,0.8
2967,74,0.0,8,0.6
2968,74,0.0,9,0.4
2969,74,0.0,10,0.4
2970,74,0.0,11,0.6
2971,74,0.0,12,0.6
2972,74,0.0,13,0.6
2973,74,0.0,14,0.6
2974,74,0.0,15,1.0
2975,74,0.0,16,1.0
2976,74,0.0,17,1.0
2977,74,0.0,18,1.0
2978,74,0.0,19,1.0
2979,74,0.0,20,1.0
2980,74,0.0,21,1.0
2981,74,0.0,22,1.0
2982,74,0.0,23,1.0
2983,74,0.0,24,1.0
2984,74,0.0,25,1.0
2985,74,0.0,26,1.0
2986,74,0.0,27,1.0
2987,74,0.0,28,1.0
2988,74,0.0,29,1.0
2989,74,0.0,30,1.0
2990,74,0.0,31,1.0
2991,74,0.0,32,1.0
2992,74,0.0,33,1.0
2993,74,0.0,34,1.0
2994,74,0.0,35,1.0
2995,74,0.0,36,1.0
2996,74,0.0,37,1.0
2997,74,0.0,38,1.0
2998,74,0.0,39,1.0
2999,74,0.0,40,1.0
3000,75,0.0,1,0.8
3001,75,0.0,2,0.8
3002,75,0.0,3,0.8
3003,75,0.0,4,0.8
3004,75,0.0,5,0.8
3005,75,0.0,6,0.8
3006,75,0.0,7,0.6
3007,75,0.0,8,0.8
3008,75,0.0,9,0.8
3009,75,0.0,10,1.0
3010,75,0.0,11,1.0
3011,75,0.0,12,0.6
3012,75,0.0,13,0.6
3013,75,0.0,14,0.8
3014,75,0.0,15,1.0
3015,75,0.0,16,1.0
3016,75,0.0,17,1.0
3017,75,0.0,18,0.8
3018,75,0.0,19,0.8
3019,75,0.0,20,1.0
3020,75,0.0,21,1.0
3021,75,0.0,22,1.0
3022,75,0.0,23,1.0
3023,75,0.0,24,1.0
3024,75,0.0,25,1.0
3025,75,0.0,26,1.0
3026,75,0.0,27,1.0
3027,75,0.0,28,1.0
3028,75,0.0,29,1.0
3029,75,0.0,30,1.0
3030,75,0.0,31,1.0
3031,75,0.0,32,1.0
3032,75,0.0,33,1.0
3033,75,0.0,34,1.0
3034,75,0.0,35,1.0
3035,75,0.0,36,1.0
3036,75,0.0,37,1.0
3037,75,0.0,38,1.0
3038,75,0.0,39,1.0
3039,75,0.0,40,1.0
3040,76,0.0,1,0.6
3041,76,0.0,2,0.6
3042,76,0.0,3,0.4
3043,76,0.0,4,0.6
3044,76,0.0,5,0.6
3045,76,0.0,6,0.4
3046,76,0.0,7,0.8
3047,76,0.0,8,0.6
3048,76,0.0,9,0.6
3049,76,0.0,10,0.4
3050,76,0.0,11,0.4
3051,76,0.0,12,0.4
3052,76,0.0,13,0.4
3053,76,0.0,14,0.6
3054,76,0.0,15,0.6
3055,76,0.0,16,0.6
3056,76,0.0,17,0.8
3057,76,0.0,18,0.8
3058,76,0.0,19,0.8
3059,76,0.0,20,0.6
3060,76,0.0,21,0.6
3061,76,0.0,22,0.8
3062,76,0.0,23,0.8
3063,76,0.0,24,0.6
3064,76,0.0,25,0.8
3065,76,0.0,26,0.8
3066,76,0.0,27,0.8
3067,76,0.0,28,0.8
3068,76,0.0,29,0.8
3069,76,0.0,30,0.8
3070,76,0.0,31,0.8
3071,76,0.0,32,0.8
3072,76,0.0,33,0.8
3073,76,0.0,34,0.8
3074,76,0.0,35,0.6
3075,76,0.0,36,0.8
3076,76,0.0,37,0.6
3077,76,0.0,38,0.8
3078,76,0.0,39,0.8
3079,76,0.0,40,0.8
3080,77,0.0,1,0.6
3081,77,0.0,2,0.8
3082,77,0.0,3,0.6
3083,77,0.0,4,0.6
3084,77,0.0,5,1.0
3085,77,0.0,6,1.0
3086,77,0.0,7,1.0
3087,77,0.0,8,1.0
3088,77,0.0,9,1.0
3089,77,0.0,10,1.0
3090,77,0.0,11,1.0
3091,77,0.0,12,1.0
3092,77,0.0,13,1.0
3093,77,0.0,14,1.0
3094,77,0.0,15,1.0
3095,77,0.0,16,1.0
3096,77,0.0,17,1.0
3097,77,0.0,18,1.0
3098,77,0.0,19,1.0
3099,77,0.0,20,1.0
3100,77,0.0,21,0.8
3101,77,0.0,22,0.8
3102,77,0.0,23,0.8
3103,77,0.0,24,0.8
3104,77,0.0,25,0.8
3105,77,0.0,26,0.8
3106,77,0.0,27,0.8
3107,77,0.0,28,0.8
3108,77,0.0,29,0.8
3109,77,0.0,30,0.8
3110,77,0.0,31,0.8
3111,77,0.0,32,0.8
3112,77,0.0,33,0.8
3113,77,0.0,34,0.8
3114,77,0.0,35,0.8
3115,77,0.0,36,0.8
3116,77,0.0,37,0.8
3117,77,0.0,38,1.0
3118,77,0.0,39,0.8
3119,77,0.0,40,0.8
3120,78,0.0,1,0.0
3121,78,0.0,2,0.4
3122,78,0.0,3,0.6
3123,78,0.0,4,0.4
3124,78,0.0,5,0.4
3125,78,0.0,6,0.6
3126,78,0.0,7,0.4
3127,78,0.0,8,0.6
3128,78,0.0,9,0.6
3129,78,0.0,10,0.6
3130,78,0.0,11,0.4
3131,78,0.0,12,0.4
3132,78,0.0,13,0.4
3133,78,0.0,14,0.4
3134,78,0.0,15,0.4
3135,78,0.0,16,0.4
3136,78,0.0,17,0.4
3137,78,0.0,18,0.4
3138,78,0.0,19,0.4
3139,78,0.0,20,0.4
3140,78,0.0,21,0.4
3141,78,0.0,22,0.4
3142,78,0.0,23,0.4
3143,78,0.0,24,0.4
3144,78,0.0,25,0.4
3145,78,0.0,26,0.4
3146,78,0.0,27,0.4
3147,78,0.0,28,0.4
3148,78,0.0,29,0.4
3149,78,0.0,30,0.4
3150,78,0.0,31,0.4
3151,78,0.0,32,0.4
3152,78,0.0,33,0.4
3153,78,0.0,34,0.4
3154,78,0.0,35,0.4
3155,78,0.0,36,0.4
3156,78,0.0,37,0.4
3157,78,0.0,38,0.4
3158,78,0.0,39,0.4
3159,78,0.0,40,0.4
3160,79,0.0,1,1.0
3161,79,0.0,2,1.0
3162,79,0.0,3,1.0
3163,79,0.0,4,1.0
3164,79,0.0,5,0.8
3165,79,0.0,6,0.8
3166,79,0.0,7,0.8
3167,79,0.0,8,0.6
3168,79,0.0,9,0.8
3169,79,0.0,10,0.8
3170,79,0.0,11,0.8
3171,79,0.0,12,0.8
3172,79,0.0,13,0.8
3173,79,0.0,14,0.8
3174,79,0.0,15,0.8
3175,79,0.0,16,0.8
3176,79,0.0,17,0.8
3177,79,0.0,18,0.8
3178,79,0.0,19,0.8
3179,79,0.0,20,0.8
3180,79,0.0,21,0.8
3181,79,0.0,22,0.8
3182,79,0.0,23,0.8
3183,79,0.0,24,0.8
3184,79,0.0,25,0.8
3185,79,0.0,26,0.8
3186,79,0.0,27,0.8
3187,79,0.0,28,0.8
3188,79,0.0,29,0.8
3189,79,0.0,30,0.8
3190,79,0.0,31,0.8
3191,79,0.0,32,0.8
3192,79,0.0,33,0.8
3193,79,0.0,34,0.8
3194,79,0.0,35,0.8
3195,79,0.0,36,0.8
3196,79,0.0,37,0.8
3197,79,0.0,38,0.8
3198,79,0.0,39,0.8
3199,79,0.0,40,0.8
3200,80,0.0,1,0.0
3201,80,0.0,2,0.4
3202,80,0.0,3,0.4
3203,80,0.0,4,0.8
3204,80,0.0,5,0.8
3205,80,0.0,6,0.8
3206,80,0.0,7,0.6
3207,80,0.0,8,0.8
3208,80,0.0,9,0.6
3209,80,0.0,10,0.8
3210,80,0.0,11,0.8
3211,80,0.0,12,0.8
3212,80,0.0,13,0.8
3213,80,0.0,14,0.8
3214,80,0.0,15,0.8
3215,80,0.0,16,0.8
3216,80,0.0,17,0.8
3217,80,0.0,18,0.8
3218,80,0.0,19,1.0
3219,80,0.0,20,1.0
3220,80,0.0,21,1.0
3221,80,0.0,22,1.0
3222,80,0.0,23,1.0
3223,80,0.0,24,1.0
3224,80,0.0,25,1.0
3225,80,0.0,26,1.0
3226,80,0.0,27,1.0
3227,80,0.0,28,1.0
3228,80,0.0,29,1.0
3229,80,0.0,30,1.0
3230,80,0.0,31,1.0
3231,80,0.0,32,1.0
3232,80,0.0,33,1.0
3233,80,0.0,34,1.0
3234,80,0.0,35,1.0
3235,80,0.0,36,1.0
3236,80,0.0,37,1.0
3237,80,0.0,38,0.8
3238,80,0.0,39,1.0
3239,80,0.0,40,1.0
3240,81,0.0,1,1.0
3241,81,0.0,2,1.0
3242,81,0.0,3,1.0
3243,81,0.0,4,1.0
3244,81,0.0,5,1.0
3245,81,0.0,6,1.0
3246,81,0.0,7,1.0
3247,81,0.0,8,1.0
3248,81,0.0,9,1.0
3249,81,0.0,10,1.0
3250,81,0.0,11,1.0
3251,81,0.0,12,1.0
3252,81,0.0,13,1.0
3253,81,0.0,14,1.0
3254,81,0.0,15,1.0
3255,81,0.0,16,1.0
3256,81,0.0,17,1.0
3257,81,0.0,18,1.0
3258,81,0.0,19,1.0
3259,81,0.0,20,1.0
3260,81,0.0,21,1.0
3261,81,0.0,22,1.0
3262,81,0.0,23,1.0
3263,81,0.0,24,1.0
3264,81,0.0,25,1.0
3265,81,0.0,26,1.0
3266,81,0.0,27,1.0
3267,81,0.0,28,1.0
3268,81,0.0,29,1.0
3269,81,0.0,30,1.0
3270,81,0.0,31,1.0
3271,81,0.0,32,1.0
3272,81,0.0,33,1.0
3273,81,0.0,34,1.0
3274,81,0.0,35,1.0
3275,81,0.0,36,1.0
3276,81,0.0,37,1.0
3277,81,0.0,38,1.0
3278,81,0.0,39,1.0
3279,81,0.0,40,1.0
3280,82,0.0,1,0.8
3281,82,0.0,2,0.8
3282,82,0.0,3,0.8
3283,82,0.0,4,0.8
3284,82,0.0,5,0.8
3285,82,0.0,6,0.8
3286,82,0.0,7,0.8
3287,82,0.0,8,0.6
3288,82,0.0,9,0.8
3289,82,0.0,10,0.8
3290,82,0.0,11,0.8
3291,82,0.0,12,0.8
3292,82,0.0,13,0.8
3293,82,0.0,14,0.8
3294,82,0.0,15,0.6
3295,82,0.0,16,0.8
3296,82,0.0,17,0.8
3297,82,0.0,18,0.8
3298,82,0.0,19,0.8
3299,82,0.0,20,0.8
3300,82,0.0,21,1.0
3301,82,0.0,22,1.0
3302,82,0.0,23,1.0
3303,82,0.0,24,1.0
3304,82,0.0,25,1.0
3305,82,0.0,26,1.0
3306,82,0.0,27,1.0
3307,82,0.0,28,1.0
3308,82,0.0,29,1.0
3309,82,0.0,30,1.0
3310,82,0.0,31,1.0
3311,82,0.0,32,1.0
3312,82,0.0,33,1.0
3313,82,0.0,34,1.0
3314,82,0.0,35,1.0
3315,82,0.0,36,1.0
3316,82,0.0,37,1.0
3317,82,0.0,38,1.0
3318,82,0.0,39,1.0
3319,82,0.0,40,1.0
3320,83,0.0,1,0.6
3321,83,0.0,2,0.6
3322,83,0.0,3,0.6
3323,83,0.0,4,0.6
3324,83,0.0,5,0.6
3325,83,0.0,6,0.8
3326,83,0.0,7,0.8
3327,83,0.0,8,0.8
3328,83,0.0,9,0.8
3329,83,0.0,10,0.8
3330,83,0.0,11,0.8
3331,83,0.0,12,0.8
3332,83,0.0,13,0.8
3333,83,0.0,14,0.8
3334,83,0.0,15,0.8
3335,83,0.0,16,0.8
3336,83,0.0,17,0.8
3337,83,0.0,18,0.8
3338,83,0.0,19,0.8
3339,83,0.0,20,0.8
3340,83,0.0,21,0.8
3341,83,0.0,22,0.8
3342,83,0.0,23,0.8
3343,83,0.0,24,0.8
3344,83,0.0,25,0.8
3345,83,0.0,26,0.8
3346,83,0.0,27,0.8
3347,83,0.0,28,0.8
3348,83,0.0,29,0.8
3349,83,0.0,30,0.8
3350,83,0.0,31,0.8
3351,83,0.0,32,0.8
3352,83,0.0,33,0.8
3353,83,0.0,34,0.8
3354,83,0.0,35,0.8
3355,83,0.0,36,0.8
3356,83,0.0,37,0.8
3357,83,0.0,38,0.8
3358,83,0.0,39,0.8
3359,83,0.0,40,0.8
3360,84,0.0,1,0.8
3361,84,0.0,2,0.8
3362,84,0.0,3,0.8
3363,84,0.0,4,0.6
3364,84,0.0,5,0.6
3365,84,0.0,6,0.6
3366,84,0.0,7,0.6
3367,84,0.0,8,0.6
3368,84,0.0,9,0.6
3369,84,0.0,10,0.6
3370,84,0.0,11,0.6
3371,84,0.0,12,0.6
3372,84,0.0,13,0.6
3373,84,0.0,14,0.6
3374,84,0.0,15,0.6
3375,84,0.0,16,0.6
3376,84,0.0,17,0.6
3377,84,0.0,18,0.6
3378,84,0.0,19,0.6
3379,84,0.0,20,0.6
3380,84,0.0,21,0.6
3381,84,0.0,22,0.8
3382,84,0.0,23,0.8
3383,84,0.0,24,0.8
3384,84,0.0,25,0.8
3385,84,0.0,26,0.8
3386,84,0.0,27,0.8
3387,84,0.0,28,0.8
3388,84,0.0,29,0.6
3389,84,0.0,30,0.6
3390,84,0.0,31,0.8
3391,84,0.0,32,0.8
3392,84,0.0,33,0.8
3393,84,0.0,34,0.8
3394,84,0.0,35,0.8
3395,84,0.0,36,0.8
3396,84,0.0,37,0.8
3397,84,0.0,38,0.8
3398,84,0.0,39,0.8
3399,84,0.0,40,0.8
3400,85,0.0,1,0.6
3401,85,0.0,2,0.8
3402,85,0.0,3,0.8
3403,85,0.0,4,0.8
3404,85,0.0,5,0.8
3405,85,0.0,6,0.8
3406,85,0.0,7,0.6
3407,85,0.0,8,0.8
3408,85,0.0,9,0.8
3409,85,0.0,10,0.8
3410,85,0.0,11,0.8
3411,85,0.0,12,0.8
3412,85,0.0,13,1.0
3413,85,0.0,14,1.0
3414,85,0.0,15,1.0
3415,85,0.0,16,1.0
3416,85,0.0,17,1.0
3417,85,0.0,18,1.0
3418,85,0.0,19,1.0
3419,85,0.0,20,1.0
3420,85,0.0,21,1.0
3421,85,0.0,22,1.0
3422,85,0.0,23,1.0
3423,85,0.0,24,1.0
3424,85,0.0,25,1.0
3425,85,0.0,26,1.0
3426,85,0.0,27,1.0
3427,85,0.0,28,1.0
3428,85,0.0,29,1.0
3429,85,0.0,30,1.0
3430,85,0.0,31,1.0
3431,85,0.0,32,1.0
3432,85,0.0,33,1.0
3433,85,0.0,34,1.0
3434,85,0.0,35,1.0
3435,85,0.0,36,1.0
3436,85,0.0,37,1.0
3437,85,0.0,38,1.0
3438,85,0.0,39,1.0
3439,85,0.0,40,1.0
3440,86,0.0,1,0.6
3441,86,0.0,2,0.6
3442,86,0.0,3,0.6
3443,86,0.0,4,0.8
3444,86,0.0,5,0.6
3445,86,0.0,6,0.6
3446,86,0.0,7,0.6
3447,86,0.0,8,0.6
3448,86,0.0,9,0.6
3449,86,0.0,10,0.6
3450,86,0.0,11,0.8
3451,86,0.0,12,0.8
3452,86,0.0,13,0.8
3453,86,0.0,14,0.8
3454,86,0.0,15,0.8
3455,86,0.0,16,0.8
3456,86,0.0,17,0.8
3457,86,0.0,18,0.8
3458,86,0.0,19,0.8
3459,86,0.0,20,0.8
3460,86,0.0,21,1.0
3461,86,0.0,22,1.0
3462,86,0.0,23,1.0
3463,86,0.0,24,1.0
3464,86,0.0,25,1.0
3465,86,0.0,26,0.8
3466,86,0.0,27,1.0
3467,86,0.0,28,1.0
3468,86,0.0,29,1.0
3469,86,0.0,30,1.0
3470,86,0.0,31,1.0
3471,86,0.0,32,1.0
3472,86,0.0,33,1.0
3473,86,0.0,34,1.0
3474,86,0.0,35,1.0
3475,86,0.0,36,1.0
3476,86,0.0,37,1.0
3477,86,0.0,38,1.0
3478,86,0.0,39,1.0
3479,86,0.0,40,1.0
3480,87,0.0,1,0.0
3481,87,0.0,2,0.6
3482,87,0.0,3,0.4
3483,87,0.0,4,0.6
3484,87,0.0,5,0.4
3485,87,0.0,6,0.6
3486,87,0.0,7,0.6
3487,87,0.0,8,0.6
3488,87,0.0,9,0.6
3489,87,0.0,10,0.6
3490,87,0.0,11,0.6
3491,87,0.0,12,0.6
3492,87,0.0,13,0.8
3493,87,0.0,14,0.8
3494,87,0.0,15,1.0
3495,87,0.0,16,1.0
3496,87,0.0,17,1.0
3497,87,0.0,18,1.0
3498,87,0.0,19,1.0
3499,87,0.0,20,1.0
3500,87,0.0,21,1.0
3501,87,0.0,22,1.0
3502,87,0.0,23,1.0
3503,87,0.0,24,1.0
3504,87,0.0,25,1.0
3505,87,0.0,26,1.0
3506,87,0.0,27,1.0
3507,87,0.0,28,1.0
3508,87,0.0,29,1.0
3509,87,0.0,30,1.0
3510,87,0.0,31,1.0
3511,87,0.0,32,1.0
3512,87,0.0,33,1.0
3513,87,0.0,34,1.0
3514,87,0.0,35,1.0
3515,87,0.0,36,1.0
3516,87,0.0,37,1.0
3517,87,0.0,38,1.0
3518,87,0.0,39,1.0
3519,87,0.0,40,1.0
3520,88,0.0,1,1.0
3521,88,0.0,2,1.0
3522,88,0.0,3,1.0
3523,88,0.0,4,1.0
3524,88,0.0,5,1.0
3525,88,0.0,6,1.0
3526,88,0.0,7,1.0
3527,88,0.0,8,1.0
3528,88,0.0,9,1.0
3529,88,0.0,10,1.0
3530,88,0.0,11,1.0
3531,88,0.0,12,1.0
3532,88,0.0,13,1.0
3533,88,0.0,14,1.0
3534,88,0.0,15,1.0
3535,88,0.0,16,1.0
3536,88,0.0,17,1.0
3537,88,0.0,18,1.0
3538,88,0.0,19,1.0
3539,88,0.0,20,1.0
3540,88,0.0,21,1.0
3541,88,0.0,22,1.0
3542,88,0.0,23,1.0
3543,88,0.0,24,1.0
3544,88,0.0,25,1.0
3545,88,0.0,26,1.0
3546,88,0.0,27,1.0
3547,88,0.0,28,1.0
3548,88,0.0,29,1.0
3549,88,0.0,30,1.0
3550,88,0.0,31,1.0
3551,88,0.0,32,1.0
3552,88,0.0,33,1.0
3553,88,0.0,34,1.0
3554,88,0.0,35,1.0
3555,88,0.0,36,1.0
3556,88,0.0,37,1.0
3557,88,0.0,38,1.0
3558,88,0.0,39,1.0
3559,88,0.0,40,1.0
3560,89,0.0,1,0.0
3561,89,0.0,2,0.6
3562,89,0.0,3,0.6
3563,89,0.0,4,0.6
3564,89,0.0,5,0.6
3565,89,0.0,6,0.6
3566,89,0.0,7,0.4
3567,89,0.0,8,0.4
3568,89,0.0,9,0.6
3569,89,0.0,10,0.4
3570,89,0.0,11,0.6
3571,89,0.0,12,0.6
3572,89,0.0,13,0.6
3573,89,0.0,14,0.6
3574,89,0.0,15,0.6
3575,89,0.0,16,0.8
3576,89,0.0,17,0.8
3577,89,0.0,18,0.8
3578,89,0.0,19,1.0
3579,89,0.0,20,1.0
3580,89,0.0,21,1.0
3581,89,0.0,22,1.0
3582,89,0.0,23,1.0
3583,89,0.0,24,0.8
3584,89,0.0,25,0.8
3585,89,0.0,26,0.8
3586,89,0.0,27,0.8
3587,89,0.0,28,0.8
3588,89,0.0,29,0.8
3589,89,0.0,30,0.8
3590,89,0.0,31,0.8
3591,89,0.0,32,0.8
3592,89,0.0,33,1.0
3593,89,0.0,34,1.0
3594,89,0.0,35,1.0
3595,89,0.0,36,1.0
3596,89,0.0,37,1.0
3597,89,0.0,38,0.8
3598,89,0.0,39,0.8
3599,89,0.0,40,0.8
3600,90,0.0,1,1.0
3601,90,0.0,2,1.0
3602,90,0.0,3,1.0
3603,90,0.0,4,1.0
3604,90,0.0,5,1.0
3605,90,0.0,6,0.8
3606,90,0.0,7,0.6
3607,90,0.0,8,0.6
3608,90,0.0,9,0.6
3609,90,0.0,10,1.0
3610,90,0.0,11,1.0
3611,90,0.0,12,1.0
3612,90,0.0,13,1.0
3613,90,0.0,14,1.0
3614,90,0.0,15,1.0
3615,90,0.0,16,1.0
3616,90,0.0,17,1.0
3617,90,0.0,18,1.0
3618,90,0.0,19,1.0
3619,90,0.0,20,1.0
3620,90,0.0,21,1.0
3621,90,0.0,22,1.0
3622,90,0.0,23,1.0
3623,90,0.0,24,1.0
3624,90,0.0,25,1.0
3625,90,0.0,26,1.0
3626,90,0.0,27,1.0
3627,90,0.0,28,1.0
3628,90,0.0,29,1.0
3629,90,0.0,30,1.0
3630,90,0.0,31,0.8
3631,90,0.0,32,0.8
3632,90,0.0,33,0.8
3633,90,0.0,34,0.8
3634,90,0.0,35,0.8
3635,90,0.0,36,0.8
3636,90,0.0,37,0.8
3637,90,0.0,38,0.8
3638,90,0.0,39,0.8
3639,90,0.0,40,1.0
3640,91,0.0,1,0.8
3641,91,0.0,2,0.8
3642,91,0.0,3,1.0
3643,91,0.0,4,1.0
3644,91,0.0,5,0.8
3645,91,0.0,6,0.8
3646,91,0.0,7,0.8
3647,91,0.0,8,0.8
3648,91,0.0,9,0.6
3649,91,0.0,10,0.8
3650,91,0.0,11,0.8
3651,91,0.0,12,0.8
3652,91,0.0,13,0.6
3653,91,0.0,14,1.0
3654,91,0.0,15,0.8
3655,91,0.0,16,0.8
3656,91,0.0,17,0.8
3657,91,0.0,18,0.8
3658,91,0.0,19,0.8
3659,91,0.0,20,0.8
3660,91,0.0,21,0.8
3661,91,0.0,22,0.8
3662,91,0.0,23,0.8
3663,91,0.0,24,0.6
3664,91,0.0,25,0.6
3665,91,0.0,26,0.6
3666,91,0.0,27,0.6
3667,91,0.0,28,0.6
3668,91,0.0,29,0.6
3669,91,0.0,30,0.6
3670,91,0.0,31,0.6
3671,91,0.0,32,0.6
3672,91,0.0,33,0.6
3673,91,0.0,34,0.6
3674,91,0.0,35,0.6
3675,91,0.0,36,0.6
3676,91,0.0,37,0.6
3677,91,0.0,38,0.8
3678,91,0.0,39,0.8
3679,91,0.0,40,0.8
3680,92,0.0,1,0.6
3681,92,0.0,2,0.4
3682,92,0.0,3,0.4
3683,92,0.0,4,0.4
3684,92,0.0,5,0.4
3685,92,0.0,6,0.4
3686,92,0.0,7,0.4
3687,92,0.0,8,0.4
3688,92,0.0,9,0.8
3689,92,0.0,10,1.0
3690,92,0.0,11,0.8
3691,92,0.0,12,1.0
3692,92,0.0,13,0.8
3693,92,0.0,14,0.8
3694,92,0.0,15,0.8
3695,92,0.0,16,0.8
3696,92,0.0,17,0.8
3697,92,0.0,18,1.0
3698,92,0.0,19,0.8
3699,92,0.0,20,0.8
3700,92,0.0,21,0.8
3701,92,0.0,22,0.8
3702,92,0.0,23,0.8
3703,92,0.0,24,0.8
3704,92,0.0,25,0.8
3705,92,0.0,26,0.8
3706,92,0.0,27,0.8
3707,92,0.0,28,0.8
3708,92,0.0,29,0.8
3709,92,0.0,30,0.8
3710,92,0.0,31,0.8
3711,92,0.0,32,0.8
3712,92,0.0,33,0.8
3713,92,0.0,34,0.8
3714,92,0.0,35,0.6
3715,92,0.0,36,0.6
3716,92,0.0,37,0.8
3717,92,0.0,38,1.0
3718,92,0.0,39,0.8
3719,92,0.0,40,1.0
3720,93,0.0,1,0.8
3721,93,0.0,2,0.8
3722,93,0.0,3,0.8
3723,93,0.0,4,0.8
3724,93,0.0,5,0.8
3725,93,0.0,6,0.8
3726,93,0.0,7,0.8
3727,93,0.0,8,1.0
3728,93,0.0,9,1.0
3729,93,0.0,10,1.0
3730,93,0.0,11,1.0
3731,93,0.0,12,1.0
3732,93,0.0,13,1.0
3733,93,0.0,14,1.0
3734,93,0.0,15,1.0
3735,93,0.0,16,1.0
3736,93,0.0,17,1.0
3737,93,0.0,18,1.0
3738,93,0.0,19,1.0
3739,93,0.0,20,1.0
3740,93,0.0,21,1.0
3741,93,0.0,22,1.0
3742,93,0.0,23,1.0
3743,93,0.0,24,1.0
3744,93,0.0,25,0.8
3745,93,0.0,26,0.8
3746,93,0.0,27,0.8
3747,93,0.0,28,0.8
3748,93,0.0,29,0.8
3749,93,0.0,30,0.8
3750,93,0.0,31,0.8
3751,93,0.0,32,1.0
3752,93,0.0,33,1.0
3753,93,0.0,34,1.0
3754,93,0.0,35,1.0
3755,93,0.0,36,1.0
3756,93,0.0,37,1.0
3757,93,0.0,38,1.0
3758,93,0.0,39,1.0
3759,93,0.0,40,0.8
3760,94,0.0,1,0.6
3761,94,0.0,2,0.6
3762,94,0.0,3,0.8
3763,94,0.0,4,1.0
3764,94,0.0,5,0.8
3765,94,0.0,6,0.8
3766,94,0.0,7,0.8
3767,94,0.0,8,0.8
3768,94,0.0,9,0.8
3769,94,0.0,10,0.8
3770,94,0.0,11,1.0
3771,94,0.0,12,1.0
3772,94,0.0,13,1.0
3773,94,0.0,14,0.8
3774,94,0.0,15,0.8
3775,94,0.0,16,0.8
3776,94,0.0,17,0.8
3777,94,0.0,18,0.8
3778,94,0.0,19,0.8
3779,94,0.0,20,0.8
3780,94,0.0,21,0.8
3781,94,0.0,22,0.8
3782,94,0.0,23,0.8
3783,94,0.0,24,0.8
3784,94,0.0,25,0.8
3785,94,0.0,26,0.8
3786,94,0.0,27,0.8
3787,94,0.0,28,0.8
3788,94,0.0,29,0.8
3789,94,0.0,30,0.8
3790,94,0.0,31,0.8
3791,94,0.0,32,0.8
3792,94,0.0,33,0.8
3793,94,0.0,34,0.8
3794,94,0.0,35,0.8
3795,94,0.0,36,0.8
3796,94,0.0,37,0.8
3797,94,0.0,38,0.8
3798,94,0.0,39,0.8
3799,94,0.0,40,0.8
3800,95,0.0,1,0.6
3801,95,0.0,2,0.6
3802,95,0.0,3,0.6
3803,95,0.0,4,0.6
3804,95,0.0,5,0.8
3805,95,0.0,6,1.0
3806,95,0.0,7,1.0
3807,95,0.0,8,1.0
3808,95,0.0,9,1.0
3809,95,0.0,10,1.0
3810,95,0.0,11,1.0
3811,95,0.0,12,0.8
3812,95,0.0,13,0.8
3813,95,0.0,14,1.0
3814,95,0.0,15,1.0
3815,95,0.0,16,1.0
3816,95,0.0,17,1.0
3817,95,0.0,18,1.0
3818,95,0.0,19,1.0
3819,95,0.0,20,1.0
3820,95,0.0,21,1.0
3821,95,0.0,22,1.0
3822,95,0.0,23,1.0
3823,95,0.0,24,1.0
3824,95,0.0,25,1.0
3825,95,0.0,26,1.0
3826,95,0.0,27,1.0
3827,95,0.0,28,1.0
3828,95,0.0,29,1.0
3829,95,0.0,30,1.0
3830,95,0.0,31,1.0
3831,95,0.0,32,1.0
3832,95,0.0,33,1.0
3833,95,0.0,34,1.0
3834,95,0.0,35,1.0
3835,95,0.0,36,1.0
3836,95,0.0,37,1.0
3837,95,0.0,38,1.0
3838,95,0.0,39,1.0
3839,95,0.0,40,1.0
3840,96,0.0,1,0.0
3841,96,0.0,2,0.4
3842,96,0.0,3,0.4
3843,96,0.0,4,0.4
3844,96,0.0,5,0.4
3845,96,0.0,6,0.4
3846,96,0.0,7,0.4
3847,96,0.0,8,1.0
3848,96,0.0,9,0.8
3849,96,0.0,10,0.8
3850,96,0.0,11,0.8
3851,96,0.0,12,0.8
3852,96,0.0,13,0.8
3853,96,0.0,14,0.8
3854,96,0.0,15,0.8
3855,96,0.0,16,0.8
3856,96,0.0,17,0.8
3857,96,0.0,18,0.8
3858,96,0.0,19,0.8
3859,96,0.0,20,0.8
3860,96,0.0,21,0.8
3861,96,0.0,22,0.8
3862,96,0.0,23,0.8
3863,96,0.0,24,0.8
3864,96,0.0,25,0.8
3865,96,0.0,26,0.8
3866,96,0.0,27,0.8
3867,96,0.0,28,0.8
3868,96,0.0,29,0.8
3869,96,0.0,30,0.8
3870,96,0.0,31,0.8
3871,96,0.0,32,0.8
3872,96,0.0,33,0.8
3873,96,0.0,34,0.8
3874,96,0.0,35,0.8
3875,96,0.0,36,0.8
3876,96,0.0,37,0.8
3877,96,0.0,38,0.8
3878,96,0.0,39,0.8
3879,96,0.0,40,0.8
3880,97,0.0,1,1.0
3881,97,0.0,2,1.0
3882,97,0.0,3,1.0
3883,97,0.0,4,1.0
3884,97,0.0,5,1.0
3885,97,0.0,6,0.8
3886,97,0.0,7,1.0
3887,97,0.0,8,1.0
3888,97,0.0,9,1.0
3889,97,0.0,10,1.0
3890,97,0.0,11,1.0
3891,97,0.0,12,1.0
3892,97,0.0,13,1.0
3893,97,0.0,14,1.0
3894,97,0.0,15,1.0
3895,97,0.0,16,1.0
3896,97,0.0,17,1.0
3897,97,0.0,18,1.0
3898,97,0.0,19,1.0
3899,97,0.0,20,1.0
3900,97,0.0,21,1.0
3901,97,0.0,22,1.0
3902,97,0.0,23,1.0
3903,97,0.0,24,1.0
3904,97,0.0,25,1.0
3905,97,0.0,26,1.0
3906,97,0.0,27,1.0
3907,97,0.0,28,1.0
3908,97,0.0,29,1.0
3909,97,0.0,30,1.0
3910,97,0.0,31,1.0
3911,97,0.0,32,1.0
3912,97,0.0,33,1.0
3913,97,0.0,34,1.0
3914,97,0.0,35,0.8
3915,97,0.0,36,0.8
3916,97,0.0,37,0.8
3917,97,0.0,38,0.8
3918,97,0.0,39,1.0
3919,97,0.0,40,0.8
3920,98,0.0,1,0.0
3921,98,0.0,2,0.4
3922,98,0.0,3,0.4
3923,98,0.0,4,0.2
3924,98,0.0,5,0.6
3925,98,0.0,6,0.4
3926,98,0.0,7,0.4
3927,98,0.0,8,0.4
3928,98,0.0,9,0.6
3929,98,0.0,10,0.6
3930,98,0.0,11,0.6
3931,98,0.0,12,0.6
3932,98,0.0,13,0.8
3933,98,0.0,14,0.8
3934,98,0.0,15,0.8
3935,98,0.0,16,0.8
3936,98,0.0,17,0.8
3937,98,0.0,18,0.8
3938,98,0.0,19,0.8
3939,98,0.0,20,0.8
3940,98,0.0,21,0.8
3941,98,0.0,22,0.8
3942,98,0.0,23,0.8
3943,98,0.0,24,0.8
3944,98,0.0,25,0.8
3945,98,0.0,26,1.0
3946,98,0.0,27,1.0
3947,98,0.0,28,0.8
3948,98,0.0,29,0.8
3949,98,0.0,30,0.8
3950,98,0.0,31,0.8
3951,98,0.0,32,0.8
3952,98,0.0,33,0.8
3953,98,0.0,34,0.8
3954,98,0.0,35,0.8
3955,98,0.0,36,0.8
3956,98,0.0,37,0.8
3957,98,0.0,38,0.8
3958,98,0.0,39,0.8
3959,98,0.0,40,0.8
3960,99,0.0,1,1.0
3961,99,0.0,2,1.0
3962,99,0.0,3,1.0
3963,99,0.0,4,1.0
3964,99,0.0,5,1.0
3965,99,0.0,6,1.0
3966,99,0.0,7,1.0
3967,99,0.0,8,1.0
3968,99,0.0,9,0.8
3969,99,0.0,10,0.8
3970,99,0.0,11,0.8
3971,99,0.0,12,0.8
3972,99,0.0,13,0.8
3973,99,0.0,14,1.0
3974,99,0.0,15,1.0
3975,99,0.0,16,1.0
3976,99,0.0,17,1.0
3977,99,0.0,18,1.0
3978,99,0.0,19,1.0
3979,99,0.0,20,1.0
3980,99,0.0,21,1.0
3981,99,0.0,22,1.0
3982,99,0.0,23,1.0
3983,99,0.0,24,1.0
3984,99,0.0,25,1.0
3985,99,0.0,26,1.0
3986,99,0.0,27,1.0
3987,99,0.0,28,1.0
3988,99,0.0,29,1.0
3989,99,0.0,30,1.0
3990,99,0.0,31,1.0
3991,99,0.0,32,1.0
3992,99,0.0,33,1.0
3993,99,0.0,34,1.0
3994,99,0.0,35,1.0
3995,99,0.0,36,1.0
3996,99,0.0,37,1.0
3997,99,0.0,38,1.0
3998,99,0.0,39,1.0
3999,99,0.0,40,1.0
4000,100,0.0,1,0.8
4001,100,0.0,2,0.8
4002,100,0.0,3,0.8
4003,100,0.0,4,0.6
4004,100,0.0,5,0.6
4005,100,0.0,6,0.6
4006,100,0.0,7,0.6
4007,100,0.0,8,0.6
4008,100,0.0,9,0.6
4009,100,0.0,10,0.8
4010,100,0.0,11,0.8
4011,100,0.0,12,1.0
4012,100,0.0,13,1.0
4013,100,0.0,14,1.0
4014,100,0.0,15,0.8
4015,100,0.0,16,0.8
4016,100,0.0,17,0.8
4017,100,0.0,18,0.8
4018,100,0.0,19,0.8
4019,100,0.0,20,0.8
4020,100,0.0,21,0.8
4021,100,0.0,22,0.8
4022,100,0.0,23,0.8
4023,100,0.0,24,0.8
4024,100,0.0,25,0.8
4025,100,0.0,26,1.0
4026,100,0.0,27,0.8
4027,100,0.0,28,0.8
4028,100,0.0,29,0.8
4029,100,0.0,30,0.8
4030,100,0.0,31,0.8
4031,100,0.0,32,0.8
4032,100,0.0,33,0.8
4033,100,0.0,34,0.8
4034,100,0.0,35,0.8
4035,100,0.0,36,0.8
4036,100,0.0,37,0.8
4037,100,0.0,38,0.8
4038,100,0.0,39,0.8
4039,100,0.0,40,0.8
4040,101,0.0,1,0.6
4041,101,0.0,2,0.6
4042,101,0.0,3,0.6
4043,101,0.0,4,0.6
4044,101,0.0,5,0.6
4045,101,0.0,6,0.6
4046,101,0.0,7,0.6
4047,101,0.0,8,0.6
4048,101,0.0,9,0.6
4049,101,0.0,10,0.6
4050,101,0.0,11,0.6
4051,101,0.0,12,0.6
4052,101,0.0,13,0.6
4053,101,0.0,14,0.6
4054,101,0.0,15,0.8
4055,101,0.0,16,0.6
4056,101,0.0,17,0.6
4057,101,0.0,18,0.8
4058,101,0.0,19,0.6
4059,101,0.0,20,0.8
4060,101,0.0,21,0.8
4061,101,0.0,22,0.8
4062,101,0.0,23,0.8
4063,101,0.0,24,0.8
4064,101,0.0,25,0.8
4065,101,0.0,26,0.8
4066,101,0.0,27,0.8
4067,101,0.0,28,0.8
4068,101,0.0,29,0.8
4069,101,0.0,30,0.8
4070,101,0.0,31,0.8
4071,101,0.0,32,0.8
4072,101,0.0,33,0.8
4073,101,0.0,34,0.8
4074,101,0.0,35,0.8
4075,101,0.0,36,0.8
4076,101,0.0,37,0.8
4077,101,0.0,38,0.8
4078,101,0.0,39,0.8
4079,101,0.0,40,0.8
4080,102,0.0,1,0.8
4081,102,0.0,2,0.8
4082,102,0.0,3,0.6
4083,102,0.0,4,0.8
4084,102,0.0,5,0.8
4085,102,0.0,6,0.6
4086,102,0.0,7,0.8
4087,102,0.0,8,0.8
4088,102,0.0,9,0.8
4089,102,0.0,10,0.8
4090,102,0.0,11,0.8
4091,102,0.0,12,1.0
4092,102,0.0,13,1.0
4093,102,0.0,14,1.0
4094,102,0.0,15,1.0
4095,102,0.0,16,1.0
4096,102,0.0,17,1.0
4097,102,0.0,18,1.0
4098,102,0.0,19,1.0
4099,102,0.0,20,1.0
4100,102,0.0,21,1.0
4101,102,0.0,22,1.0
4102,102,0.0,23,1.0
4103,102,0.0,24,1.0
4104,102,0.0,25,1.0
4105,102,0.0,26,1.0
4106,102,0.0,27,1.0
4107,102,0.0,28,1.0
4108,102,0.0,29,1.0
4109,102,0.0,30,1.0
4110,102,0.0,31,1.0
4111,102,0.0,32,1.0
4112,102,0.0,33,1.0
4113,102,0.0,34,1.0
4114,102,0.0,35,1.0
4115,102,0.0,36,1.0
4116,102,0.0,37,1.0
4117,102,0.0,38,1.0
4118,102,0.0,39,1.0
4119,102,0.0,40,1.0
4120,103,0.0,1,0.6
4121,103,0.0,2,0.4
4122,103,0.0,3,0.4
4123,103,0.0,4,0.6
4124,103,0.0,5,0.8
4125,103,0.0,6,0.6
4126,103,0.0,7,0.6
4127,103,0.0,8,0.6
4128,103,0.0,9,0.6
4129,103,0.0,10,0.6
4130,103,0.0,11,0.6
4131,103,0.0,12,0.6
4132,103,0.0,13,0.8
4133,103,0.0,14,0.8
4134,103,0.0,15,0.8
4135,103,0.0,16,0.8
4136,103,0.0,17,1.0
4137,103,0.0,18,0.8
4138,103,0.0,19,0.8
4139,103,0.0,20,0.8
4140,103,0.0,21,0.8
4141,103,0.0,22,0.8
4142,103,0.0,23,0.8
4143,103,0.0,24,1.0
4144,103,0.0,25,1.0
4145,103,0.0,26,1.0
4146,103,0.0,27,1.0
4147,103,0.0,28,1.0
4148,103,0.0,29,1.0
4149,103,0.0,30,1.0
4150,103,0.0,31,1.0
4151,103,0.0,32,1.0
4152,103,0.0,33,1.0
4153,103,0.0,34,1.0
4154,103,0.0,35,1.0
4155,103,0.0,36,1.0
4156,103,0.0,37,1.0
4157,103,0.0,38,1.0
4158,103,0.0,39,1.0
4159,103,0.0,40,1.0
4160,104,0.0,1,0.6
4161,104,0.0,2,0.6
4162,104,0.0,3,0.6
4163,104,0.0,4,0.6
4164,104,0.0,5,0.6
4165,104,0.0,6,0.6
4166,104,0.0,7,0.6
4167,104,0.0,8,0.8
4168,104,0.0,9,0.8
4169,104,0.0,10,0.8
4170,104,0.0,11,0.8
4171,104,0.0,12,1.0
4172,104,0.0,13,0.8
4173,104,0.0,14,1.0
4174,104,0.0,15,0.8
4175,104,0.0,16,0.8
4176,104,0.0,17,1.0
4177,104,0.0,18,0.8
4178,104,0.0,19,1.0
4179,104,0.0,20,1.0
4180,104,0.0,21,1.0
4181,104,0.0,22,1.0
4182,104,0.0,23,1.0
4183,104,0.0,24,1.0
4184,104,0.0,25,1.0
4185,104,0.0,26,1.0
4186,104,0.0,27,1.0
4187,104,0.0,28,1.0
4188,104,0.0,29,1.0
4189,104,0.0,30,1.0
4190,104,0.0,31,1.0
4191,104,0.0,32,1.0
4192,104,0.0,33,1.0
4193,104,0.0,34,1.0
4194,104,0.0,35,1.0
4195,104,0.0,36,1.0
4196,104,0.0,37,1.0
4197,104,0.0,38,1.0
4198,104,0.0,39,1.0
4199,104,0.0,40,1.0
4200,105,0.0,1,0.0
4201,105,0.0,2,0.4
4202,105,0.0,3,0.6
4203,105,0.0,4,0.6
4204,105,0.0,5,0.6
4205,105,0.0,6,0.6
4206,105,0.0,7,0.6
4207,105,0.0,8,0.6
4208,105,0.0,9,0.4
4209,105,0.0,10,0.4
4210,105,0.0,11,0.6
4211,105,0.0,12,0.6
4212,105,0.0,13,0.4
4213,105,0.0,14,0.4
4214,105,0.0,15,0.8
4215,105,0.0,16,0.6
4216,105,0.0,17,1.0
4217,105,0.0,18,1.0
4218,105,0.0,19,1.0
4219,105,0.0,20,1.0
4220,105,0.0,21,1.0
4221,105,0.0,22,1.0
4222,105,0.0,23,1.0
4223,105,0.0,24,1.0
4224,105,0.0,25,1.0
4225,105,0.0,26,1.0
4226,105,0.0,27,1.0
4227,105,0.0,28,1.0
4228,105,0.0,29,1.0
4229,105,0.0,30,1.0
4230,105,0.0,31,1.0
4231,105,0.0,32,1.0
4232,105,0.0,33,1.0
4233,105,0.0,34,1.0
4234,105,0.0,35,1.0
4235,105,0.0,36,1.0
4236,105,0.0,37,1.0
4237,105,0.0,38,1.0
4238,105,0.0,39,1.0
4239,105,0.0,40,1.0
4240,106,0.0,1,1.0
4241,106,0.0,2,1.0
4242,106,0.0,3,1.0
4243,106,0.0,4,1.0
4244,106,0.0,5,1.0
4245,106,0.0,6,1.0
4246,106,0.0,7,0.8
4247,106,0.0,8,0.8
4248,106,0.0,9,0.8
4249,106,0.0,10,0.8
4250,106,0.0,11,1.0
4251,106,0.0,12,1.0
4252,106,0.0,13,1.0
4253,106,0.0,14,1.0
4254,106,0.0,15,1.0
4255,106,0.0,16,1.0
4256,106,0.0,17,1.0
4257,106,0.0,18,1.0
4258,106,0.0,19,0.8
4259,106,0.0,20,1.0
4260,106,0.0,21,1.0
4261,106,0.0,22,1.0
4262,106,0.0,23,0.8
4263,106,0.0,24,0.8
4264,106,0.0,25,0.8
4265,106,0.0,26,0.8
4266,106,0.0,27,0.8
4267,106,0.0,28,0.8
4268,106,0.0,29,0.8
4269,106,0.0,30,0.8
4270,106,0.0,31,0.8
4271,106,0.0,32,0.8
4272,106,0.0,33,0.8
4273,106,0.0,34,0.8
4274,106,0.0,35,0.8
4275,106,0.0,36,0.8
4276,106,0.0,37,0.8
4277,106,0.0,38,0.8
4278,106,0.0,39,0.8
4279,106,0.0,40,0.8
4280,107,0.0,1,0.0
4281,107,0.0,2,0.2
4282,107,0.0,3,0.8
4283,107,0.0,4,1.0
4284,107,0.0,5,1.0
4285,107,0.0,6,1.0
4286,107,0.0,7,1.0
4287,107,0.0,8,1.0
4288,107,0.0,9,1.0
4289,107,0.0,10,1.0
4290,107,0.0,11,1.0
4291,107,0.0,12,1.0
4292,107,0.0,13,1.0
4293,107,0.0,14,1.0
4294,107,0.0,15,1.0
4295,107,0.0,16,1.0
4296,107,0.0,17,1.0
4297,107,0.0,18,1.0
4298,107,0.0,19,1.0
4299,107,0.0,20,1.0
4300,107,0.0,21,1.0
4301,107,0.0,22,1.0
4302,107,0.0,23,1.0
4303,107,0.0,24,1.0
4304,107,0.0,25,1.0
4305,107,0.0,26,1.0
4306,107,0.0,27,1.0
4307,107,0.0,28,1.0
4308,107,0.0,29,1.0
4309,107,0.0,30,1.0
4310,107,0.0,31,1.0
4311,107,0.0,32,1.0
4312,107,0.0,33,1.0
4313,107,0.0,34,1.0
4314,107,0.0,35,1.0
4315,107,0.0,36,1.0
4316,107,0.0,37,1.0
4317,107,0.0,38,1.0
4318,107,0.0,39,1.0
4319,107,0.0,40,1.0
4320,108,0.0,1,1.0
4321,108,0.0,2,1.0
4322,108,0.0,3,1.0
4323,108,0.0,4,1.0
4324,108,0.0,5,1.0
4325,108,0.0,6,1.0
4326,108,0.0,7,1.0
4327,108,0.0,8,1.0
4328,108,0.0,9,1.0
4329,108,0.0,10,1.0
4330,108,0.0,11,1.0
4331,108,0.0,12,1.0
4332,108,0.0,13,1.0
4333,108,0.0,14,1.0
4334,108,0.0,15,1.0
4335,108,0.0,16,1.0
4336,108,0.0,17,1.0
4337,108,0.0,18,1.0
4338,108,0.0,19,1.0
4339,108,0.0,20,1.0
4340,108,0.0,21,0.8
4341,108,0.0,22,0.8
4342,108,0.0,23,0.8
4343,108,0.0,24,0.8
4344,108,0.0,25,0.8
4345,108,0.0,26,0.8
4346,108,0.0,27,0.8
4347,108,0.0,28,0.8
4348,108,0.0,29,0.8
4349,108,0.0,30,0.8
4350,108,0.0,31,0.8
4351,108,0.0,32,0.8
4352,108,0.0,33,0.8
4353,108,0.0,34,0.8
4354,108,0.0,35,0.8
4355,108,0.0,36,0.8
4356,108,0.0,37,0.8
4357,108,0.0,38,0.8
4358,108,0.0,39,0.8
4359,108,0.0,40,0.8
4360,109,0.0,1,0.8
4361,109,0.0,2,0.8
4362,109,0.0,3,0.8
4363,109,0.0,4,0.8
4364,109,0.0,5,0.8
4365,109,0.0,6,1.0
4366,109,0.0,7,1.0
4367,109,0.0,8,1.0
4368,109,0.0,9,1.0
4369,109,0.0,10,1.0
4370,109,0.0,11,0.8
4371,109,0.0,12,0.8
4372,109,0.0,13,0.6
4373,109,0.0,14,0.8
4374,109,0.0,15,0.8
4375,109,0.0,16,0.8
4376,109,0.0,17,0.8
4377,109,0.0,18,0.8
4378,109,0.0,19,1.0
4379,109,0.0,20,1.0
4380,109,0.0,21,1.0
4381,109,0.0,22,1.0
4382,109,0.0,23,1.0
4383,109,0.0,24,1.0
4384,109,0.0,25,1.0
4385,109,0.0,26,1.0
4386,109,0.0,27,1.0
4387,109,0.0,28,1.0
4388,109,0.0,29,1.0
4389,109,0.0,30,1.0
4390,109,0.0,31,1.0
4391,109,0.0,32,1.0
4392,109,0.0,33,1.0
4393,109,0.0,34,1.0
4394,109,0.0,35,1.0
4395,109,0.0,36,1.0
4396,109,0.0,37,1.0
4397,109,0.0,38,1.0
4398,109,0.0,39,1.0
4399,109,0.0,40,1.0
4400,110,0.0,1,0.6
4401,110,0.0,2,0.6
4402,110,0.0,3,0.8
4403,110,0.0,4,1.0
4404,110,0.0,5,1.0
4405,110,0.0,6,1.0
4406,110,0.0,7,1.0
4407,110,0.0,8,1.0
4408,110,0.0,9,1.0
4409,110,0.0,10,1.0
4410,110,0.0,11,1.0
4411,110,0.0,12,0.8
4412,110,0.0,13,0.8
4413,110,0.0,14,1.0
4414,110,0.0,15,1.0
4415,110,0.0,16,0.8
4416,110,0.0,17,1.0
4417,110,0.0,18,1.0
4418,110,0.0,19,0.8
4419,110,0.0,20,0.8
4420,110,0.0,21,0.8
4421,110,0.0,22,0.8
4422,110,0.0,23,0.8
4423,110,0.0,24,0.8
4424,110,0.0,25,0.8
4425,110,0.0,26,0.8
4426,110,0.0,27,0.8
4427,110,0.0,28,0.8
4428,110,0.0,29,0.8
4429,110,0.0,30,0.8
4430,110,0.0,31,0.8
4431,110,0.0,32,0.8
4432,110,0.0,33,0.8
4433,110,0.0,34,0.8
4434,110,0.0,35,0.8
4435,110,0.0,36,0.8
4436,110,0.0,37,0.8
4437,110,0.0,38,0.8
4438,110,0.0,39,0.8
4439,110,0.0,40,0.8
4440,111,0.0,1,0.8
4441,111,0.0,2,0.8
4442,111,0.0,3,0.8
4443,111,0.0,4,0.8
4444,111,0.0,5,1.0
4445,111,0.0,6,0.8
4446,111,0.0,7,0.8
4447,111,0.0,8,0.8
4448,111,0.0,9,0.8
4449,111,0.0,10,1.0
4450,111,0.0,11,1.0
4451,111,0.0,12,0.8
4452,111,0.0,13,1.0
4453,111,0.0,14,0.8
4454,111,0.0,15,0.8
4455,111,0.0,16,0.8
4456,111,0.0,17,0.8
4457,111,0.0,18,0.8
4458,111,0.0,19,0.8
4459,111,0.0,20,0.8
4460,111,0.0,21,0.6
4461,111,0.0,22,0.6
4462,111,0.0,23,0.8
4463,111,0.0,24,0.8
4464,111,0.0,25,0.6
4465,111,0.0,26,0.8
4466,111,0.0,27,0.8
4467,111,0.0,28,0.8
4468,111,0.0,29,0.8
4469,111,0.0,30,0.8
4470,111,0.0,31,0.8
4471,111,0.0,32,0.8
4472,111,0.0,33,0.8
4473,111,0.0,34,0.8
4474,111,0.0,35,0.8
4475,111,0.0,36,0.8
4476,111,0.0,37,0.8
4477,111,0.0,38,0.8
4478,111,0.0,39,0.8
4479,111,0.0,40,0.8
4480,112,0.0,1,0.6
4481,112,0.0,2,1.0
4482,112,0.0,3,1.0
4483,112,0.0,4,1.0
4484,112,0.0,5,1.0
4485,112,0.0,6,1.0
4486,112,0.0,7,1.0
4487,112,0.0,8,1.0
4488,112,0.0,9,1.0
4489,112,0.0,10,1.0
4490,112,0.0,11,1.0
4491,112,0.0,12,1.0
4492,112,0.0,13,1.0
4493,112,0.0,14,1.0
4494,112,0.0,15,1.0
4495,112,0.0,16,1.0
4496,112,0.0,17,1.0
4497,112,0.0,18,1.0
4498,112,0.0,19,1.0
4499,112,0.0,20,1.0
4500,112,0.0,21,1.0
4501,112,0.0,22,1.0
4502,112,0.0,23,1.0
4503,112,0.0,24,1.0
4504,112,0.0,25,1.0
4505,112,0.0,26,1.0
4506,112,0.0,27,1.0
4507,112,0.0,28,1.0
4508,112,0.0,29,1.0
4509,112,0.0,30,1.0
4510,112,0.0,31,1.0
4511,112,0.0,32,1.0
4512,112,0.0,33,1.0
4513,112,0.0,34,1.0
4514,112,0.0,35,1.0
4515,112,0.0,36,1.0
4516,112,0.0,37,1.0
4517,112,0.0,38,1.0
4518,112,0.0,39,1.0
4519,112,0.0,40,1.0
4520,113,0.0,1,0.6
4521,113,0.0,2,0.6
4522,113,0.0,3,0.6
4523,113,0.0,4,1.0
4524,113,0.0,5,1.0
4525,113,0.0,6,1.0
4526,113,0.0,7,0.8
4527,113,0.0,8,0.8
4528,113,0.0,9,1.0
4529,113,0.0,10,0.8
4530,113,0.0,11,0.8
4531,113,0.0,12,0.8
4532,113,0.0,13,0.8
4533,113,0.0,14,0.8
4534,113,0.0,15,0.8
4535,113,0.0,16,0.8
4536,113,0.0,17,0.8
4537,113,0.0,18,1.0
4538,113,0.0,19,0.8
4539,113,0.0,20,1.0
4540,113,0.0,21,1.0
4541,113,0.0,22,1.0
4542,113,0.0,23,1.0
4543,113,0.0,24,1.0
4544,113,0.0,25,1.0
4545,113,0.0,26,0.8
4546,113,0.0,27,1.0
4547,113,0.0,28,1.0
4548,113,0.0,29,1.0
4549,113,0.0,30,1.0
4550,113,0.0,31,1.0
4551,113,0.0,32,1.0
4552,113,0.0,33,1.0
4553,113,0.0,34,1.0
4554,113,0.0,35,1.0
4555,113,0.0,36,1.0
4556,113,0.0,37,1.0
4557,113,0.0,38,1.0
4558,113,0.0,39,1.0
4559,113,0.0,40,0.8
4560,114,0.0,1,0.0
4561,114,0.0,2,0.8
4562,114,0.0,3,0.8
4563,114,0.0,4,0.6
4564,114,0.0,5,0.6
4565,114,0.0,6,0.6
4566,114,0.0,7,0.4
4567,114,0.0,8,0.6
4568,114,0.0,9,0.6
4569,114,0.0,10,0.6
4570,114,0.0,11,0.6
4571,114,0.0,12,0.6
4572,114,0.0,13,0.6
4573,114,0.0,14,0.6
4574,114,0.0,15,0.6
4575,114,0.0,16,0.6
4576,114,0.0,17,0.6
4577,114,0.0,18,0.6
4578,114,0.0,19,0.6
4579,114,0.0,20,0.6
4580,114,0.0,21,0.6
4581,114,0.0,22,0.6
4582,114,0.0,23,0.6
4583,114,0.0,24,0.6
4584,114,0.0,25,0.6
4585,114,0.0,26,0.6
4586,114,0.0,27,0.6
4587,114,0.0,28,0.6
4588,114,0.0,29,0.6
4589,114,0.0,30,0.6
4590,114,0.0,31,0.6
4591,114,0.0,32,0.6
4592,114,0.0,33,0.6
4593,114,0.0,34,0.6
4594,114,0.0,35,0.6
4595,114,0.0,36,0.6
4596,114,0.0,37,0.6
4597,114,0.0,38,0.6
4598,114,0.0,39,0.6
4599,114,0.0,40,0.6
4600,115,0.0,1,1.0
4601,115,0.0,2,1.0
4602,115,0.0,3,1.0
4603,115,0.0,4,1.0
4604,115,0.0,5,1.0
4605,115,0.0,6,1.0
4606,115,0.0,7,1.0
4607,115,0.0,8,1.0
4608,115,0.0,9,1.0
4609,115,0.0,10,1.0
4610,115,0.0,11,0.8
4611,115,0.0,12,1.0
4612,115,0.0,13,1.0
4613,115,0.0,14,1.0
4614,115,0.0,15,0.8
4615,115,0.0,16,0.8
4616,115,0.0,17,0.8
4617,115,0.0,18,0.8
4618,115,0.0,19,0.8
4619,115,0.0,20,0.8
4620,115,0.0,21,1.0
4621,115,0.0,22,0.8
4622,115,0.0,23,0.8
4623,115,0.0,24,0.8
4624,115,0.0,25,0.8
4625,115,0.0,26,0.8
4626,115,0.0,27,0.8
4627,115,0.0,28,0.8
4628,115,0.0,29,0.8
4629,115,0.0,30,0.8
4630,115,0.0,31,0.8
4631,115,0.0,32,0.8
4632,115,0.0,33,0.8
4633,115,0.0,34,0.8
4634,115,0.0,35,0.8
4635,115,0.0,36,0.8
4636,115,0.0,37,0.8
4637,115,0.0,38,0.8
4638,115,0.0,39,0.8
4639,115,0.0,40,0.8
4640,116,0.0,1,0.0
4641,116,0.0,2,0.2
4642,116,0.0,3,0.6
4643,116,0.0,4,0.8
4644,116,0.0,5,0.4
4645,116,0.0,6,0.6
4646,116,0.0,7,0.4
4647,116,0.0,8,0.4
4648,116,0.0,9,0.4
4649,116,0.0,10,0.4
4650,116,0.0,11,0.4
4651,116,0.0,12,0.4
4652,116,0.0,13,0.4
4653,116,0.0,14,0.4
4654,116,0.0,15,0.4
4655,116,0.0,16,0.4
4656,116,0.0,17,0.4
4657,116,0.0,18,0.4
4658,116,0.0,19,0.4
4659,116,0.0,20,0.4
4660,116,0.0,21,0.4
4661,116,0.0,22,0.6
4662,116,0.0,23,0.6
4663,116,0.0,24,0.4
4664,116,0.0,25,0.6
4665,116,0.0,26,0.6
4666,116,0.0,27,0.6
4667,116,0.0,28,0.6
4668,116,0.0,29,0.6
4669,116,0.0,30,0.6
4670,116,0.0,31,0.6
4671,116,0.0,32,0.4
4672,116,0.0,33,0.4
4673,116,0.0,34,0.4
4674,116,0.0,35,0.4
4675,116,0.0,36,0.4
4676,116,0.0,37,0.4
4677,116,0.0,38,0.4
4678,116,0.0,39,0.4
4679,116,0.0,40,0.4
4680,117,0.0,1,1.0
4681,117,0.0,2,1.0
4682,117,0.0,3,1.0
4683,117,0.0,4,0.8
4684,117,0.0,5,1.0
4685,117,0.0,6,1.0
4686,117,0.0,7,1.0
4687,117,0.0,8,0.8
4688,117,0.0,9,0.8
4689,117,0.0,10,0.8
4690,117,0.0,11,0.8
4691,117,0.0,12,0.8
4692,117,0.0,13,0.8
4693,117,0.0,14,0.8
4694,117,0.0,15,0.8
4695,117,0.0,16,0.8
4696,117,0.0,17,0.8
4697,117,0.0,18,0.8
4698,117,0.0,19,0.8
4699,117,0.0,20,0.8
4700,117,0.0,21,0.8
4701,117,0.0,22,0.8
4702,117,0.0,23,0.8
4703,117,0.0,24,0.8
4704,117,0.0,25,0.8
4705,117,0.0,26,1.0
4706,117,0.0,27,1.0
4707,117,0.0,28,1.0
4708,117,0.0,29,1.0
4709,117,0.0,30,1.0
4710,117,0.0,31,1.0
4711,117,0.0,32,1.0
4712,117,0.0,33,1.0
4713,117,0.0,34,1.0
4714,117,0.0,35,1.0
4715,117,0.0,36,1.0
4716,117,0.0,37,1.0
4717,117,0.0,38,1.0
4718,117,0.0,39,1.0
4719,117,0.0,40,1.0
4720,118,0.0,1,0.8
4721,118,0.0,2,0.8
4722,118,0.0,3,0.8
4723,118,0.0,4,0.8
4724,118,0.0,5,0.8
4725,118,0.0,6,0.8
4726,118,0.0,7,0.8
4727,118,0.0,8,0.8
4728,118,0.0,9,0.8
4729,118,0.0,10,0.6
4730,118,0.0,11,0.6
4731,118,0.0,12,0.4
4732,118,0.0,13,0.8
4733,118,0.0,14,0.8
4734,118,0.0,15,0.8
4735,118,0.0,16,0.8
4736,118,0.0,17,0.8
4737,118,0.0,18,0.8
4738,118,0.0,19,0.8
4739,118,0.0,20,0.8
4740,118,0.0,21,0.8
4741,118,0.0,22,0.8
4742,118,0.0,23,0.8
4743,118,0.0,24,0.8
4744,118,0.0,25,0.8
4745,118,0.0,26,0.8
4746,118,0.0,27,0.8
4747,118,0.0,28,0.8
4748,118,0.0,29,1.0
4749,118,0.0,30,0.8
4750,118,0.0,31,0.8
4751,118,0.0,32,0.8
4752,118,0.0,33,0.8
4753,118,0.0,34,0.8
4754,118,0.0,35,0.8
4755,118,0.0,36,0.8
4756,118,0.0,37,0.8
4757,118,0.0,38,0.8
4758,118,0.0,39,0.8
4759,118,0.0,40,0.8
4760,119,0.0,1,0.6
4761,119,0.0,2,0.8
4762,119,0.0,3,0.6
4763,119,0.0,4,0.6
4764,119,0.0,5,0.6
4765,119,0.0,6,0.8
4766,119,0.0,7,0.8
4767,119,0.0,8,0.8
4768,119,0.0,9,0.8
4769,119,0.0,10,0.8
4770,119,0.0,11,1.0
4771,119,0.0,12,1.0
4772,119,0.0,13,1.0
4773,119,0.0,14,1.0
4774,119,0.0,15,1.0
4775,119,0.0,16,1.0
4776,119,0.0,17,1.0
4777,119,0.0,18,1.0
4778,119,0.0,19,1.0
4779,119,0.0,20,1.0
4780,119,0.0,21,1.0
4781,119,0.0,22,1.0
4782,119,0.0,23,1.0
4783,119,0.0,24,1.0
4784,119,0.0,25,1.0
4785,119,0.0,26,1.0
4786,119,0.0,27,1.0
4787,119,0.0,28,1.0
4788,119,0.0,29,1.0
4789,119,0.0,30,1.0
4790,119,0.0,31,1.0
4791,119,0.0,32,1.0
4792,119,0.0,33,1.0
4793,119,0.0,34,1.0
4794,119,0.0,35,1.0
4795,119,0.0,36,1.0
4796,119,0.0,37,1.0
4797,119,0.0,38,1.0
4798,119,0.0,39,1.0
4799,119,0.0,40,1.0
4800,120,0.0,1,0.8
4801,120,0.0,2,0.8
4802,120,0.0,3,0.8
4803,120,0.0,4,0.8
4804,120,0.0,5,0.8
4805,120,0.0,6,1.0
4806,120,0.0,7,1.0
4807,120,0.0,8,1.0
4808,120,0.0,9,1.0
4809,120,0.0,10,1.0
4810,120,0.0,11,1.0
4811,120,0.0,12,0.8
4812,120,0.0,13,0.8
4813,120,0.0,14,0.8
4814,120,0.0,15,0.8
4815,120,0.0,16,0.8
4816,120,0.0,17,0.8
4817,120,0.0,18,0.8
4818,120,0.0,19,0.8
4819,120,0.0,20,0.8
4820,120,0.0,21,0.8
4821,120,0.0,22,0.8
4822,120,0.0,23,0.8
4823,120,0.0,24,0.8
4824,120,0.0,25,0.8
4825,120,0.0,26,0.8
4826,120,0.0,27,0.8
4827,120,0.0,28,0.8
4828,120,0.0,29,1.0
4829,120,0.0,30,1.0
4830,120,0.0,31,1.0
4831,120,0.0,32,1.0
4832,120,0.0,33,1.0
4833,120,0.0,34,0.8
4834,120,0.0,35,0.8
4835,120,0.0,36,0.8
4836,120,0.0,37,0.8
4837,120,0.0,38,0.8
4838,120,0.0,39,0.8
4839,120,0.0,40,0.8
4840,121,0.0,1,0.6
4841,121,0.0,2,0.8
4842,121,0.0,3,1.0
4843,121,0.0,4,1.0
4844,121,0.0,5,1.0
4845,121,0.0,6,1.0
4846,121,0.0,7,0.6
4847,121,0.0,8,1.0
4848,121,0.0,9,1.0
4849,121,0.0,10,1.0
4850,121,0.0,11,1.0
4851,121,0.0,12,0.8
4852,121,0.0,13,0.8
4853,121,0.0,14,0.6
4854,121,0.0,15,0.8
4855,121,0.0,16,0.8
4856,121,0.0,17,0.8
4857,121,0.0,18,0.8
4858,121,0.0,19,1.0
4859,121,0.0,20,1.0
4860,121,0.0,21,1.0
4861,121,0.0,22,1.0
4862,121,0.0,23,0.8
4863,121,0.0,24,0.8
4864,121,0.0,25,0.8
4865,121,0.0,26,0.8
4866,121,0.0,27,0.8
4867,121,0.0,28,0.8
4868,121,0.0,29,0.8
4869,121,0.0,30,0.8
4870,121,0.0,31,0.8
4871,121,0.0,32,0.6
4872,121,0.0,33,0.8
4873,121,0.0,34,0.8
4874,121,0.0,35,0.8
4875,121,0.0,36,0.8
4876,121,0.0,37,0.8
4877,121,0.0,38,0.8
4878,121,0.0,39,0.8
4879,121,0.0,40,0.8
4880,122,0.0,1,0.6
4881,122,0.0,2,0.6
4882,122,0.0,3,0.8
4883,122,0.0,4,0.8
4884,122,0.0,5,0.8
4885,122,0.0,6,0.8
4886,122,0.0,7,0.8
4887,122,0.0,8,0.8
4888,122,0.0,9,0.8
4889,122,0.0,10,0.6
4890,122,0.0,11,0.6
4891,122,0.0,12,0.6
4892,122,0.0,13,0.6
4893,122,0.0,14,0.6
4894,122,0.0,15,0.6
4895,122,0.0,16,0.6
4896,122,0.0,17,0.6
4897,122,0.0,18,0.8
4898,122,0.0,19,0.8
4899,122,0.0,20,0.8
4900,122,0.0,21,0.8
4901,122,0.0,22,0.8
4902,122,0.0,23,0.6
4903,122,0.0,24,0.6
4904,122,0.0,25,0.6
4905,122,0.0,26,0.6
4906,122,0.0,27,0.6
4907,122,0.0,28,0.6
4908,122,0.0,29,0.8
4909,122,0.0,30,0.8
4910,122,0.0,31,0.8
4911,122,0.0,32,0.6
4912,122,0.0,33,0.8
4913,122,0.0,34,0.8
4914,122,0.0,35,0.8
4915,122,0.0,36,0.8
4916,122,0.0,37,0.8
4917,122,0.0,38,0.8
4918,122,0.0,39,0.8
4919,122,0.0,40,0.8
4920,123,0.0,1,0.0
4921,123,0.0,2,0.6
4922,123,0.0,3,0.6
4923,123,0.0,4,0.6
4924,123,0.0,5,0.6
4925,123,0.0,6,0.6
4926,123,0.0,7,0.6
4927,123,0.0,8,0.6
4928,123,0.0,9,0.6
4929,123,0.0,10,0.6
4930,123,0.0,11,0.4
4931,123,0.0,12,0.4
4932,123,0.0,13,0.8
4933,123,0.0,14,0.8
4934,123,0.0,15,0.8
4935,123,0.0,16,0.8
4936,123,0.0,17,0.8
4937,123,0.0,18,0.8
4938,123,0.0,19,0.8
4939,123,0.0,20,0.8
4940,123,0.0,21,0.8
4941,123,0.0,22,1.0
4942,123,0.0,23,1.0
4943,123,0.0,24,0.8
4944,123,0.0,25,1.0
4945,123,0.0,26,1.0
4946,123,0.0,27,1.0
4947,123,0.0,28,1.0
4948,123,0.0,29,1.0
4949,123,0.0,30,1.0
4950,123,0.0,31,1.0
4951,123,0.0,32,1.0
4952,123,0.0,33,1.0
4953,123,0.0,34,1.0
4954,123,0.0,35,1.0
4955,123,0.0,36,1.0
4956,123,0.0,37,1.0
4957,123,0.0,38,1.0
4958,123,0.0,39,1.0
4959,123,0.0,40,1.0
4960,124,0.0,1,1.0
4961,124,0.0,2,1.0
4962,124,0.0,3,1.0
4963,124,0.0,4,1.0
4964,124,0.0,5,0.8
4965,124,0.0,6,1.0
4966,124,0.0,7,1.0
4967,124,0.0,8,1.0
4968,124,0.0,9,1.0
4969,124,0.0,10,1.0
4970,124,0.0,11,0.8
4971,124,0.0,12,1.0
4972,124,0.0,13,1.0
4973,124,0.0,14,1.0
4974,124,0.0,15,1.0
4975,124,0.0,16,1.0
4976,124,0.0,17,1.0
4977,124,0.0,18,1.0
4978,124,0.0,19,1.0
4979,124,0.0,20,0.8
4980,124,0.0,21,0.8
4981,124,0.0,22,0.8
4982,124,0.0,23,1.0
4983,124,0.0,24,1.0
4984,124,0.0,25,1.0
4985,124,0.0,26,1.0
4986,124,0.0,27,1.0
4987,124,0.0,28,1.0
4988,124,0.0,29,1.0
4989,124,0.0,30,1.0
4990,124,0.0,31,1.0
4991,124,0.0,32,1.0
4992,124,0.0,33,1.0
4993,124,0.0,34,1.0
4994,124,0.0,35,1.0
4995,124,0.0,36,1.0
4996,124,0.0,37,0.8
4997,124,0.0,38,0.8
4998,124,0.0,39,0.8
4999,124,0.0,40,0.8
5000,125,0.0,1,0.0
5001,125,0.0,2,0.4
5002,125,0.0,3,0.2
5003,125,0.0,4,0.4
5004,125,0.0,5,0.4
5005,125,0.0,6,0.4
5006,125,0.0,7,0.4
5007,125,0.0,8,0.4
5008,125,0.0,9,0.6
5009,125,0.0,10,0.6
5010,125,0.0,11,0.6
5011,125,0.0,12,0.6
5012,125,0.0,13,0.6
5013,125,0.0,14,0.6
5014,125,0.0,15,0.6
5015,125,0.0,16,0.6
5016,125,0.0,17,1.0
5017,125,0.0,18,1.0
5018,125,0.0,19,1.0
5019,125,0.0,20,1.0
5020,125,0.0,21,0.8
5021,125,0.0,22,0.8
5022,125,0.0,23,0.8
5023,125,0.0,24,0.8
5024,125,0.0,25,0.8
5025,125,0.0,26,0.8
5026,125,0.0,27,0.8
5027,125,0.0,28,0.8
5028,125,0.0,29,0.8
5029,125,0.0,30,0.8
5030,125,0.0,31,0.8
5031,125,0.0,32,0.8
5032,125,0.0,33,0.8
5033,125,0.0,34,0.8
5034,125,0.0,35,0.8
5035,125,0.0,36,0.8
5036,125,0.0,37,0.8
5037,125,0.0,38,0.8
5038,125,0.0,39,0.8
5039,125,0.0,40,0.8
5040,126,0.0,1,1.0
5041,126,0.0,2,1.0
5042,126,0.0,3,1.0
5043,126,0.0,4,1.0
5044,126,0.0,5,1.0
5045,126,0.0,6,1.0
5046,126,0.0,7,1.0
5047,126,0.0,8,1.0
5048,126,0.0,9,1.0
5049,126,0.0,10,0.8
5050,126,0.0,11,0.8
5051,126,0.0,12,1.0
5052,126,0.0,13,0.8
5053,126,0.0,14,0.8
5054,126,0.0,15,0.8
5055,126,0.0,16,0.8
5056,126,0.0,17,0.8
5057,126,0.0,18,0.8
5058,126,0.0,19,0.8
5059,126,0.0,20,0.8
5060,126,0.0,21,0.8
5061,126,0.0,22,1.0
5062,126,0.0,23,1.0
5063,126,0.0,24,1.0
5064,126,0.0,25,1.0
5065,126,0.0,26,0.8
5066,126,0.0,27,0.8
5067,126,0.0,28,1.0
5068,126,0.0,29,0.8
5069,126,0.0,30,1.0
5070,126,0.0,31,1.0
5071,126,0.0,32,1.0
5072,126,0.0,33,1.0
5073,126,0.0,34,1.0
5074,126,0.0,35,1.0
5075,126,0.0,36,1.0
5076,126,0.0,37,1.0
5077,126,0.0,38,1.0
5078,126,0.0,39,1.0
5079,126,0.0,40,1.0
5080,127,0.0,1,0.8
5081,127,0.0,2,0.8
5082,127,0.0,3,1.0
5083,127,0.0,4,1.0
5084,127,0.0,5,1.0
5085,127,0.0,6,1.0
5086,127,0.0,7,0.8
5087,127,0.0,8,1.0
5088,127,0.0,9,0.8
5089,127,0.0,10,0.8
5090,127,0.0,11,0.8
5091,127,0.0,12,1.0
5092,127,0.0,13,0.8
5093,127,0.0,14,0.8
5094,127,0.0,15,0.8
5095,127,0.0,16,0.8
5096,127,0.0,17,0.8
5097,127,0.0,18,0.8
5098,127,0.0,19,0.8
5099,127,0.0,20,0.8
5100,127,0.0,21,0.8
5101,127,0.0,22,1.0
5102,127,0.0,23,0.8
5103,127,0.0,24,1.0
5104,127,0.0,25,1.0
5105,127,0.0,26,1.0
5106,127,0.0,27,1.0
5107,127,0.0,28,0.8
5108,127,0.0,29,0.8
5109,127,0.0,30,1.0
5110,127,0.0,31,1.0
5111,127,0.0,32,1.0
5112,127,0.0,33,1.0
5113,127,0.0,34,1.0
5114,127,0.0,35,1.0
5115,127,0.0,36,1.0
5116,127,0.0,37,1.0
5117,127,0.0,38,1.0
5118,127,0.0,39,1.0
5119,127,0.0,40,1.0
5120,128,0.0,1,0.6
5121,128,0.0,2,0.6
5122,128,0.0,3,0.6
5123,128,0.0,4,0.6
5124,128,0.0,5,0.6
5125,128,0.0,6,0.6
5126,128,0.0,7,0.8
5127,128,0.0,8,0.8
5128,128,0.0,9,1.0
5129,128,0.0,10,1.0
5130,128,0.0,11,0.8
5131,128,0.0,12,0.8
5132,128,0.0,13,0.8
5133,128,0.0,14,0.8
5134,128,0.0,15,0.8
5135,128,0.0,16,0.8
5136,128,0.0,17,0.8
5137,128,0.0,18,0.8
5138,128,0.0,19,0.8
5139,128,0.0,20,0.8
5140,128,0.0,21,0.8
5141,128,0.0,22,0.8
5142,128,0.0,23,0.8
5143,128,0.0,24,0.8
5144,128,0.0,25,0.8
5145,128,0.0,26,0.8
5146,128,0.0,27,0.8
5147,128,0.0,28,0.8
5148,128,0.0,29,0.8
5149,128,0.0,30,0.8
5150,128,0.0,31,0.8
5151,128,0.0,32,0.8
5152,128,0.0,33,0.8
5153,128,0.0,34,0.8
5154,128,0.0,35,0.8
5155,128,0.0,36,0.8
5156,128,0.0,37,0.8
5157,128,0.0,38,0.8
5158,128,0.0,39,0.8
5159,128,0.0,40,0.8
5160,129,0.0,1,0.8
5161,129,0.0,2,0.8
5162,129,0.0,3,0.8
5163,129,0.0,4,0.8
5164,129,0.0,5,0.8
5165,129,0.0,6,0.8
5166,129,0.0,7,0.8
5167,129,0.0,8,0.8
5168,129,0.0,9,0.8
5169,129,0.0,10,0.8
5170,129,0.0,11,0.8
5171,129,0.0,12,1.0
5172,129,0.0,13,1.0
5173,129,0.0,14,1.0
5174,129,0.0,15,1.0
5175,129,0.0,16,1.0
5176,129,0.0,17,1.0
5177,129,0.0,18,1.0
5178,129,0.0,19,1.0
5179,129,0.0,20,1.0
5180,129,0.0,21,1.0
5181,129,0.0,22,1.0
5182,129,0.0,23,1.0
5183,129,0.0,24,1.0
5184,129,0.0,25,1.0
5185,129,0.0,26,1.0
5186,129,0.0,27,1.0
5187,129,0.0,28,1.0
5188,129,0.0,29,1.0
5189,129,0.0,30,0.8
5190,129,0.0,31,0.8
5191,129,0.0,32,0.8
5192,129,0.0,33,0.8
5193,129,0.0,34,0.8
5194,129,0.0,35,0.8
5195,129,0.0,36,0.8
5196,129,0.0,37,0.8
5197,129,0.0,38,0.8
5198,129,0.0,39,1.0
5199,129,0.0,40,1.0
5200,130,0.0,1,0.6
5201,130,0.0,2,0.6
5202,130,0.0,3,0.6
5203,130,0.0,4,0.6
5204,130,0.0,5,0.4
5205,130,0.0,6,0.4
5206,130,0.0,7,0.6
5207,130,0.0,8,0.8
5208,130,0.0,9,0.6
5209,130,0.0,10,0.8
5210,130,0.0,11,0.6
5211,130,0.0,12,1.0
5212,130,0.0,13,0.8
5213,130,0.0,14,1.0
5214,130,0.0,15,0.8
5215,130,0.0,16,1.0
5216,130,0.0,17,0.8
5217,130,0.0,18,1.0
5218,130,0.0,19,0.8
5219,130,0.0,20,0.8
5220,130,0.0,21,0.6
5221,130,0.0,22,0.6
5222,130,0.0,23,0.8
5223,130,0.0,24,0.6
5224,130,0.0,25,0.6
5225,130,0.0,26,0.6
5226,130,0.0,27,1.0
5227,130,0.0,28,1.0
5228,130,0.0,29,1.0
5229,130,0.0,30,0.8
5230,130,0.0,31,0.8
5231,130,0.0,32,0.8
5232,130,0.0,33,1.0
5233,130,0.0,34,1.0
5234,130,0.0,35,1.0
5235,130,0.0,36,0.8
5236,130,0.0,37,0.8
5237,130,0.0,38,0.8
5238,130,0.0,39,0.8
5239,130,0.0,40,1.0
5240,131,0.0,1,0.6
5241,131,0.0,2,0.8
5242,131,0.0,3,0.8
5243,131,0.0,4,0.8
5244,131,0.0,5,0.8
5245,131,0.0,6,0.6
5246,131,0.0,7,0.6
5247,131,0.0,8,0.8
5248,131,0.0,9,0.8
5249,131,0.0,10,0.8
5250,131,0.0,11,0.8
5251,131,0.0,12,0.8
5252,131,0.0,13,0.8
5253,131,0.0,14,0.8
5254,131,0.0,15,0.8
5255,131,0.0,16,0.8
5256,131,0.0,17,0.8
5257,131,0.0,18,0.8
5258,131,0.0,19,0.8
5259,131,0.0,20,0.8
5260,131,0.0,21,0.8
5261,131,0.0,22,1.0
5262,131,0.0,23,1.0
5263,131,0.0,24,1.0
5264,131,0.0,25,1.0
5265,131,0.0,26,1.0
5266,131,0.0,27,1.0
5267,131,0.0,28,1.0
5268,131,0.0,29,1.0
5269,131,0.0,30,1.0
5270,131,0.0,31,1.0
5271,131,0.0,32,1.0
5272,131,0.0,33,1.0
5273,131,0.0,34,1.0
5274,131,0.0,35,1.0
5275,131,0.0,36,1.0
5276,131,0.0,37,1.0
5277,131,0.0,38,1.0
5278,131,0.0,39,1.0
5279,131,0.0,40,1.0
5280,132,0.0,1,0.0
5281,132,0.0,2,0.4
5282,132,0.0,3,0.4
5283,132,0.0,4,0.4
5284,132,0.0,5,0.6
5285,132,0.0,6,0.6
5286,132,0.0,7,0.6
5287,132,0.0,8,0.8
5288,132,0.0,9,0.8
5289,132,0.0,10,1.0
5290,132,0.0,11,1.0
5291,132,0.0,12,1.0
5292,132,0.0,13,0.8
5293,132,0.0,14,1.0
5294,132,0.0,15,0.8
5295,132,0.0,16,0.8
5296,132,0.0,17,0.8
5297,132,0.0,18,0.8
5298,132,0.0,19,1.0
5299,132,0.0,20,1.0
5300,132,0.0,21,1.0
5301,132,0.0,22,1.0
5302,132,0.0,23,1.0
5303,132,0.0,24,1.0
5304,132,0.0,25,1.0
5305,132,0.0,26,1.0
5306,132,0.0,27,1.0
5307,132,0.0,28,1.0
5308,132,0.0,29,1.0
5309,132,0.0,30,1.0
5310,132,0.0,31,1.0
5311,132,0.0,32,1.0
5312,132,0.0,33,1.0
5313,132,0.0,34,1.0
5314,132,0.0,35,1.0
5315,132,0.0,36,1.0
5316,132,0.0,37,1.0
5317,132,0.0,38,1.0
5318,132,0.0,39,1.0
5319,132,0.0,40,1.0
5320,133,0.0,1,1.0
5321,133,0.0,2,1.0
5322,133,0.0,3,1.0
5323,133,0.0,4,1.0
5324,133,0.0,5,1.0
5325,133,0.0,6,1.0
5326,133,0.0,7,1.0
5327,133,0.0,8,1.0
5328,133,0.0,9,1.0
5329,133,0.0,10,1.0
5330,133,0.0,11,1.0
5331,133,0.0,12,0.8
5332,133,0.0,13,0.8
5333,133,0.0,14,0.8
5334,133,0.0,15,0.8
5335,133,0.0,16,0.8
5336,133,0.0,17,0.8
5337,133,0.0,18,0.8
5338,133,0.0,19,0.8
5339,133,0.0,20,0.8
5340,133,0.0,21,0.8
5341,133,0.0,22,1.0
5342,133,0.0,23,1.0
5343,133,0.0,24,1.0
5344,133,0.0,25,1.0
5345,133,0.0,26,1.0
5346,133,0.0,27,1.0
5347,133,0.0,28,1.0
5348,133,0.0,29,1.0
5349,133,0.0,30,1.0
5350,133,0.0,31,1.0
5351,133,0.0,32,1.0
5352,133,0.0,33,1.0
5353,133,0.0,34,1.0
5354,133,0.0,35,1.0
5355,133,0.0,36,1.0
5356,133,0.0,37,1.0
5357,133,0.0,38,1.0
5358,133,0.0,39,1.0
5359,133,0.0,40,1.0
5360,134,0.0,1,0.0
5361,134,0.0,2,0.4
5362,134,0.0,3,0.6
5363,134,0.0,4,0.6
5364,134,0.0,5,0.4
5365,134,0.0,6,1.0
5366,134,0.0,7,1.0
5367,134,0.0,8,1.0
5368,134,0.0,9,1.0
5369,134,0.0,10,1.0
5370,134,0.0,11,1.0
5371,134,0.0,12,1.0
5372,134,0.0,13,0.8
5373,134,0.0,14,0.8
5374,134,0.0,15,1.0
5375,134,0.0,16,1.0
5376,134,0.0,17,1.0
5377,134,0.0,18,1.0
5378,134,0.0,19,1.0
5379,134,0.0,20,1.0
5380,134,0.0,21,1.0
5381,134,0.0,22,1.0
5382,134,0.0,23,1.0
5383,134,0.0,24,1.0
5384,134,0.0,25,1.0
5385,134,0.0,26,1.0
5386,134,0.0,27,1.0
5387,134,0.0,28,1.0
5388,134,0.0,29,1.0
5389,134,0.0,30,1.0
5390,134,0.0,31,1.0
5391,134,0.0,32,1.0
5392,134,0.0,33,1.0
5393,134,0.0,34,1.0
5394,134,0.0,35,1.0
5395,134,0.0,36,1.0
5396,134,0.0,37,1.0
5397,134,0.0,38,1.0
5398,134,0.0,39,1.0
5399,134,0.0,40,1.0
5400,135,0.0,1,1.0
5401,135,0.0,2,1.0
5402,135,0.0,3,1.0
5403,135,0.0,4,0.8
5404,135,0.0,5,1.0
5405,135,0.0,6,1.0
5406,135,0.0,7,1.0
5407,135,0.0,8,1.0
5408,135,0.0,9,1.0
5409,135,0.0,10,1.0
5410,135,0.0,11,1.0
5411,135,0.0,12,1.0
5412,135,0.0,13,1.0
5413,135,0.0,14,1.0
5414,135,0.0,15,1.0
5415,135,0.0,16,1.0
5416,135,0.0,17,1.0
5417,135,0.0,18,1.0
5418,135,0.0,19,1.0
5419,135,0.0,20,1.0
5420,135,0.0,21,1.0
5421,135,0.0,22,1.0
5422,135,0.0,23,1.0
5423,135,0.0,24,1.0
5424,135,0.0,25,1.0
5425,135,0.0,26,0.8
5426,135,0.0,27,1.0
5427,135,0.0,28,1.0
5428,135,0.0,29,0.8
5429,135,0.0,30,1.0
5430,135,0.0,31,1.0
5431,135,0.0,32,0.8
5432,135,0.0,33,1.0
5433,135,0.0,34,0.8
5434,135,0.0,35,1.0
5435,135,0.0,36,1.0
5436,135,0.0,37,1.0
5437,135,0.0,38,1.0
5438,135,0.0,39,1.0
5439,135,0.0,40,1.0
5440,136,0.0,1,0.8
5441,136,0.0,2,0.8
5442,136,0.0,3,0.8
5443,136,0.0,4,0.8
5444,136,0.0,5,0.8
5445,136,0.0,6,0.8
5446,136,0.0,7,0.8
5447,136,0.0,8,0.8
5448,136,0.0,9,0.8
5449,136,0.0,10,0.8
5450,136,0.0,11,0.8
5451,136,0.0,12,0.8
5452,136,0.0,13,0.8
5453,136,0.0,14,0.8
5454,136,0.0,15,0.8
5455,136,0.0,16,0.8
5456,136,0.0,17,0.8
5457,136,0.0,18,0.8
5458,136,0.0,19,0.8
5459,136,0.0,20,0.8
5460,136,0.0,21,0.8
5461,136,0.0,22,0.8
5462,136,0.0,23,0.8
5463,136,0.0,24,0.8
5464,136,0.0,25,0.6
5465,136,0.0,26,0.6
5466,136,0.0,27,0.6
5467,136,0.0,28,0.6
5468,136,0.0,29,0.6
5469,136,0.0,30,0.6
5470,136,0.0,31,0.6
5471,136,0.0,32,0.6
5472,136,0.0,33,0.6
5473,136,0.0,34,0.6
5474,136,0.0,35,0.6
5475,136,0.0,36,0.6
5476,136,0.0,37,0.6
5477,136,0.0,38,0.6
5478,136,0.0,39,0.6
5479,136,0.0,40,0.6
5480,137,0.0,1,0.6
5481,137,0.0,2,0.6
5482,137,0.0,3,0.6
5483,137,0.0,4,0.6
5484,137,0.0,5,0.8
5485,137,0.0,6,1.0
5486,137,0.0,7,1.0
5487,137,0.0,8,1.0
5488,137,0.0,9,1.0
5489,137,0.0,10,0.8
5490,137,0.0,11,0.8
5491,137,0.0,12,0.6
5492,137,0.0,13,1.0
5493,137,0.0,14,1.0
5494,137,0.0,15,0.8
5495,137,0.0,16,1.0
5496,137,0.0,17,1.0
5497,137,0.0,18,1.0
5498,137,0.0,19,1.0
5499,137,0.0,20,1.0
5500,137,0.0,21,0.8
5501,137,0.0,22,0.8
5502,137,0.0,23,0.8
5503,137,0.0,24,0.8
5504,137,0.0,25,0.8
5505,137,0.0,26,0.8
5506,137,0.0,27,0.8
5507,137,0.0,28,0.8
5508,137,0.0,29,0.8
5509,137,0.0,30,0.8
5510,137,0.0,31,0.8
5511,137,0.0,32,0.8
5512,137,0.0,33,0.8
5513,137,0.0,34,0.8
5514,137,0.0,35,0.8
5515,137,0.0,36,0.8
5516,137,0.0,37,0.8
5517,137,0.0,38,0.8
5518,137,0.0,39,0.8
5519,137,0.0,40,0.8
5520,138,0.0,1,0.8
5521,138,0.0,2,0.8
5522,138,0.0,3,0.8
5523,138,0.0,4,0.6
5524,138,0.0,5,0.8
5525,138,0.0,6,0.8
5526,138,0.0,7,0.8
5527,138,0.0,8,0.8
5528,138,0.0,9,0.8
5529,138,0.0,10,0.6
5530,138,0.0,11,0.6
5531,138,0.0,12,0.6
5532,138,0.0,13,0.6
5533,138,0.0,14,0.6
5534,138,0.0,15,0.6
5535,138,0.0,16,0.6
5536,138,0.0,17,0.6
5537,138,0.0,18,0.6
5538,138,0.0,19,0.6
5539,138,0.0,20,0.8
5540,138,0.0,21,0.8
5541,138,0.0,22,0.8
5542,138,0.0,23,0.8
5543,138,0.0,24,0.8
5544,138,0.0,25,1.0
5545,138,0.0,26,1.0
5546,138,0.0,27,1.0
5547,138,0.0,28,1.0
5548,138,0.0,29,1.0
5549,138,0.0,30,1.0
5550,138,0.0,31,1.0
5551,138,0.0,32,1.0
5552,138,0.0,33,1.0
5553,138,0.0,34,1.0
5554,138,0.0,35,0.8
5555,138,0.0,36,1.0
5556,138,0.0,37,1.0
5557,138,0.0,38,1.0
5558,138,0.0,39,1.0
5559,138,0.0,40,0.8
5560,139,0.0,1,0.6
5561,139,0.0,2,0.6
5562,139,0.0,3,0.6
5563,139,0.0,4,0.6
5564,139,0.0,5,0.6
5565,139,0.0,6,0.6
5566,139,0.0,7,0.4
5567,139,0.0,8,0.4
5568,139,0.0,9,0.6
5569,139,0.0,10,0.6
5570,139,0.0,11,0.8
5571,139,0.0,12,0.8
5572,139,0.0,13,0.8
5573,139,0.0,14,0.8
5574,139,0.0,15,0.8
5575,139,0.0,16,1.0
5576,139,0.0,17,1.0
5577,139,0.0,18,1.0
5578,139,0.0,19,1.0
5579,139,0.0,20,1.0
5580,139,0.0,21,1.0
5581,139,0.0,22,1.0
5582,139,0.0,23,1.0
5583,139,0.0,24,1.0
5584,139,0.0,25,1.0
5585,139,0.0,26,1.0
5586,139,0.0,27,1.0
5587,139,0.0,28,1.0
5588,139,0.0,29,1.0
5589,139,0.0,30,1.0
5590,139,0.0,31,1.0
5591,139,0.0,32,1.0
5592,139,0.0,33,1.0
5593,139,0.0,34,1.0
5594,139,0.0,35,1.0
5595,139,0.0,36,1.0
5596,139,0.0,37,1.0
5597,139,0.0,38,1.0
5598,139,0.0,39,1.0
5599,139,0.0,40,1.0
5600,140,0.0,1,0.6
5601,140,0.0,2,0.6
5602,140,0.0,3,0.6
5603,140,0.0,4,0.8
5604,140,0.0,5,0.8
5605,140,0.0,6,0.6
5606,140,0.0,7,0.6
5607,140,0.0,8,0.6
5608,140,0.0,9,0.6
5609,140,0.0,10,0.8
5610,140,0.0,11,0.8
5611,140,0.0,12,0.8
5612,140,0.0,13,0.6
5613,140,0.0,14,1.0
5614,140,0.0,15,1.0
5615,140,0.0,16,1.0
5616,140,0.0,17,1.0
5617,140,0.0,18,1.0
5618,140,0.0,19,1.0
5619,140,0.0,20,1.0
5620,140,0.0,21,1.0
5621,140,0.0,22,1.0
5622,140,0.0,23,1.0
5623,140,0.0,24,1.0
5624,140,0.0,25,1.0
5625,140,0.0,26,1.0
5626,140,0.0,27,1.0
5627,140,0.0,28,1.0
5628,140,0.0,29,1.0
5629,140,0.0,30,0.8
5630,140,0.0,31,0.8
5631,140,0.0,32,0.8
5632,140,0.0,33,0.8
5633,140,0.0,34,0.8
5634,140,0.0,35,0.8
5635,140,0.0,36,1.0
5636,140,0.0,37,1.0
5637,140,0.0,38,1.0
5638,140,0.0,39,1.0
5639,140,0.0,40,1.0
5640,141,0.0,1,0.0
5641,141,0.0,2,0.6
5642,141,0.0,3,0.6
5643,141,0.0,4,0.4
5644,141,0.0,5,1.0
5645,141,0.0,6,1.0
5646,141,0.0,7,1.0
5647,141,0.0,8,1.0
5648,141,0.0,9,1.0
5649,141,0.0,10,1.0
5650,141,0.0,11,1.0
5651,141,0.0,12,1.0
5652,141,0.0,13,1.0
5653,141,0.0,14,1.0
5654,141,0.0,15,1.0
5655,141,0.0,16,1.0
5656,141,0.0,17,0.8
5657,141,0.0,18,1.0
5658,141,0.0,19,1.0
5659,141,0.0,20,1.0
5660,141,0.0,21,0.8
5661,141,0.0,22,1.0
5662,141,0.0,23,1.0
5663,141,0.0,24,1.0
5664,141,0.0,25,1.0
5665,141,0.0,26,1.0
5666,141,0.0,27,0.8
5667,141,0.0,28,0.8
5668,141,0.0,29,1.0
5669,141,0.0,30,1.0
5670,141,0.0,31,0.8
5671,141,0.0,32,0.8
5672,141,0.0,33,0.8
5673,141,0.0,34,1.0
5674,141,0.0,35,1.0
5675,141,0.0,36,1.0
5676,141,0.0,37,1.0
5677,141,0.0,38,1.0
5678,141,0.0,39,1.0
5679,141,0.0,40,1.0
5680,142,0.0,1,1.0
5681,142,0.0,2,1.0
5682,142,0.0,3,0.8
5683,142,0.0,4,1.0
5684,142,0.0,5,0.6
5685,142,0.0,6,0.8
5686,142,0.0,7,0.6
5687,142,0.0,8,0.6
5688,142,0.0,9,0.6
5689,142,0.0,10,0.6
5690,142,0.0,11,0.6
5691,142,0.0,12,0.6
5692,142,0.0,13,0.8
5693,142,0.0,14,0.8
5694,142,0.0,15,0.8
5695,142,0.0,16,0.8
5696,142,0.0,17,0.8
5697,142,0.0,18,0.8
5698,142,0.0,19,0.8
5699,142,0.0,20,0.8
5700,142,0.0,21,0.8
5701,142,0.0,22,0.8
5702,142,0.0,23,0.8
5703,142,0.0,24,0.8
5704,142,0.0,25,0.8
5705,142,0.0,26,0.8
5706,142,0.0,27,0.8
5707,142,0.0,28,0.8
5708,142,0.0,29,0.8
5709,142,0.0,30,0.8
5710,142,0.0,31,0.8
5711,142,0.0,32,0.8
5712,142,0.0,33,0.8
5713,142,0.0,34,0.8
5714,142,0.0,35,0.8
5715,142,0.0,36,0.8
5716,142,0.0,37,0.8
5717,142,0.0,38,0.8
5718,142,0.0,39,0.8
5719,142,0.0,40,0.8
5720,143,0.0,1,0.0
5721,143,0.0,2,0.4
5722,143,0.0,3,0.6
5723,143,0.0,4,0.2
5724,143,0.0,5,0.6
5725,143,0.0,6,0.6
5726,143,0.0,7,0.6
5727,143,0.0,8,0.6
5728,143,0.0,9,0.6
5729,143,0.0,10,0.4
5730,143,0.0,11,0.6
5731,143,0.0,12,0.6
5732,143,0.0,13,0.6
5733,143,0.0,14,0.8
5734,143,0.0,15,0.8
5735,143,0.0,16,0.8
5736,143,0.0,17,0.8
5737,143,0.0,18,0.4
5738,143,0.0,19,0.4
5739,143,0.0,20,1.0
5740,143,0.0,21,1.0
5741,143,0.0,22,1.0
5742,143,0.0,23,1.0
5743,143,0.0,24,1.0
5744,143,0.0,25,1.0
5745,143,0.0,26,1.0
5746,143,0.0,27,1.0
5747,143,0.0,28,1.0
5748,143,0.0,29,1.0
5749,143,0.0,30,1.0
5750,143,0.0,31,1.0
5751,143,0.0,32,1.0
5752,143,0.0,33,1.0
5753,143,0.0,34,1.0
5754,143,0.0,35,1.0
5755,143,0.0,36,1.0
5756,143,0.0,37,1.0
5757,143,0.0,38,1.0
5758,143,0.0,39,1.0
5759,143,0.0,40,1.0
5760,144,0.0,1,1.0
5761,144,0.0,2,1.0
5762,144,0.0,3,1.0
5763,144,0.0,4,1.0
5764,144,0.0,5,1.0
5765,144,0.0,6,0.6
5766,144,0.0,7,0.8
5767,144,0.0,8,0.8
5768,144,0.0,9,0.8
5769,144,0.0,10,0.8
5770,144,0.0,11,0.8
5771,144,0.0,12,0.8
5772,144,0.0,13,0.8
5773,144,0.0,14,0.8
5774,144,0.0,15,0.8
5775,144,0.0,16,0.8
5776,144,0.0,17,0.8
5777,144,0.0,18,0.6
5778,144,0.0,19,0.8
5779,144,0.0,20,0.8
5780,144,0.0,21,0.6
5781,144,0.0,22,0.6
5782,144,0.0,23,0.6
5783,144,0.0,24,0.6
5784,144,0.0,25,0.6
5785,144,0.0,26,0.6
5786,144,0.0,27,0.6
5787,144,0.0,28,0.8
5788,144,0.0,29,0.8
5789,144,0.0,30,1.0
5790,144,0.0,31,1.0
5791,144,0.0,32,1.0
5792,144,0.0,33,1.0
5793,144,0.0,34,1.0
5794,144,0.0,35,0.8
5795,144,0.0,36,0.8
5796,144,0.0,37,0.8
5797,144,0.0,38,0.8
5798,144,0.0,39,0.8
5799,144,0.0,40,0.8
5800,145,0.0,1,0.8
5801,145,0.0,2,0.8
5802,145,0.0,3,0.8
5803,145,0.0,4,0.8
5804,145,0.0,5,0.6
5805,145,0.0,6,0.6
5806,145,0.0,7,0.4
5807,145,0.0,8,0.4
5808,145,0.0,9,0.6
5809,145,0.0,10,0.6
5810,145,0.0,11,0.4
5811,145,0.0,12,0.8
5812,145,0.0,13,0.6
5813,145,0.0,14,0.8
5814,145,0.0,15,0.6
5815,145,0.0,16,0.8
5816,145,0.0,17,0.8
5817,145,0.0,18,0.8
5818,145,0.0,19,0.8
5819,145,0.0,20,0.8
5820,145,0.0,21,0.8
5821,145,0.0,22,0.8
5822,145,0.0,23,0.4
5823,145,0.0,24,0.6
5824,145,0.0,25,0.6
5825,145,0.0,26,0.6
5826,145,0.0,27,0.6
5827,145,0.0,28,1.0
5828,145,0.0,29,1.0
5829,145,0.0,30,1.0
5830,145,0.0,31,1.0
5831,145,0.0,32,1.0
5832,145,0.0,33,1.0
5833,145,0.0,34,1.0
5834,145,0.0,35,1.0
5835,145,0.0,36,0.8
5836,145,0.0,37,1.0
5837,145,0.0,38,1.0
5838,145,0.0,39,1.0
5839,145,0.0,40,1.0
5840,146,0.0,1,0.6
5841,146,0.0,2,0.6
5842,146,0.0,3,0.4
5843,146,0.0,4,0.6
5844,146,0.0,5,0.6
5845,146,0.0,6,0.6
5846,146,0.0,7,0.8
5847,146,0.0,8,0.6
5848,146,0.0,9,1.0
5849,146,0.0,10,0.8
5850,146,0.0,11,0.8
5851,146,0.0,12,0.8
5852,146,0.0,13,0.8
5853,146,0.0,14,0.8
5854,146,0.0,15,0.8
5855,146,0.0,16,0.8
5856,146,0.0,17,0.8
5857,146,0.0,18,0.8
5858,146,0.0,19,1.0
5859,146,0.0,20,0.8
5860,146,0.0,21,0.8
5861,146,0.0,22,0.8
5862,146,0.0,23,0.8
5863,146,0.0,24,0.8
5864,146,0.0,25,0.8
5865,146,0.0,26,0.8
5866,146,0.0,27,0.8
5867,146,0.0,28,0.8
5868,146,0.0,29,0.8
5869,146,0.0,30,0.8
5870,146,0.0,31,0.8
5871,146,0.0,32,0.8
5872,146,0.0,33,0.8
5873,146,0.0,34,0.8
5874,146,0.0,35,0.8
5875,146,0.0,36,0.8
5876,146,0.0,37,0.8
5877,146,0.0,38,0.8
5878,146,0.0,39,0.8
5879,146,0.0,40,0.8
5880,147,0.0,1,0.8
5881,147,0.0,2,0.8
5882,147,0.0,3,0.8
5883,147,0.0,4,0.6
5884,147,0.0,5,0.8
5885,147,0.0,6,1.0
5886,147,0.0,7,1.0
5887,147,0.0,8,1.0
5888,147,0.0,9,1.0
5889,147,0.0,10,1.0
5890,147,0.0,11,1.0
5891,147,0.0,12,1.0
5892,147,0.0,13,1.0
5893,147,0.0,14,0.8
5894,147,0.0,15,1.0
5895,147,0.0,16,1.0
5896,147,0.0,17,1.0
5897,147,0.0,18,0.8
5898,147,0.0,19,0.8
5899,147,0.0,20,0.8
5900,147,0.0,21,1.0
5901,147,0.0,22,0.8
5902,147,0.0,23,0.8
5903,147,0.0,24,1.0
5904,147,0.0,25,1.0
5905,147,0.0,26,1.0
5906,147,0.0,27,1.0
5907,147,0.0,28,1.0
5908,147,0.0,29,1.0
5909,147,0.0,30,1.0
5910,147,0.0,31,1.0
5911,147,0.0,32,1.0
5912,147,0.0,33,1.0
5913,147,0.0,34,1.0
5914,147,0.0,35,1.0
5915,147,0.0,36,1.0
5916,147,0.0,37,1.0
5917,147,0.0,38,1.0
5918,147,0.0,39,1.0
5919,147,0.0,40,1.0
5920,148,0.0,1,0.6
5921,148,0.0,2,0.6
5922,148,0.0,3,0.6
5923,148,0.0,4,0.6
5924,148,0.0,5,0.6
5925,148,0.0,6,0.6
5926,148,0.0,7,0.6
5927,148,0.0,8,0.6
5928,148,0.0,9,0.6
5929,148,0.0,10,0.6
5930,148,0.0,11,0.6
5931,148,0.0,12,0.8
5932,148,0.0,13,0.8
5933,148,0.0,14,0.8
5934,148,0.0,15,0.6
5935,148,0.0,16,0.6
5936,148,0.0,17,0.8
5937,148,0.0,18,0.6
5938,148,0.0,19,1.0
5939,148,0.0,20,1.0
5940,148,0.0,21,1.0
5941,148,0.0,22,1.0
5942,148,0.0,23,0.8
5943,148,0.0,24,0.8
5944,148,0.0,25,0.8
5945,148,0.0,26,0.8
5946,148,0.0,27,0.8
5947,148,0.0,28,0.8
5948,148,0.0,29,0.8
5949,148,0.0,30,0.8
5950,148,0.0,31,0.8
5951,148,0.0,32,0.8
5952,148,0.0,33,0.8
5953,148,0.0,34,0.8
5954,148,0.0,35,0.8
5955,148,0.0,36,0.8
5956,148,0.0,37,0.8
5957,148,0.0,38,0.8
5958,148,0.0,39,0.8
5959,148,0.0,40,0.8
5960,149,0.0,1,0.6
5961,149,0.0,2,0.6
5962,149,0.0,3,0.6
5963,149,0.0,4,0.6
5964,149,0.0,5,0.8
5965,149,0.0,6,0.8
5966,149,0.0,7,0.8
5967,149,0.0,8,0.8
5968,149,0.0,9,0.8
5969,149,0.0,10,0.8
5970,149,0.0,11,0.8
5971,149,0.0,12,0.8
5972,149,0.0,13,0.8
5973,149,0.0,14,0.8
5974,149,0.0,15,1.0
5975,149,0.0,16,1.0
5976,149,0.0,17,1.0
5977,149,0.0,18,1.0
5978,149,0.0,19,1.0
5979,149,0.0,20,1.0
5980,149,0.0,21,1.0
5981,149,0.0,22,1.0
5982,149,0.0,23,1.0
5983,149,0.0,24,1.0
5984,149,0.0,25,1.0
5985,149,0.0,26,1.0
5986,149,0.0,27,1.0
5987,149,0.0,28,1.0
5988,149,0.0,29,1.0
5989,149,0.0,30,1.0
5990,149,0.0,31,1.0
5991,149,0.0,32,1.0
5992,149,0.0,33,1.0
5993,149,0.0,34,1.0
5994,149,0.0,35,1.0
5995,149,0.0,36,1.0
5996,149,0.0,37,1.0
5997,149,0.0,38,1.0
5998,149,0.0,39,1.0
5999,149,0.0,40,1.0
6000,150,0.0,1,0.0
6001,150,0.0,2,0.8
6002,150,0.0,3,0.8
6003,150,0.0,4,0.6
6004,150,0.0,5,0.8
6005,150,0.0,6,0.4
6006,150,0.0,7,0.8
6007,150,0.0,8,0.8
6008,150,0.0,9,0.8
6009,150,0.0,10,0.8
6010,150,0.0,11,0.6
6011,150,0.0,12,0.6
6012,150,0.0,13,0.6
6013,150,0.0,14,0.6
6014,150,0.0,15,0.6
6015,150,0.0,16,0.6
6016,150,0.0,17,0.6
6017,150,0.0,18,0.6
6018,150,0.0,19,0.6
6019,150,0.0,20,0.6
6020,150,0.0,21,0.6
6021,150,0.0,22,0.6
6022,150,0.0,23,0.6
6023,150,0.0,24,0.8
6024,150,0.0,25,0.8
6025,150,0.0,26,0.8
6026,150,0.0,27,0.8
6027,150,0.0,28,0.8
6028,150,0.0,29,0.8
6029,150,0.0,30,0.8
6030,150,0.0,31,0.8
6031,150,0.0,32,0.8
6032,150,0.0,33,0.8
6033,150,0.0,34,1.0
6034,150,0.0,35,1.0
6035,150,0.0,36,1.0
6036,150,0.0,37,1.0
6037,150,0.0,38,1.0
6038,150,0.0,39,1.0
6039,150,0.0,40,1.0
6040,151,0.0,1,1.0
6041,151,0.0,2,1.0
6042,151,0.0,3,1.0
6043,151,0.0,4,1.0
6044,151,0.0,5,1.0
6045,151,0.0,6,0.8
6046,151,0.0,7,0.8
6047,151,0.0,8,0.8
6048,151,0.0,9,0.8
6049,151,0.0,10,1.0
6050,151,0.0,11,1.0
6051,151,0.0,12,1.0
6052,151,0.0,13,1.0
6053,151,0.0,14,1.0
6054,151,0.0,15,1.0
6055,151,0.0,16,1.0
6056,151,0.0,17,1.0
6057,151,0.0,18,1.0
6058,151,0.0,19,1.0
6059,151,0.0,20,1.0
6060,151,0.0,21,0.8
6061,151,0.0,22,0.8
6062,151,0.0,23,0.8
6063,151,0.0,24,0.8
6064,151,0.0,25,0.8
6065,151,0.0,26,0.8
6066,151,0.0,27,1.0
6067,151,0.0,28,1.0
6068,151,0.0,29,0.8
6069,151,0.0,30,1.0
6070,151,0.0,31,1.0
6071,151,0.0,32,1.0
6072,151,0.0,33,0.8
6073,151,0.0,34,0.8
6074,151,0.0,35,0.8
6075,151,0.0,36,0.8
6076,151,0.0,37,0.8
6077,151,0.0,38,0.8
6078,151,0.0,39,0.8
6079,151,0.0,40,0.8
6080,152,0.0,1,0.0
6081,152,0.0,2,0.4
6082,152,0.0,3,0.2
6083,152,0.0,4,0.4
6084,152,0.0,5,0.8
6085,152,0.0,6,0.6
6086,152,0.0,7,0.6
6087,152,0.0,8,0.8
6088,152,0.0,9,0.8
6089,152,0.0,10,0.8
6090,152,0.0,11,0.8
6091,152,0.0,12,0.8
6092,152,0.0,13,0.8
6093,152,0.0,14,0.8
6094,152,0.0,15,0.8
6095,152,0.0,16,0.8
6096,152,0.0,17,0.6
6097,152,0.0,18,0.8
6098,152,0.0,19,0.6
6099,152,0.0,20,0.6
6100,152,0.0,21,0.6
6101,152,0.0,22,0.6
6102,152,0.0,23,0.6
6103,152,0.0,24,0.6
6104,152,0.0,25,0.8
6105,152,0.0,26,0.8
6106,152,0.0,27,0.8
6107,152,0.0,28,0.8
6108,152,0.0,29,0.8
6109,152,0.0,30,0.8
6110,152,0.0,31,0.8
6111,152,0.0,32,0.8
6112,152,0.0,33,0.8
6113,152,0.0,34,0.8
6114,152,0.0,35,0.8
6115,152,0.0,36,0.8
6116,152,0.0,37,0.8
6117,152,0.0,38,0.8
6118,152,0.0,39,0.8
6119,152,0.0,40,0.8
6120,153,0.0,1,1.0
6121,153,0.0,2,1.0
6122,153,0.0,3,1.0
6123,153,0.0,4,1.0
6124,153,0.0,5,0.6
6125,153,0.0,6,0.8
6126,153,0.0,7,0.8
6127,153,0.0,8,0.8
6128,153,0.0,9,0.6
6129,153,0.0,10,0.6
6130,153,0.0,11,0.6
6131,153,0.0,12,0.8
6132,153,0.0,13,0.8
6133,153,0.0,14,0.8
6134,153,0.0,15,0.6
6135,153,0.0,16,0.8
6136,153,0.0,17,1.0
6137,153,0.0,18,1.0
6138,153,0.0,19,1.0
6139,153,0.0,20,1.0
6140,153,0.0,21,1.0
6141,153,0.0,22,1.0
6142,153,0.0,23,0.8
6143,153,0.0,24,0.8
6144,153,0.0,25,0.8
6145,153,0.0,26,0.8
6146,153,0.0,27,0.8
6147,153,0.0,28,0.8
6148,153,0.0,29,0.8
6149,153,0.0,30,0.8
6150,153,0.0,31,0.8
6151,153,0.0,32,0.8
6152,153,0.0,33,0.8
6153,153,0.0,34,0.8
6154,153,0.0,35,0.8
6155,153,0.0,36,0.8
6156,153,0.0,37,0.8
6157,153,0.0,38,0.8
6158,153,0.0,39,0.8
6159,153,0.0,40,1.0
6160,154,0.0,1,0.8
6161,154,0.0,2,0.8
6162,154,0.0,3,0.8
6163,154,0.0,4,0.8
6164,154,0.0,5,0.8
6165,154,0.0,6,0.8
6166,154,0.0,7,0.8
6167,154,0.0,8,0.8
6168,154,0.0,9,0.8
6169,154,0.0,10,0.8
6170,154,0.0,11,0.8
6171,154,0.0,12,0.8
6172,154,0.0,13,0.8
6173,154,0.0,14,0.6
6174,154,0.0,15,0.6
6175,154,0.0,16,0.6
6176,154,0.0,17,0.6
6177,154,0.0,18,0.6
6178,154,0.0,19,0.6
6179,154,0.0,20,1.0
6180,154,0.0,21,1.0
6181,154,0.0,22,0.8
6182,154,0.0,23,0.8
6183,154,0.0,24,0.8
6184,154,0.0,25,0.8
6185,154,0.0,26,0.8
6186,154,0.0,27,0.8
6187,154,0.0,28,0.8
6188,154,0.0,29,0.8
6189,154,0.0,30,0.8
6190,154,0.0,31,1.0
6191,154,0.0,32,0.8
6192,154,0.0,33,1.0
6193,154,0.0,34,1.0
6194,154,0.0,35,1.0
6195,154,0.0,36,1.0
6196,154,0.0,37,0.8
6197,154,0.0,38,1.0
6198,154,0.0,39,1.0
6199,154,0.0,40,1.0
6200,155,0.0,1,0.6
6201,155,0.0,2,0.8
6202,155,0.0,3,0.6
6203,155,0.0,4,0.8
6204,155,0.0,5,0.8
6205,155,0.0,6,0.6
6206,155,0.0,7,0.6
6207,155,0.0,8,0.8
6208,155,0.0,9,0.6
6209,155,0.0,10,0.8
6210,155,0.0,11,0.6
6211,155,0.0,12,0.8
6212,155,0.0,13,0.8
6213,155,0.0,14,0.8
6214,155,0.0,15,0.8
6215,155,0.0,16,0.8
6216,155,0.0,17,0.8
6217,155,0.0,18,0.8
6218,155,0.0,19,0.8
6219,155,0.0,20,0.8
6220,155,0.0,21,1.0
6221,155,0.0,22,0.8
6222,155,0.0,23,1.0
6223,155,0.0,24,1.0
6224,155,0.0,25,1.0
6225,155,0.0,26,1.0
6226,155,0.0,27,1.0
6227,155,0.0,28,1.0
6228,155,0.0,29,1.0
6229,155,0.0,30,1.0
6230,155,0.0,31,1.0
6231,155,0.0,32,1.0
6232,155,0.0,33,1.0
6233,155,0.0,34,1.0
6234,155,0.0,35,1.0
6235,155,0.0,36,1.0
6236,155,0.0,37,1.0
6237,155,0.0,38,1.0
6238,155,0.0,39,1.0
6239,155,0.0,40,1.0
6240,156,0.0,1,0.8
6241,156,0.0,2,0.8
6242,156,0.0,3,0.8
6243,156,0.0,4,0.8
6244,156,0.0,5,0.8
6245,156,0.0,6,0.8
6246,156,0.0,7,0.8
6247,156,0.0,8,0.8
6248,156,0.0,9,1.0
6249,156,0.0,10,1.0
6250,156,0.0,11,1.0
6251,156,0.0,12,1.0
6252,156,0.0,13,1.0
6253,156,0.0,14,1.0
6254,156,0.0,15,1.0
6255,156,0.0,16,1.0
6256,156,0.0,17,1.0
6257,156,0.0,18,1.0
6258,156,0.0,19,1.0
6259,156,0.0,20,1.0
6260,156,0.0,21,1.0
6261,156,0.0,22,1.0
6262,156,0.0,23,1.0
6263,156,0.0,24,1.0
6264,156,0.0,25,1.0
6265,156,0.0,26,1.0
6266,156,0.0,27,1.0
6267,156,0.0,28,1.0
6268,156,0.0,29,1.0
6269,156,0.0,30,1.0
6270,156,0.0,31,1.0
6271,156,0.0,32,1.0
6272,156,0.0,33,1.0
6273,156,0.0,34,1.0
6274,156,0.0,35,1.0
6275,156,0.0,36,1.0
6276,156,0.0,37,1.0
6277,156,0.0,38,1.0
6278,156,0.0,39,1.0
6279,156,0.0,40,1.0
6280,157,0.0,1,0.6
6281,157,0.0,2,0.8
6282,157,0.0,3,0.6
6283,157,0.0,4,0.8
6284,157,0.0,5,0.6
6285,157,0.0,6,0.8
6286,157,0.0,7,0.8
6287,157,0.0,8,0.8
6288,157,0.0,9,0.8
6289,157,0.0,10,0.8
6290,157,0.0,11,0.8
6291,157,0.0,12,0.6
6292,157,0.0,13,0.6
6293,157,0.0,14,0.8
6294,157,0.0,15,0.6
6295,157,0.0,16,0.6
6296,157,0.0,17,1.0
6297,157,0.0,18,1.0
6298,157,0.0,19,1.0
6299,157,0.0,20,1.0
6300,157,0.0,21,1.0
6301,157,0.0,22,1.0
6302,157,0.0,23,0.8
6303,157,0.0,24,0.8
6304,157,0.0,25,1.0
6305,157,0.0,26,1.0
6306,157,0.0,27,1.0
6307,157,0.0,28,1.0
6308,157,0.0,29,1.0
6309,157,0.0,30,0.8
6310,157,0.0,31,1.0
6311,157,0.0,32,0.8
6312,157,0.0,33,1.0
6313,157,0.0,34,1.0
6314,157,0.0,35,1.0
6315,157,0.0,36,1.0
6316,157,0.0,37,1.0
6317,157,0.0,38,1.0
6318,157,0.0,39,1.0
6319,157,0.0,40,1.0
6320,158,0.0,1,0.6
6321,158,0.0,2,0.6
6322,158,0.0,3,0.8
6323,158,0.0,4,0.8
6324,158,0.0,5,0.6
6325,158,0.0,6,0.6
6326,158,0.0,7,0.6
6327,158,0.0,8,0.6
6328,158,0.0,9,0.6
6329,158,0.0,10,0.6
6330,158,0.0,11,0.6
6331,158,0.0,12,0.6
6332,158,0.0,13,0.6
6333,158,0.0,14,0.6
6334,158,0.0,15,0.6
6335,158,0.0,16,0.6
6336,158,0.0,17,0.6
6337,158,0.0,18,0.6
6338,158,0.0,19,0.8
6339,158,0.0,20,0.8
6340,158,0.0,21,1.0
6341,158,0.0,22,0.8
6342,158,0.0,23,0.8
6343,158,0.0,24,0.8
6344,158,0.0,25,1.0
6345,158,0.0,26,0.8
6346,158,0.0,27,0.6
6347,158,0.0,28,0.6
6348,158,0.0,29,0.6
6349,158,0.0,30,0.6
6350,158,0.0,31,0.8
6351,158,0.0,32,0.8
6352,158,0.0,33,0.6
6353,158,0.0,34,0.6
6354,158,0.0,35,0.4
6355,158,0.0,36,0.6
6356,158,0.0,37,0.8
6357,158,0.0,38,0.8
6358,158,0.0,39,1.0
6359,158,0.0,40,1.0
6360,159,0.0,1,0.0
6361,159,0.0,2,0.6
6362,159,0.0,3,0.6
6363,159,0.0,4,0.6
6364,159,0.0,5,0.6
6365,159,0.0,6,0.6
6366,159,0.0,7,0.6
6367,159,0.0,8,0.4
6368,159,0.0,9,0.6
6369,159,0.0,10,0.8
6370,159,0.0,11,0.8
6371,159,0.0,12,0.8
6372,159,0.0,13,0.8
6373,159,0.0,14,0.8
6374,159,0.0,15,0.8
6375,159,0.0,16,0.8
6376,159,0.0,17,0.8
6377,159,0.0,18,0.8
6378,159,0.0,19,0.8
6379,159,0.0,20,0.6
6380,159,0.0,21,0.8
6381,159,0.0,22,0.8
6382,159,0.0,23,0.8
6383,159,0.0,24,0.8
6384,159,0.0,25,0.8
6385,159,0.0,26,0.8
6386,159,0.0,27,0.6
6387,159,0.0,28,0.6
6388,159,0.0,29,0.6
6389,159,0.0,30,0.6
6390,159,0.0,31,0.6
6391,159,0.0,32,0.8
6392,159,0.0,33,0.8
6393,159,0.0,34,0.8
6394,159,0.0,35,0.8
6395,159,0.0,36,0.8
6396,159,0.0,37,0.8
6397,159,0.0,38,0.8
6398,159,0.0,39,0.8
6399,159,0.0,40,0.8
6400,160,0.0,1,1.0
6401,160,0.0,2,1.0
6402,160,0.0,3,1.0
6403,160,0.0,4,1.0
6404,160,0.0,5,0.8
6405,160,0.0,6,0.8
6406,160,0.0,7,1.0
6407,160,0.0,8,0.8
6408,160,0.0,9,0.8
6409,160,0.0,10,0.6
6410,160,0.0,11,0.8
6411,160,0.0,12,1.0
6412,160,0.0,13,1.0
6413,160,0.0,14,1.0
6414,160,0.0,15,1.0
6415,160,0.0,16,1.0
6416,160,0.0,17,1.0
6417,160,0.0,18,1.0
6418,160,0.0,19,1.0
6419,160,0.0,20,1.0
6420,160,0.0,21,1.0
6421,160,0.0,22,1.0
6422,160,0.0,23,1.0
6423,160,0.0,24,1.0
6424,160,0.0,25,1.0
6425,160,0.0,26,1.0
6426,160,0.0,27,1.0
6427,160,0.0,28,1.0
6428,160,0.0,29,1.0
6429,160,0.0,30,1.0
6430,160,0.0,31,1.0
6431,160,0.0,32,1.0
6432,160,0.0,33,1.0
6433,160,0.0,34,1.0
6434,160,0.0,35,1.0
6435,160,0.0,36,1.0
6436,160,0.0,37,1.0
6437,160,0.0,38,1.0
6438,160,0.0,39,1.0
6439,160,0.0,40,1.0
6440,161,0.0,1,0.0
6441,161,0.0,2,0.8
6442,161,0.0,3,1.0
6443,161,0.0,4,1.0
6444,161,0.0,5,1.0
6445,161,0.0,6,1.0
6446,161,0.0,7,0.8
6447,161,0.0,8,0.8
6448,161,0.0,9,0.8
6449,161,0.0,10,0.8
6450,161,0.0,11,0.8
6451,161,0.0,12,0.8
6452,161,0.0,13,0.8
6453,161,0.0,14,0.8
6454,161,0.0,15,0.8
6455,161,0.0,16,0.8
6456,161,0.0,17,0.8
6457,161,0.0,18,0.8
6458,161,0.0,19,0.8
6459,161,0.0,20,0.8
6460,161,0.0,21,0.8
6461,161,0.0,22,0.8
6462,161,0.0,23,0.8
6463,161,0.0,24,0.8
6464,161,0.0,25,0.8
6465,161,0.0,26,0.8
6466,161,0.0,27,0.8
6467,161,0.0,28,0.8
6468,161,0.0,29,0.8
6469,161,0.0,30,0.8
6470,161,0.0,31,0.8
6471,161,0.0,32,0.8
6472,161,0.0,33,0.8
6473,161,0.0,34,0.8
6474,161,0.0,35,0.8
6475,161,0.0,36,0.8
6476,161,0.0,37,0.8
6477,161,0.0,38,0.8
6478,161,0.0,39,0.8
6479,161,0.0,40,0.8
6480,162,0.0,1,1.0
6481,162,0.0,2,1.0
6482,162,0.0,3,0.6
6483,162,0.0,4,0.8
6484,162,0.0,5,0.8
6485,162,0.0,6,0.8
6486,162,0.0,7,0.8
6487,162,0.0,8,0.8
6488,162,0.0,9,0.8
6489,162,0.0,10,0.8
6490,162,0.0,11,0.8
6491,162,0.0,12,0.8
6492,162,0.0,13,1.0
6493,162,0.0,14,1.0
6494,162,0.0,15,1.0
6495,162,0.0,16,1.0
6496,162,0.0,17,0.8
6497,162,0.0,18,1.0
6498,162,0.0,19,0.8
6499,162,0.0,20,0.4
6500,162,0.0,21,0.4
6501,162,0.0,22,0.4
6502,162,0.0,23,0.6
6503,162,0.0,24,0.6
6504,162,0.0,25,0.8
6505,162,0.0,26,0.8
6506,162,0.0,27,0.8
6507,162,0.0,28,0.8
6508,162,0.0,29,0.8
6509,162,0.0,30,0.8
6510,162,0.0,31,0.8
6511,162,0.0,32,0.8
6512,162,0.0,33,0.8
6513,162,0.0,34,0.8
6514,162,0.0,35,0.8
6515,162,0.0,36,0.8
6516,162,0.0,37,0.8
6517,162,0.0,38,0.8
6518,162,0.0,39,0.8
6519,162,0.0,40,0.8
6520,163,0.0,1,0.8
6521,163,0.0,2,0.8
6522,163,0.0,3,0.8
6523,163,0.0,4,0.6
6524,163,0.0,5,0.6
6525,163,0.0,6,0.6
6526,163,0.0,7,0.6
6527,163,0.0,8,0.4
6528,163,0.0,9,0.4
6529,163,0.0,10,0.6
6530,163,0.0,11,0.6
6531,163,0.0,12,0.6
6532,163,0.0,13,0.4
6533,163,0.0,14,0.8
6534,163,0.0,15,1.0
6535,163,0.0,16,0.8
6536,163,0.0,17,0.8
6537,163,0.0,18,0.8
6538,163,0.0,19,0.8
6539,163,0.0,20,1.0
6540,163,0.0,21,1.0
6541,163,0.0,22,1.0
6542,163,0.0,23,1.0
6543,163,0.0,24,1.0
6544,163,0.0,25,1.0
6545,163,0.0,26,1.0
6546,163,0.0,27,1.0
6547,163,0.0,28,1.0
6548,163,0.0,29,1.0
6549,163,0.0,30,1.0
6550,163,0.0,31,1.0
6551,163,0.0,32,1.0
6552,163,0.0,33,1.0
6553,163,0.0,34,1.0
6554,163,0.0,35,1.0
6555,163,0.0,36,1.0
6556,163,0.0,37,1.0
6557,163,0.0,38,1.0
6558,163,0.0,39,1.0
6559,163,0.0,40,1.0
6560,164,0.0,1,0.6
6561,164,0.0,2,0.6
6562,164,0.0,3,0.6
6563,164,0.0,4,0.6
6564,164,0.0,5,0.6
6565,164,0.0,6,0.6
6566,164,0.0,7,0.6
6567,164,0.0,8,0.6
6568,164,0.0,9,0.6
6569,164,0.0,10,0.6
6570,164,0.0,11,0.6
6571,164,0.0,12,0.6
6572,164,0.0,13,0.6
6573,164,0.0,14,0.6
6574,164,0.0,15,0.8
6575,164,0.0,16,0.8
6576,164,0.0,17,0.8
6577,164,0.0,18,0.8
6578,164,0.0,19,1.0
6579,164,0.0,20,1.0
6580,164,0.0,21,1.0
6581,164,0.0,22,1.0
6582,164,0.0,23,1.0
6583,164,0.0,24,1.0
6584,164,0.0,25,1.0
6585,164,0.0,26,1.0
6586,164,0.0,27,1.0
6587,164,0.0,28,1.0
6588,164,0.0,29,1.0
6589,164,0.0,30,0.8
6590,164,0.0,31,1.0
6591,164,0.0,32,1.0
6592,164,0.0,33,1.0
6593,164,0.0,34,1.0
6594,164,0.0,35,1.0
6595,164,0.0,36,1.0
6596,164,0.0,37,1.0
6597,164,0.0,38,1.0
6598,164,0.0,39,1.0
6599,164,0.0,40,1.0
6600,165,0.0,1,0.8
6601,165,0.0,2,0.8
6602,165,0.0,3,0.8
6603,165,0.0,4,0.8
6604,165,0.0,5,0.6
6605,165,0.0,6,0.6
6606,165,0.0,7,0.8
6607,165,0.0,8,0.8
6608,165,0.0,9,1.0
6609,165,0.0,10,1.0
6610,165,0.0,11,0.8
6611,165,0.0,12,0.8
6612,165,0.0,13,0.8
6613,165,0.0,14,0.8
6614,165,0.0,15,0.8
6615,165,0.0,16,0.8
6616,165,0.0,17,0.8
6617,165,0.0,18,0.8
6618,165,0.0,19,0.8
6619,165,0.0,20,0.8
6620,165,0.0,21,0.8
6621,165,0.0,22,0.8
6622,165,0.0,23,0.8
6623,165,0.0,24,0.8
6624,165,0.0,25,0.8
6625,165,0.0,26,0.8
6626,165,0.0,27,0.8
6627,165,0.0,28,0.8
6628,165,0.0,29,0.8
6629,165,0.0,30,0.8
6630,165,0.0,31,0.8
6631,165,0.0,32,0.8
6632,165,0.0,33,0.8
6633,165,0.0,34,0.8
6634,165,0.0,35,0.8
6635,165,0.0,36,0.8
6636,165,0.0,37,0.8
6637,165,0.0,38,0.8
6638,165,0.0,39,0.8
6639,165,0.0,40,0.8
6640,166,0.0,1,0.6
6641,166,0.0,2,0.6
6642,166,0.0,3,0.6
6643,166,0.0,4,0.4
6644,166,0.0,5,0.6
6645,166,0.0,6,0.8
6646,166,0.0,7,0.4
6647,166,0.0,8,0.6
6648,166,0.0,9,0.4
6649,166,0.0,10,0.6
6650,166,0.0,11,0.6
6651,166,0.0,12,0.6
6652,166,0.0,13,0.6
6653,166,0.0,14,0.6
6654,166,0.0,15,0.8
6655,166,0.0,16,0.8
6656,166,0.0,17,0.8
6657,166,0.0,18,0.8
6658,166,0.0,19,0.8
6659,166,0.0,20,1.0
6660,166,0.0,21,0.8
6661,166,0.0,22,0.8
6662,166,0.0,23,0.8
6663,166,0.0,24,0.8
6664,166,0.0,25,0.8
6665,166,0.0,26,0.8
6666,166,0.0,27,0.8
6667,166,0.0,28,0.8
6668,166,0.0,29,0.8
6669,166,0.0,30,0.8
6670,166,0.0,31,0.8
6671,166,0.0,32,1.0
6672,166,0.0,33,1.0
6673,166,0.0,34,0.8
6674,166,0.0,35,0.8
6675,166,0.0,36,0.8
6676,166,0.0,37,0.8
6677,166,0.0,38,0.8
6678,166,0.0,39,0.8
6679,166,0.0,40,0.8
6680,167,0.0,1,0.6
6681,167,0.0,2,0.6
6682,167,0.0,3,0.8
6683,167,0.0,4,0.8
6684,167,0.0,5,0.8
6685,167,0.0,6,0.8
6686,167,0.0,7,0.6
6687,167,0.0,8,0.8
6688,167,0.0,9,0.8
6689,167,0.0,10,0.8
6690,167,0.0,11,0.6
6691,167,0.0,12,0.6
6692,167,0.0,13,1.0
6693,167,0.0,14,1.0
6694,167,0.0,15,1.0
6695,167,0.0,16,1.0
6696,167,0.0,17,1.0
6697,167,0.0,18,1.0
6698,167,0.0,19,1.0
6699,167,0.0,20,1.0
6700,167,0.0,21,1.0
6701,167,0.0,22,1.0
6702,167,0.0,23,1.0
6703,167,0.0,24,1.0
6704,167,0.0,25,1.0
6705,167,0.0,26,1.0
6706,167,0.0,27,1.0
6707,167,0.0,28,1.0
6708,167,0.0,29,1.0
6709,167,0.0,30,1.0
6710,167,0.0,31,1.0
6711,167,0.0,32,1.0
6712,167,0.0,33,1.0
6713,167,0.0,34,1.0
6714,167,0.0,35,1.0
6715,167,0.0,36,1.0
6716,167,0.0,37,1.0
6717,167,0.0,38,1.0
6718,167,0.0,39,1.0
6719,167,0.0,40,1.0
6720,168,0.0,1,0.0
6721,168,0.0,2,0.8
6722,168,0.0,3,1.0
6723,168,0.0,4,1.0
6724,168,0.0,5,0.8
6725,168,0.0,6,0.8
6726,168,0.0,7,0.8
6727,168,0.0,8,0.8
6728,168,0.0,9,0.8
6729,168,0.0,10,0.8
6730,168,0.0,11,0.8
6731,168,0.0,12,0.8
6732,168,0.0,13,0.8
6733,168,0.0,14,0.8
6734,168,0.0,15,0.8
6735,168,0.0,16,0.8
6736,168,0.0,17,1.0
6737,168,0.0,18,1.0
6738,168,0.0,19,1.0
6739,168,0.0,20,1.0
6740,168,0.0,21,1.0
6741,168,0.0,22,1.0
6742,168,0.0,23,1.0
6743,168,0.0,24,1.0
6744,168,0.0,25,1.0
6745,168,0.0,26,1.0
6746,168,0.0,27,1.0
6747,168,0.0,28,1.0
6748,168,0.0,29,1.0
6749,168,0.0,30,0.8
6750,168,0.0,31,1.0
6751,168,0.0,32,1.0
6752,168,0.0,33,1.0
6753,168,0.0,34,1.0
6754,168,0.0,35,1.0
6755,168,0.0,36,1.0
6756,168,0.0,37,1.0
6757,168,0.0,38,0.8
6758,168,0.0,39,0.8
6759,168,0.0,40,0.8
6760,169,0.0,1,1.0
6761,169,0.0,2,1.0
6762,169,0.0,3,1.0
6763,169,0.0,4,1.0
6764,169,0.0,5,0.8
6765,169,0.0,6,0.8
6766,169,0.0,7,1.0
6767,169,0.0,8,1.0
6768,169,0.0,9,0.8
6769,169,0.0,10,0.8
6770,169,0.0,11,1.0
6771,169,0.0,12,1.0
6772,169,0.0,13,1.0
6773,169,0.0,14,1.0
6774,169,0.0,15,1.0
6775,169,0.0,16,1.0
6776,169,0.0,17,1.0
6777,169,0.0,18,1.0
6778,169,0.0,19,1.0
6779,169,0.0,20,1.0
6780,169,0.0,21,1.0
6781,169,0.0,22,1.0
6782,169,0.0,23,1.0
6783,169,0.0,24,1.0
6784,169,0.0,25,1.0
6785,169,0.0,26,1.0
6786,169,0.0,27,1.0
6787,169,0.0,28,1.0
6788,169,0.0,29,1.0
6789,169,0.0,30,1.0
6790,169,0.0,31,1.0
6791,169,0.0,32,1.0
6792,169,0.0,33,1.0
6793,169,0.0,34,1.0
6794,169,0.0,35,1.0
6795,169,0.0,36,1.0
6796,169,0.0,37,1.0
6797,169,0.0,38,1.0
6798,169,0.0,39,1.0
6799,169,0.0,40,1.0
6800,170,0.0,1,0.0
6801,170,0.0,2,0.6
6802,170,0.0,3,0.6
6803,170,0.0,4,0.6
6804,170,0.0,5,0.4
6805,170,0.0,6,1.0
6806,170,0.0,7,1.0
6807,170,0.0,8,1.0
6808,170,0.0,9,1.0
6809,170,0.0,10,1.0
6810,170,0.0,11,1.0
6811,170,0.0,12,1.0
6812,170,0.0,13,0.8
6813,170,0.0,14,1.0
6814,170,0.0,15,1.0
6815,170,0.0,16,1.0
6816,170,0.0,17,1.0
6817,170,0.0,18,1.0
6818,170,0.0,19,1.0
6819,170,0.0,20,1.0
6820,170,0.0,21,1.0
6821,170,0.0,22,1.0
6822,170,0.0,23,1.0
6823,170,0.0,24,1.0
6824,170,0.0,25,1.0
6825,170,0.0,26,1.0
6826,170,0.0,27,1.0
6827,170,0.0,28,1.0
6828,170,0.0,29,1.0
6829,170,0.0,30,1.0
6830,170,0.0,31,1.0
6831,170,0.0,32,1.0
6832,170,0.0,33,1.0
6833,170,0.0,34,1.0
6834,170,0.0,35,1.0
6835,170,0.0,36,1.0
6836,170,0.0,37,1.0
6837,170,0.0,38,1.0
6838,170,0.0,39,1.0
6839,170,0.0,40,1.0
6840,171,0.0,1,1.0
6841,171,0.0,2,1.0
6842,171,0.0,3,1.0
6843,171,0.0,4,1.0
6844,171,0.0,5,1.0
6845,171,0.0,6,1.0
6846,171,0.0,7,1.0
6847,171,0.0,8,0.8
6848,171,0.0,9,1.0
6849,171,0.0,10,1.0
6850,171,0.0,11,1.0
6851,171,0.0,12,1.0
6852,171,0.0,13,1.0
6853,171,0.0,14,1.0
6854,171,0.0,15,1.0
6855,171,0.0,16,1.0
6856,171,0.0,17,1.0
6857,171,0.0,18,1.0
6858,171,0.0,19,1.0
6859,171,0.0,20,1.0
6860,171,0.0,21,1.0
6861,171,0.0,22,1.0
6862,171,0.0,23,1.0
6863,171,0.0,24,1.0
6864,171,0.0,25,1.0
6865,171,0.0,26,1.0
6866,171,0.0,27,1.0
6867,171,0.0,28,1.0
6868,171,0.0,29,1.0
6869,171,0.0,30,1.0
6870,171,0.0,31,1.0
6871,171,0.0,32,1.0
6872,171,0.0,33,1.0
6873,171,0.0,34,1.0
6874,171,0.0,35,1.0
6875,171,0.0,36,1.0
6876,171,0.0,37,1.0
6877,171,0.0,38,1.0
6878,171,0.0,39,1.0
6879,171,0.0,40,1.0
6880,172,0.0,1,0.8
6881,172,0.0,2,0.8
6882,172,0.0,3,1.0
6883,172,0.0,4,0.8
6884,172,0.0,5,1.0
6885,172,0.0,6,1.0
6886,172,0.0,7,0.8
6887,172,0.0,8,0.8
6888,172,0.0,9,0.8
6889,172,0.0,10,0.6
6890,172,0.0,11,0.6
6891,172,0.0,12,0.6
6892,172,0.0,13,0.6
6893,172,0.0,14,0.6
6894,172,0.0,15,0.6
6895,172,0.0,16,1.0
6896,172,0.0,17,1.0
6897,172,0.0,18,0.8
6898,172,0.0,19,0.8
6899,172,0.0,20,0.6
6900,172,0.0,21,0.8
6901,172,0.0,22,0.6
6902,172,0.0,23,0.6
6903,172,0.0,24,0.8
6904,172,0.0,25,0.6
6905,172,0.0,26,0.8
6906,172,0.0,27,0.8
6907,172,0.0,28,0.8
6908,172,0.0,29,0.8
6909,172,0.0,30,0.8
6910,172,0.0,31,0.8
6911,172,0.0,32,0.8
6912,172,0.0,33,0.8
6913,172,0.0,34,0.8
6914,172,0.0,35,0.8
6915,172,0.0,36,0.8
6916,172,0.0,37,0.8
6917,172,0.0,38,0.8
6918,172,0.0,39,0.8
6919,172,0.0,40,0.8
6920,173,0.0,1,0.6
6921,173,0.0,2,0.6
6922,173,0.0,3,0.6
6923,173,0.0,4,0.6
6924,173,0.0,5,0.6
6925,173,0.0,6,0.6
6926,173,0.0,7,0.6
6927,173,0.0,8,0.4
6928,173,0.0,9,0.6
6929,173,0.0,10,0.6
6930,173,0.0,11,0.6
6931,173,0.0,12,0.4
6932,173,0.0,13,0.2
6933,173,0.0,14,0.4
6934,173,0.0,15,0.4
6935,173,0.0,16,0.4
6936,173,0.0,17,0.4
6937,173,0.0,18,0.4
6938,173,0.0,19,0.4
6939,173,0.0,20,0.4
6940,173,0.0,21,0.4
6941,173,0.0,22,0.4
6942,173,0.0,23,1.0
6943,173,0.0,24,1.0
6944,173,0.0,25,1.0
6945,173,0.0,26,1.0
6946,173,0.0,27,1.0
6947,173,0.0,28,1.0
6948,173,0.0,29,1.0
6949,173,0.0,30,1.0
6950,173,0.0,31,1.0
6951,173,0.0,32,1.0
6952,173,0.0,33,1.0
6953,173,0.0,34,1.0
6954,173,0.0,35,1.0
6955,173,0.0,36,1.0
6956,173,0.0,37,1.0
6957,173,0.0,38,1.0
6958,173,0.0,39,1.0
6959,173,0.0,40,1.0
6960,174,0.0,1,0.8
6961,174,0.0,2,0.8
6962,174,0.0,3,0.4
6963,174,0.0,4,0.8
6964,174,0.0,5,1.0
6965,174,0.0,6,0.8
6966,174,0.0,7,1.0
6967,174,0.0,8,1.0
6968,174,0.0,9,1.0
6969,174,0.0,10,1.0
6970,174,0.0,11,1.0
6971,174,0.0,12,0.8
6972,174,0.0,13,1.0
6973,174,0.0,14,1.0
6974,174,0.0,15,1.0
6975,174,0.0,16,1.0
6976,174,0.0,17,1.0
6977,174,0.0,18,1.0
6978,174,0.0,19,1.0
6979,174,0.0,20,1.0
6980,174,0.0,21,1.0
6981,174,0.0,22,1.0
6982,174,0.0,23,1.0
6983,174,0.0,24,1.0
6984,174,0.0,25,1.0
6985,174,0.0,26,1.0
6986,174,0.0,27,0.8
6987,174,0.0,28,1.0
6988,174,0.0,29,1.0
6989,174,0.0,30,0.8
6990,174,0.0,31,0.6
6991,174,0.0,32,0.8
6992,174,0.0,33,0.6
6993,174,0.0,34,0.6
6994,174,0.0,35,0.6
6995,174,0.0,36,0.6
6996,174,0.0,37,0.6
6997,174,0.0,38,0.6
6998,174,0.0,39,0.6
6999,174,0.0,40,0.6
7000,175,0.0,1,0.6
7001,175,0.0,2,0.6
7002,175,0.0,3,0.6
7003,175,0.0,4,0.6
7004,175,0.0,5,0.6
7005,175,0.0,6,0.8
7006,175,0.0,7,0.4
7007,175,0.0,8,0.6
7008,175,0.0,9,0.6
7009,175,0.0,10,0.8
7010,175,0.0,11,0.8
7011,175,0.0,12,1.0
7012,175,0.0,13,1.0
7013,175,0.0,14,1.0
7014,175,0.0,15,1.0
7015,175,0.0,16,1.0
7016,175,0.0,17,1.0
7017,175,0.0,18,1.0
7018,175,0.0,19,1.0
7019,175,0.0,20,1.0
7020,175,0.0,21,1.0
7021,175,0.0,22,1.0
7022,175,0.0,23,0.8
7023,175,0.0,24,1.0
7024,175,0.0,25,1.0
7025,175,0.0,26,1.0
7026,175,0.0,27,0.8
7027,175,0.0,28,1.0
7028,175,0.0,29,1.0
7029,175,0.0,30,0.8
7030,175,0.0,31,0.8
7031,175,0.0,32,1.0
7032,175,0.0,33,1.0
7033,175,0.0,34,1.0
7034,175,0.0,35,1.0
7035,175,0.0,36,1.0
7036,175,0.0,37,1.0
7037,175,0.0,38,1.0
7038,175,0.0,39,1.0
7039,175,0.0,40,1.0
7040,176,0.0,1,0.6
7041,176,0.0,2,0.6
7042,176,0.0,3,0.6
7043,176,0.0,4,0.6
7044,176,0.0,5,0.6
7045,176,0.0,6,0.8
7046,176,0.0,7,0.6
7047,176,0.0,8,0.6
7048,176,0.0,9,0.6
7049,176,0.0,10,0.8
7050,176,0.0,11,1.0
7051,176,0.0,12,1.0
7052,176,0.0,13,1.0
7053,176,0.0,14,1.0
7054,176,0.0,15,1.0
7055,176,0.0,16,1.0
7056,176,0.0,17,1.0
7057,176,0.0,18,1.0
7058,176,0.0,19,1.0
7059,176,0.0,20,1.0
7060,176,0.0,21,1.0
7061,176,0.0,22,1.0
7062,176,0.0,23,1.0
7063,176,0.0,24,1.0
7064,176,0.0,25,1.0
7065,176,0.0,26,1.0
7066,176,0.0,27,1.0
7067,176,0.0,28,1.0
7068,176,0.0,29,1.0
7069,176,0.0,30,1.0
7070,176,0.0,31,1.0
7071,176,0.0,32,1.0
7072,176,0.0,33,1.0
7073,176,0.0,34,1.0
7074,176,0.0,35,1.0
7075,176,0.0,36,1.0
7076,176,0.0,37,1.0
7077,176,0.0,38,1.0
7078,176,0.0,39,1.0
7079,176,0.0,40,1.0
7080,177,0.0,1,0.0
7081,177,0.0,2,0.6
7082,177,0.0,3,0.6
7083,177,0.0,4,0.6
7084,177,0.0,5,0.6
7085,177,0.0,6,0.6
7086,177,0.0,7,0.6
7087,177,0.0,8,0.6
7088,177,0.0,9,0.6
7089,177,0.0,10,0.6
7090,177,0.0,11,0.6
7091,177,0.0,12,0.6
7092,177,0.0,13,0.6
7093,177,0.0,14,0.6
7094,177,0.0,15,0.6
7095,177,0.0,16,0.6
7096,177,0.0,17,0.6
7097,177,0.0,18,0.6
7098,177,0.0,19,0.4
7099,177,0.0,20,0.4
7100,177,0.0,21,0.4
7101,177,0.0,22,0.6
7102,177,0.0,23,0.8
7103,177,0.0,24,0.8
7104,177,0.0,25,0.8
7105,177,0.0,26,0.8
7106,177,0.0,27,0.8
7107,177,0.0,28,0.8
7108,177,0.0,29,0.8
7109,177,0.0,30,0.8
7110,177,0.0,31,0.8
7111,177,0.0,32,0.8
7112,177,0.0,33,0.8
7113,177,0.0,34,0.8
7114,177,0.0,35,0.8
7115,177,0.0,36,0.8
7116,177,0.0,37,0.8
7117,177,0.0,38,0.8
7118,177,0.0,39,0.8
7119,177,0.0,40,0.8
7120,178,0.0,1,1.0
7121,178,0.0,2,1.0
7122,178,0.0,3,1.0
7123,178,0.0,4,1.0
7124,178,0.0,5,1.0
7125,178,0.0,6,1.0
7126,178,0.0,7,1.0
7127,178,0.0,8,1.0
7128,178,0.0,9,1.0
7129,178,0.0,10,1.0
7130,178,0.0,11,1.0
7131,178,0.0,12,1.0
7132,178,0.0,13,1.0
7133,178,0.0,14,1.0
7134,178,0.0,15,1.0
7135,178,0.0,16,1.0
7136,178,0.0,17,1.0
7137,178,0.0,18,1.0
7138,178,0.0,19,1.0
7139,178,0.0,20,1.0
7140,178,0.0,21,1.0
7141,178,0.0,22,1.0
7142,178,0.0,23,1.0
7143,178,0.0,24,1.0
7144,178,0.0,25,1.0
7145,178,0.0,26,1.0
7146,178,0.0,27,1.0
7147,178,0.0,28,1.0
7148,178,0.0,29,1.0
7149,178,0.0,30,1.0
7150,178,0.0,31,1.0
7151,178,0.0,32,1.0
7152,178,0.0,33,1.0
7153,178,0.0,34,1.0
7154,178,0.0,35,1.0
7155,178,0.0,36,1.0
7156,178,0.0,37,1.0
7157,178,0.0,38,1.0
7158,178,0.0,39,1.0
7159,178,0.0,40,1.0
7160,179,0.0,1,0.0
7161,179,0.0,2,0.4
7162,179,0.0,3,0.2
7163,179,0.0,4,0.6
7164,179,0.0,5,0.6
7165,179,0.0,6,0.6
7166,179,0.0,7,0.4
7167,179,0.0,8,0.6
7168,179,0.0,9,0.6
7169,179,0.0,10,0.6
7170,179,0.0,11,0.6
7171,179,0.0,12,0.6
7172,179,0.0,13,0.8
7173,179,0.0,14,0.8
7174,179,0.0,15,0.8
7175,179,0.0,16,0.8
7176,179,0.0,17,0.6
7177,179,0.0,18,0.8
7178,179,0.0,19,0.8
7179,179,0.0,20,0.8
7180,179,0.0,21,0.8
7181,179,0.0,22,0.8
7182,179,0.0,23,0.8
7183,179,0.0,24,0.6
7184,179,0.0,25,0.6
7185,179,0.0,26,0.4
7186,179,0.0,27,0.4
7187,179,0.0,28,0.4
7188,179,0.0,29,0.4
7189,179,0.0,30,0.6
7190,179,0.0,31,0.4
7191,179,0.0,32,0.6
7192,179,0.0,33,0.6
7193,179,0.0,34,0.6
7194,179,0.0,35,0.6
7195,179,0.0,36,0.6
7196,179,0.0,37,0.6
7197,179,0.0,38,0.6
7198,179,0.0,39,0.6
7199,179,0.0,40,0.6
7200,180,0.1,1,1.0
7201,180,0.1,2,1.0
7202,180,0.1,3,1.0
7203,180,0.1,4,1.0
7204,180,0.1,5,0.6
7205,180,0.1,6,0.8
7206,180,0.1,7,0.6
7207,180,0.1,8,0.8
7208,180,0.1,9,0.8
7209,180,0.1,10,0.8
7210,180,0.1,11,0.6
7211,180,0.1,12,0.6
7212,180,0.1,13,0.6
7213,180,0.1,14,0.6
7214,180,0.1,15,0.6
7215,180,0.1,16,0.6
7216,180,0.1,17,0.6
7217,180,0.1,18,0.6
7218,180,0.1,19,0.6
7219,180,0.1,20,0.6
7220,180,0.1,21,0.6
7221,180,0.1,22,0.6
7222,180,0.1,23,0.8
7223,180,0.1,24,0.8
7224,180,0.1,25,0.8
7225,180,0.1,26,0.8
7226,180,0.1,27,0.8
7227,180,0.1,28,0.8
7228,180,0.1,29,0.8
7229,180,0.1,30,0.8
7230,180,0.1,31,0.8
7231,180,0.1,32,0.8
7232,180,0.1,33,0.8
7233,180,0.1,34,0.8
7234,180,0.1,35,0.8
7235,180,0.1,36,0.8
7236,180,0.1,37,0.8
7237,180,0.1,38,0.8
7238,180,0.1,39,0.8
7239,180,0.1,40,1.0
7240,181,0.1,1,0.8
7241,181,0.1,2,0.8
7242,181,0.1,3,0.8
7243,181,0.1,4,0.8
7244,181,0.1,5,0.8
7245,181,0.1,6,0.8
7246,181,0.1,7,0.8
7247,181,0.1,8,0.4
7248,181,0.1,9,0.4
7249,181,0.1,10,0.4
7250,181,0.1,11,0.4
7251,181,0.1,12,0.4
7252,181,0.1,13,0.6
7253,181,0.1,14,0.6
7254,181,0.1,15,0.8
7255,181,0.1,16,0.8
7256,181,0.1,17,0.8
7257,181,0.1,18,0.8
7258,181,0.1,19,0.6
7259,181,0.1,20,0.8
7260,181,0.1,21,1.0
7261,181,0.1,22,0.8
7262,181,0.1,23,1.0
7263,181,0.1,24,0.8
7264,181,0.1,25,0.8
7265,181,0.1,26,0.8
7266,181,0.1,27,0.8
7267,181,0.1,28,0.8
7268,181,0.1,29,0.6
7269,181,0.1,30,0.6
7270,181,0.1,31,0.8
7271,181,0.1,32,0.8
7272,181,0.1,33,0.8
7273,181,0.1,34,0.8
7274,181,0.1,35,0.8
7275,181,0.1,36,0.8
7276,181,0.1,37,0.8
7277,181,0.1,38,1.0
7278,181,0.1,39,1.0
7279,181,0.1,40,1.0
7280,182,0.1,1,0.6
7281,182,0.1,2,0.6
7282,182,0.1,3,0.6
7283,182,0.1,4,0.8
7284,182,0.1,5,0.8
7285,182,0.1,6,0.8
7286,182,0.1,7,0.6
7287,182,0.1,8,0.6
7288,182,0.1,9,0.6
7289,182,0.1,10,0.6
7290,182,0.1,11,0.6
7291,182,0.1,12,0.6
7292,182,0.1,13,0.6
7293,182,0.1,14,0.6
7294,182,0.1,15,0.6
7295,182,0.1,16,0.6
7296,182,0.1,17,0.6
7297,182,0.1,18,0.6
7298,182,0.1,19,0.6
7299,182,0.1,20,0.6
7300,182,0.1,21,0.6
7301,182,0.1,22,0.6
7302,182,0.1,23,0.6
7303,182,0.1,24,0.6
7304,182,0.1,25,0.6
7305,182,0.1,26,0.6
7306,182,0.1,27,0.6
7307,182,0.1,28,0.6
7308,182,0.1,29,0.8
7309,182,0.1,30,0.8
7310,182,0.1,31,0.8
7311,182,0.1,32,0.8
7312,182,0.1,33,0.8
7313,182,0.1,34,0.8
7314,182,0.1,35,0.8
7315,182,0.1,36,0.8
7316,182,0.1,37,0.8
7317,182,0.1,38,0.8
7318,182,0.1,39,0.6
7319,182,0.1,40,0.8
7320,183,0.1,1,0.8
7321,183,0.1,2,0.8
7322,183,0.1,3,0.8
7323,183,0.1,4,0.6
7324,183,0.1,5,0.8
7325,183,0.1,6,0.8
7326,183,0.1,7,0.6
7327,183,0.1,8,0.6
7328,183,0.1,9,0.6
7329,183,0.1,10,0.6
7330,183,0.1,11,0.6
7331,183,0.1,12,0.6
7332,183,0.1,13,0.6
7333,183,0.1,14,0.6
7334,183,0.1,15,0.6
7335,183,0.1,16,0.6
7336,183,0.1,17,0.4
7337,183,0.1,18,0.4
7338,183,0.1,19,0.4
7339,183,0.1,20,0.4
7340,183,0.1,21,0.4
7341,183,0.1,22,0.6
7342,183,0.1,23,0.6
7343,183,0.1,24,0.8
7344,183,0.1,25,0.8
7345,183,0.1,26,0.8
7346,183,0.1,27,0.8
7347,183,0.1,28,0.8
7348,183,0.1,29,0.8
7349,183,0.1,30,0.8
7350,183,0.1,31,0.8
7351,183,0.1,32,0.8
7352,183,0.1,33,0.8
7353,183,0.1,34,0.8
7354,183,0.1,35,0.8
7355,183,0.1,36,0.8
7356,183,0.1,37,0.8
7357,183,0.1,38,0.8
7358,183,0.1,39,0.8
7359,183,0.1,40,1.0
7360,184,0.1,1,0.6
7361,184,0.1,2,0.6
7362,184,0.1,3,0.6
7363,184,0.1,4,0.6
7364,184,0.1,5,0.8
7365,184,0.1,6,0.8
7366,184,0.1,7,0.8
7367,184,0.1,8,0.6
7368,184,0.1,9,0.6
7369,184,0.1,10,0.8
7370,184,0.1,11,0.8
7371,184,0.1,12,0.8
7372,184,0.1,13,0.8
7373,184,0.1,14,0.8
7374,184,0.1,15,0.8
7375,184,0.1,16,0.8
7376,184,0.1,17,0.6
7377,184,0.1,18,0.8
7378,184,0.1,19,0.6
7379,184,0.1,20,0.6
7380,184,0.1,21,0.8
7381,184,0.1,22,0.8
7382,184,0.1,23,0.8
7383,184,0.1,24,0.8
7384,184,0.1,25,0.8
7385,184,0.1,26,0.8
7386,184,0.1,27,0.8
7387,184,0.1,28,0.8
7388,184,0.1,29,0.8
7389,184,0.1,30,0.8
7390,184,0.1,31,0.8
7391,184,0.1,32,0.8
7392,184,0.1,33,0.8
7393,184,0.1,34,0.8
7394,184,0.1,35,0.8
7395,184,0.1,36,0.8
7396,184,0.1,37,0.8
7397,184,0.1,38,0.8
7398,184,0.1,39,0.8
7399,184,0.1,40,0.8
7400,185,0.1,1,0.6
7401,185,0.1,2,0.6
7402,185,0.1,3,0.6
7403,185,0.1,4,0.6
7404,185,0.1,5,0.6
7405,185,0.1,6,0.6
7406,185,0.1,7,0.6
7407,185,0.1,8,0.6
7408,185,0.1,9,1.0
7409,185,0.1,10,1.0
7410,185,0.1,11,1.0
7411,185,0.1,12,1.0
7412,185,0.1,13,1.0
7413,185,0.1,14,1.0
7414,185,0.1,15,1.0
7415,185,0.1,16,1.0
7416,185,0.1,17,1.0
7417,185,0.1,18,1.0
7418,185,0.1,19,1.0
7419,185,0.1,20,1.0
7420,185,0.1,21,1.0
7421,185,0.1,22,1.0
7422,185,0.1,23,1.0
7423,185,0.1,24,1.0
7424,185,0.1,25,1.0
7425,185,0.1,26,1.0
7426,185,0.1,27,0.8
7427,185,0.1,28,0.8
7428,185,0.1,29,0.8
7429,185,0.1,30,0.8
7430,185,0.1,31,0.8
7431,185,0.1,32,0.8
7432,185,0.1,33,0.8
7433,185,0.1,34,0.8
7434,185,0.1,35,0.8
7435,185,0.1,36,0.8
7436,185,0.1,37,1.0
7437,185,0.1,38,1.0
7438,185,0.1,39,1.0
7439,185,0.1,40,1.0
7440,186,0.1,1,0.0
7441,186,0.1,2,0.4
7442,186,0.1,3,0.8
7443,186,0.1,4,0.8
7444,186,0.1,5,0.4
7445,186,0.1,6,0.6
7446,186,0.1,7,0.6
7447,186,0.1,8,0.8
7448,186,0.1,9,0.6
7449,186,0.1,10,0.6
7450,186,0.1,11,0.6
7451,186,0.1,12,0.6
7452,186,0.1,13,0.4
7453,186,0.1,14,0.4
7454,186,0.1,15,0.4
7455,186,0.1,16,1.0
7456,186,0.1,17,1.0
7457,186,0.1,18,1.0
7458,186,0.1,19,1.0
7459,186,0.1,20,1.0
7460,186,0.1,21,1.0
7461,186,0.1,22,1.0
7462,186,0.1,23,1.0
7463,186,0.1,24,1.0
7464,186,0.1,25,0.8
7465,186,0.1,26,0.8
7466,186,0.1,27,0.8
7467,186,0.1,28,0.8
7468,186,0.1,29,0.8
7469,186,0.1,30,0.8
7470,186,0.1,31,0.8
7471,186,0.1,32,0.8
7472,186,0.1,33,1.0
7473,186,0.1,34,1.0
7474,186,0.1,35,1.0
7475,186,0.1,36,1.0
7476,186,0.1,37,1.0
7477,186,0.1,38,1.0
7478,186,0.1,39,1.0
7479,186,0.1,40,1.0
7480,187,0.1,1,1.0
7481,187,0.1,2,1.0
7482,187,0.1,3,0.8
7483,187,0.1,4,0.8
7484,187,0.1,5,1.0
7485,187,0.1,6,1.0
7486,187,0.1,7,1.0
7487,187,0.1,8,1.0
7488,187,0.1,9,1.0
7489,187,0.1,10,1.0
7490,187,0.1,11,1.0
7491,187,0.1,12,1.0
7492,187,0.1,13,1.0
7493,187,0.1,14,1.0
7494,187,0.1,15,1.0
7495,187,0.1,16,1.0
7496,187,0.1,17,1.0
7497,187,0.1,18,1.0
7498,187,0.1,19,1.0
7499,187,0.1,20,1.0
7500,187,0.1,21,1.0
7501,187,0.1,22,1.0
7502,187,0.1,23,1.0
7503,187,0.1,24,1.0
7504,187,0.1,25,1.0
7505,187,0.1,26,0.8
7506,187,0.1,27,1.0
7507,187,0.1,28,1.0
7508,187,0.1,29,1.0
7509,187,0.1,30,1.0
7510,187,0.1,31,1.0
7511,187,0.1,32,1.0
7512,187,0.1,33,1.0
7513,187,0.1,34,1.0
7514,187,0.1,35,1.0
7515,187,0.1,36,1.0
7516,187,0.1,37,1.0
7517,187,0.1,38,1.0
7518,187,0.1,39,1.0
7519,187,0.1,40,1.0
7520,188,0.1,1,0.0
7521,188,0.1,2,0.4
7522,188,0.1,3,0.4
7523,188,0.1,4,0.4
7524,188,0.1,5,0.4
7525,188,0.1,6,0.4
7526,188,0.1,7,0.4
7527,188,0.1,8,0.4
7528,188,0.1,9,0.4
7529,188,0.1,10,0.4
7530,188,0.1,11,0.4
7531,188,0.1,12,0.4
7532,188,0.1,13,0.4
7533,188,0.1,14,0.4
7534,188,0.1,15,0.4
7535,188,0.1,16,0.2
7536,188,0.1,17,0.2
7537,188,0.1,18,0.4
7538,188,0.1,19,0.6
7539,188,0.1,20,0.8
7540,188,0.1,21,0.6
7541,188,0.1,22,0.8
7542,188,0.1,23,0.8
7543,188,0.1,24,0.8
7544,188,0.1,25,0.6
7545,188,0.1,26,0.6
7546,188,0.1,27,0.4
7547,188,0.1,28,0.8
7548,188,0.1,29,0.6
7549,188,0.1,30,0.6
7550,188,0.1,31,0.6
7551,188,0.1,32,0.6
7552,188,0.1,33,0.8
7553,188,0.1,34,0.8
7554,188,0.1,35,0.8
7555,188,0.1,36,1.0
7556,188,0.1,37,0.8
7557,188,0.1,38,0.8
7558,188,0.1,39,0.8
7559,188,0.1,40,1.0
7560,189,0.1,1,1.0
7561,189,0.1,2,1.0
7562,189,0.1,3,1.0
7563,189,0.1,4,1.0
7564,189,0.1,5,0.8
7565,189,0.1,6,0.8
7566,189,0.1,7,0.8
7567,189,0.1,8,0.6
7568,189,0.1,9,0.8
7569,189,0.1,10,0.6
7570,189,0.1,11,0.6
7571,189,0.1,12,0.6
7572,189,0.1,13,0.6
7573,189,0.1,14,0.8
7574,189,0.1,15,0.6
7575,189,0.1,16,1.0
7576,189,0.1,17,0.8
7577,189,0.1,18,0.8
7578,189,0.1,19,0.8
7579,189,0.1,20,1.0
7580,189,0.1,21,1.0
7581,189,0.1,22,1.0
7582,189,0.1,23,1.0
7583,189,0.1,24,1.0
7584,189,0.1,25,1.0
7585,189,0.1,26,1.0
7586,189,0.1,27,1.0
7587,189,0.1,28,1.0
7588,189,0.1,29,1.0
7589,189,0.1,30,1.0
7590,189,0.1,31,1.0
7591,189,0.1,32,1.0
7592,189,0.1,33,1.0
7593,189,0.1,34,1.0
7594,189,0.1,35,1.0
7595,189,0.1,36,1.0
7596,189,0.1,37,1.0
7597,189,0.1,38,1.0
7598,189,0.1,39,1.0
7599,189,0.1,40,1.0
7600,190,0.1,1,0.8
7601,190,0.1,2,0.8
7602,190,0.1,3,0.8
7603,190,0.1,4,0.8
7604,190,0.1,5,1.0
7605,190,0.1,6,0.8
7606,190,0.1,7,0.8
7607,190,0.1,8,0.6
7608,190,0.1,9,1.0
7609,190,0.1,10,1.0
7610,190,0.1,11,1.0
7611,190,0.1,12,1.0
7612,190,0.1,13,0.8
7613,190,0.1,14,1.0
7614,190,0.1,15,1.0
7615,190,0.1,16,1.0
7616,190,0.1,17,1.0
7617,190,0.1,18,1.0
7618,190,0.1,19,1.0
7619,190,0.1,20,1.0
7620,190,0.1,21,1.0
7621,190,0.1,22,1.0
7622,190,0.1,23,1.0
7623,190,0.1,24,1.0
7624,190,0.1,25,1.0
7625,190,0.1,26,1.0
7626,190,0.1,27,1.0
7627,190,0.1,28,1.0
7628,190,0.1,29,1.0
7629,190,0.1,30,1.0
7630,190,0.1,31,1.0
7631,190,0.1,32,1.0
7632,190,0.1,33,1.0
7633,190,0.1,34,1.0
7634,190,0.1,35,1.0
7635,190,0.1,36,1.0
7636,190,0.1,37,1.0
7637,190,0.1,38,1.0
7638,190,0.1,39,0.8
7639,190,0.1,40,0.8
7640,191,0.1,1,0.6
7641,191,0.1,2,0.6
7642,191,0.1,3,0.6
7643,191,0.1,4,0.6
7644,191,0.1,5,0.6
7645,191,0.1,6,0.6
7646,191,0.1,7,0.8
7647,191,0.1,8,1.0
7648,191,0.1,9,1.0
7649,191,0.1,10,0.8
7650,191,0.1,11,0.8
7651,191,0.1,12,0.8
7652,191,0.1,13,0.8
7653,191,0.1,14,0.8
7654,191,0.1,15,0.8
7655,191,0.1,16,0.8
7656,191,0.1,17,1.0
7657,191,0.1,18,0.8
7658,191,0.1,19,0.8
7659,191,0.1,20,0.8
7660,191,0.1,21,0.8
7661,191,0.1,22,0.8
7662,191,0.1,23,0.8
7663,191,0.1,24,0.8
7664,191,0.1,25,0.8
7665,191,0.1,26,0.8
7666,191,0.1,27,0.8
7667,191,0.1,28,0.8
7668,191,0.1,29,0.8
7669,191,0.1,30,0.8
7670,191,0.1,31,0.8
7671,191,0.1,32,0.8
7672,191,0.1,33,0.8
7673,191,0.1,34,0.8
7674,191,0.1,35,0.8
7675,191,0.1,36,0.8
7676,191,0.1,37,0.8
7677,191,0.1,38,0.8
7678,191,0.1,39,0.8
7679,191,0.1,40,0.8
7680,192,0.1,1,0.8
7681,192,0.1,2,0.8
7682,192,0.1,3,0.6
7683,192,0.1,4,0.6
7684,192,0.1,5,0.8
7685,192,0.1,6,0.8
7686,192,0.1,7,0.8
7687,192,0.1,8,0.8
7688,192,0.1,9,0.8
7689,192,0.1,10,0.8
7690,192,0.1,11,0.8
7691,192,0.1,12,0.8
7692,192,0.1,13,0.8
7693,192,0.1,14,0.8
7694,192,0.1,15,0.8
7695,192,0.1,16,0.8
7696,192,0.1,17,0.6
7697,192,0.1,18,0.6
7698,192,0.1,19,0.8
7699,192,0.1,20,0.8
7700,192,0.1,21,0.8
7701,192,0.1,22,0.8
7702,192,0.1,23,0.8
7703,192,0.1,24,0.8
7704,192,0.1,25,0.6
7705,192,0.1,26,0.6
7706,192,0.1,27,1.0
7707,192,0.1,28,0.8
7708,192,0.1,29,0.8
7709,192,0.1,30,0.6
7710,192,0.1,31,0.8
7711,192,0.1,32,0.6
7712,192,0.1,33,0.8
7713,192,0.1,34,0.8
7714,192,0.1,35,0.8
7715,192,0.1,36,0.8
7716,192,0.1,37,0.8
7717,192,0.1,38,0.8
7718,192,0.1,39,0.8
7719,192,0.1,40,0.8
7720,193,0.1,1,0.6
7721,193,0.1,2,0.8
7722,193,0.1,3,1.0
7723,193,0.1,4,0.8
7724,193,0.1,5,0.8
7725,193,0.1,6,1.0
7726,193,0.1,7,1.0
7727,193,0.1,8,1.0
7728,193,0.1,9,1.0
7729,193,0.1,10,1.0
7730,193,0.1,11,1.0
7731,193,0.1,12,0.8
7732,193,0.1,13,0.8
7733,193,0.1,14,0.8
7734,193,0.1,15,1.0
7735,193,0.1,16,0.8
7736,193,0.1,17,0.8
7737,193,0.1,18,0.8
7738,193,0.1,19,1.0
7739,193,0.1,20,0.8
7740,193,0.1,21,0.8
7741,193,0.1,22,1.0
7742,193,0.1,23,1.0
7743,193,0.1,24,1.0
7744,193,0.1,25,1.0
7745,193,0.1,26,0.8
7746,193,0.1,27,0.8
7747,193,0.1,28,1.0
7748,193,0.1,29,1.0
7749,193,0.1,30,1.0
7750,193,0.1,31,1.0
7751,193,0.1,32,1.0
7752,193,0.1,33,1.0
7753,193,0.1,34,1.0
7754,193,0.1,35,0.8
7755,193,0.1,36,1.0
7756,193,0.1,37,0.8
7757,193,0.1,38,0.8
7758,193,0.1,39,0.8
7759,193,0.1,40,0.8
7760,194,0.1,1,0.6
7761,194,0.1,2,0.6
7762,194,0.1,3,0.8
7763,194,0.1,4,0.8
7764,194,0.1,5,0.6
7765,194,0.1,6,0.4
7766,194,0.1,7,1.0
7767,194,0.1,8,0.8
7768,194,0.1,9,0.8
7769,194,0.1,10,1.0
7770,194,0.1,11,1.0
7771,194,0.1,12,1.0
7772,194,0.1,13,1.0
7773,194,0.1,14,1.0
7774,194,0.1,15,1.0
7775,194,0.1,16,1.0
7776,194,0.1,17,1.0
7777,194,0.1,18,1.0
7778,194,0.1,19,0.8
7779,194,0.1,20,0.8
7780,194,0.1,21,0.8
7781,194,0.1,22,0.8
7782,194,0.1,23,0.8
7783,194,0.1,24,0.8
7784,194,0.1,25,0.8
7785,194,0.1,26,0.8
7786,194,0.1,27,0.8
7787,194,0.1,28,0.8
7788,194,0.1,29,0.8
7789,194,0.1,30,1.0
7790,194,0.1,31,1.0
7791,194,0.1,32,1.0
7792,194,0.1,33,1.0
7793,194,0.1,34,1.0
7794,194,0.1,35,1.0
7795,194,0.1,36,1.0
7796,194,0.1,37,1.0
7797,194,0.1,38,1.0
7798,194,0.1,39,1.0
7799,194,0.1,40,1.0
7800,195,0.1,1,0.0
7801,195,0.1,2,0.6
7802,195,0.1,3,0.6
7803,195,0.1,4,0.4
7804,195,0.1,5,0.4
7805,195,0.1,6,0.4
7806,195,0.1,7,0.6
7807,195,0.1,8,1.0
7808,195,0.1,9,0.8
7809,195,0.1,10,0.8
7810,195,0.1,11,0.8
7811,195,0.1,12,1.0
7812,195,0.1,13,1.0
7813,195,0.1,14,1.0
7814,195,0.1,15,1.0
7815,195,0.1,16,1.0
7816,195,0.1,17,0.8
7817,195,0.1,18,0.8
7818,195,0.1,19,0.8
7819,195,0.1,20,0.8
7820,195,0.1,21,1.0
7821,195,0.1,22,0.8
7822,195,0.1,23,0.8
7823,195,0.1,24,1.0
7824,195,0.1,25,1.0
7825,195,0.1,26,1.0
7826,195,0.1,27,1.0
7827,195,0.1,28,1.0
7828,195,0.1,29,1.0
7829,195,0.1,30,1.0
7830,195,0.1,31,1.0
7831,195,0.1,32,1.0
7832,195,0.1,33,1.0
7833,195,0.1,34,1.0
7834,195,0.1,35,1.0
7835,195,0.1,36,1.0
7836,195,0.1,37,1.0
7837,195,0.1,38,1.0
7838,195,0.1,39,0.8
7839,195,0.1,40,0.8
7840,196,0.1,1,1.0
7841,196,0.1,2,1.0
7842,196,0.1,3,1.0
7843,196,0.1,4,1.0
7844,196,0.1,5,1.0
7845,196,0.1,6,1.0
7846,196,0.1,7,1.0
7847,196,0.1,8,1.0
7848,196,0.1,9,1.0
7849,196,0.1,10,0.8
7850,196,0.1,11,0.8
7851,196,0.1,12,0.8
7852,196,0.1,13,0.8
7853,196,0.1,14,0.8
7854,196,0.1,15,0.8
7855,196,0.1,16,0.8
7856,196,0.1,17,0.8
7857,196,0.1,18,0.8
7858,196,0.1,19,0.8
7859,196,0.1,20,0.8
7860,196,0.1,21,0.8
7861,196,0.1,22,0.8
7862,196,0.1,23,0.8
7863,196,0.1,24,0.8
7864,196,0.1,25,0.8
7865,196,0.1,26,0.8
7866,196,0.1,27,0.8
7867,196,0.1,28,0.8
7868,196,0.1,29,0.8
7869,196,0.1,30,0.8
7870,196,0.1,31,0.8
7871,196,0.1,32,0.8
7872,196,0.1,33,1.0
7873,196,0.1,34,1.0
7874,196,0.1,35,1.0
7875,196,0.1,36,1.0
7876,196,0.1,37,1.0
7877,196,0.1,38,1.0
7878,196,0.1,39,1.0
7879,196,0.1,40,1.0
7880,197,0.1,1,0.0
7881,197,0.1,2,0.6
7882,197,0.1,3,0.6
7883,197,0.1,4,0.6
7884,197,0.1,5,0.6
7885,197,0.1,6,0.6
7886,197,0.1,7,0.6
7887,197,0.1,8,0.6
7888,197,0.1,9,0.6
7889,197,0.1,10,0.4
7890,197,0.1,11,0.8
7891,197,0.1,12,0.4
7892,197,0.1,13,0.4
7893,197,0.1,14,0.6
7894,197,0.1,15,0.8
7895,197,0.1,16,1.0
7896,197,0.1,17,0.8
7897,197,0.1,18,1.0
7898,197,0.1,19,1.0
7899,197,0.1,20,1.0
7900,197,0.1,21,1.0
7901,197,0.1,22,1.0
7902,197,0.1,23,1.0
7903,197,0.1,24,1.0
7904,197,0.1,25,1.0
7905,197,0.1,26,1.0
7906,197,0.1,27,1.0
7907,197,0.1,28,1.0
7908,197,0.1,29,1.0
7909,197,0.1,30,1.0
7910,197,0.1,31,1.0
7911,197,0.1,32,1.0
7912,197,0.1,33,1.0
7913,197,0.1,34,1.0
7914,197,0.1,35,1.0
7915,197,0.1,36,1.0
7916,197,0.1,37,1.0
7917,197,0.1,38,1.0
7918,197,0.1,39,1.0
7919,197,0.1,40,1.0
7920,198,0.1,1,1.0
7921,198,0.1,2,1.0
7922,198,0.1,3,1.0
7923,198,0.1,4,1.0
7924,198,0.1,5,0.8
7925,198,0.1,6,1.0
7926,198,0.1,7,1.0
7927,198,0.1,8,0.8
7928,198,0.1,9,0.8
7929,198,0.1,10,0.8
7930,198,0.1,11,0.8
7931,198,0.1,12,0.8
7932,198,0.1,13,0.6
7933,198,0.1,14,0.8
7934,198,0.1,15,1.0
7935,198,0.1,16,1.0
7936,198,0.1,17,1.0
7937,198,0.1,18,1.0
7938,198,0.1,19,1.0
7939,198,0.1,20,1.0
7940,198,0.1,21,1.0
7941,198,0.1,22,1.0
7942,198,0.1,23,1.0
7943,198,0.1,24,1.0
7944,198,0.1,25,1.0
7945,198,0.1,26,1.0
7946,198,0.1,27,1.0
7947,198,0.1,28,1.0
7948,198,0.1,29,1.0
7949,198,0.1,30,1.0
7950,198,0.1,31,1.0
7951,198,0.1,32,1.0
7952,198,0.1,33,1.0
7953,198,0.1,34,1.0
7954,198,0.1,35,1.0
7955,198,0.1,36,1.0
7956,198,0.1,37,1.0
7957,198,0.1,38,1.0
7958,198,0.1,39,1.0
7959,198,0.1,40,1.0
7960,199,0.1,1,0.8
7961,199,0.1,2,1.0
7962,199,0.1,3,1.0
7963,199,0.1,4,1.0
7964,199,0.1,5,1.0
7965,199,0.1,6,1.0
7966,199,0.1,7,1.0
7967,199,0.1,8,1.0
7968,199,0.1,9,1.0
7969,199,0.1,10,1.0
7970,199,0.1,11,1.0
7971,199,0.1,12,1.0
7972,199,0.1,13,1.0
7973,199,0.1,14,1.0
7974,199,0.1,15,1.0
7975,199,0.1,16,0.8
7976,199,0.1,17,0.8
7977,199,0.1,18,0.8
7978,199,0.1,19,0.8
7979,199,0.1,20,0.8
7980,199,0.1,21,0.8
7981,199,0.1,22,0.8
7982,199,0.1,23,0.8
7983,199,0.1,24,0.8
7984,199,0.1,25,0.8
7985,199,0.1,26,0.8
7986,199,0.1,27,0.8
7987,199,0.1,28,0.8
7988,199,0.1,29,0.8
7989,199,0.1,30,0.8
7990,199,0.1,31,0.8
7991,199,0.1,32,0.8
7992,199,0.1,33,0.8
7993,199,0.1,34,0.8
7994,199,0.1,35,0.8
7995,199,0.1,36,0.8
7996,199,0.1,37,0.8
7997,199,0.1,38,0.8
7998,199,0.1,39,0.8
7999,199,0.1,40,0.8
8000,200,0.1,1,0.6
8001,200,0.1,2,0.8
8002,200,0.1,3,0.8
8003,200,0.1,4,1.0
8004,200,0.1,5,1.0
8005,200,0.1,6,1.0
8006,200,0.1,7,1.0
8007,200,0.1,8,1.0
8008,200,0.1,9,1.0
8009,200,0.1,10,1.0
8010,200,0.1,11,1.0
8011,200,0.1,12,1.0
8012,200,0.1,13,1.0
8013,200,0.1,14,1.0
8014,200,0.1,15,1.0
8015,200,0.1,16,1.0
8016,200,0.1,17,1.0
8017,200,0.1,18,1.0
8018,200,0.1,19,1.0
8019,200,0.1,20,1.0
8020,200,0.1,21,1.0
8021,200,0.1,22,1.0
8022,200,0.1,23,1.0
8023,200,0.1,24,1.0
8024,200,0.1,25,1.0
8025,200,0.1,26,1.0
8026,200,0.1,27,1.0
8027,200,0.1,28,1.0
8028,200,0.1,29,1.0
8029,200,0.1,30,1.0
8030,200,0.1,31,1.0
8031,200,0.1,32,1.0
8032,200,0.1,33,1.0
8033,200,0.1,34,1.0
8034,200,0.1,35,1.0
8035,200,0.1,36,1.0
8036,200,0.1,37,1.0
8037,200,0.1,38,1.0
8038,200,0.1,39,1.0
8039,200,0.1,40,1.0
8040,201,0.1,1,0.8
8041,201,0.1,2,0.8
8042,201,0.1,3,0.8
8043,201,0.1,4,0.8
8044,201,0.1,5,0.8
8045,201,0.1,6,0.6
8046,201,0.1,7,0.8
8047,201,0.1,8,1.0
8048,201,0.1,9,1.0
8049,201,0.1,10,1.0
8050,201,0.1,11,0.8
8051,201,0.1,12,1.0
8052,201,0.1,13,0.8
8053,201,0.1,14,0.8
8054,201,0.1,15,0.8
8055,201,0.1,16,0.8
8056,201,0.1,17,0.8
8057,201,0.1,18,0.8
8058,201,0.1,19,0.8
8059,201,0.1,20,0.8
8060,201,0.1,21,0.8
8061,201,0.1,22,0.8
8062,201,0.1,23,0.8
8063,201,0.1,24,0.8
8064,201,0.1,25,1.0
8065,201,0.1,26,1.0
8066,201,0.1,27,1.0
8067,201,0.1,28,1.0
8068,201,0.1,29,1.0
8069,201,0.1,30,1.0
8070,201,0.1,31,1.0
8071,201,0.1,32,1.0
8072,201,0.1,33,1.0
8073,201,0.1,34,1.0
8074,201,0.1,35,1.0
8075,201,0.1,36,1.0
8076,201,0.1,37,1.0
8077,201,0.1,38,1.0
8078,201,0.1,39,1.0
8079,201,0.1,40,1.0
8080,202,0.1,1,0.6
8081,202,0.1,2,0.8
8082,202,0.1,3,1.0
8083,202,0.1,4,0.8
8084,202,0.1,5,1.0
8085,202,0.1,6,0.8
8086,202,0.1,7,1.0
8087,202,0.1,8,0.8
8088,202,0.1,9,0.6
8089,202,0.1,10,0.6
8090,202,0.1,11,0.8
8091,202,0.1,12,0.6
8092,202,0.1,13,0.8
8093,202,0.1,14,0.8
8094,202,0.1,15,0.8
8095,202,0.1,16,1.0
8096,202,0.1,17,0.8
8097,202,0.1,18,0.8
8098,202,0.1,19,0.8
8099,202,0.1,20,0.8
8100,202,0.1,21,0.8
8101,202,0.1,22,0.8
8102,202,0.1,23,0.8
8103,202,0.1,24,0.8
8104,202,0.1,25,0.4
8105,202,0.1,26,0.4
8106,202,0.1,27,0.6
8107,202,0.1,28,0.4
8108,202,0.1,29,0.4
8109,202,0.1,30,0.4
8110,202,0.1,31,0.6
8111,202,0.1,32,0.6
8112,202,0.1,33,0.6
8113,202,0.1,34,0.6
8114,202,0.1,35,0.6
8115,202,0.1,36,0.6
8116,202,0.1,37,1.0
8117,202,0.1,38,1.0
8118,202,0.1,39,0.8
8119,202,0.1,40,1.0
8120,203,0.1,1,0.6
8121,203,0.1,2,0.6
8122,203,0.1,3,0.6
8123,203,0.1,4,0.6
8124,203,0.1,5,0.8
8125,203,0.1,6,0.6
8126,203,0.1,7,0.8
8127,203,0.1,8,0.8
8128,203,0.1,9,0.8
8129,203,0.1,10,0.8
8130,203,0.1,11,0.6
8131,203,0.1,12,0.6
8132,203,0.1,13,0.6
8133,203,0.1,14,0.4
8134,203,0.1,15,0.4
8135,203,0.1,16,0.6
8136,203,0.1,17,0.6
8137,203,0.1,18,0.4
8138,203,0.1,19,0.6
8139,203,0.1,20,0.6
8140,203,0.1,21,1.0
8141,203,0.1,22,1.0
8142,203,0.1,23,1.0
8143,203,0.1,24,1.0
8144,203,0.1,25,1.0
8145,203,0.1,26,1.0
8146,203,0.1,27,1.0
8147,203,0.1,28,1.0
8148,203,0.1,29,1.0
8149,203,0.1,30,1.0
8150,203,0.1,31,1.0
8151,203,0.1,32,1.0
8152,203,0.1,33,1.0
8153,203,0.1,34,1.0
8154,203,0.1,35,1.0
8155,203,0.1,36,1.0
8156,203,0.1,37,1.0
8157,203,0.1,38,1.0
8158,203,0.1,39,1.0
8159,203,0.1,40,1.0
8160,204,0.1,1,0.0
8161,204,0.1,2,0.2
8162,204,0.1,3,0.2
8163,204,0.1,4,0.8
8164,204,0.1,5,0.6
8165,204,0.1,6,0.6
8166,204,0.1,7,0.6
8167,204,0.1,8,0.6
8168,204,0.1,9,0.8
8169,204,0.1,10,0.8
8170,204,0.1,11,0.8
8171,204,0.1,12,0.8
8172,204,0.1,13,0.8
8173,204,0.1,14,0.8
8174,204,0.1,15,0.8
8175,204,0.1,16,1.0
8176,204,0.1,17,0.8
8177,204,0.1,18,0.8
8178,204,0.1,19,1.0
8179,204,0.1,20,0.8
8180,204,0.1,21,0.8
8181,204,0.1,22,0.8
8182,204,0.1,23,0.8
8183,204,0.1,24,1.0
8184,204,0.1,25,0.8
8185,204,0.1,26,1.0
8186,204,0.1,27,0.8
8187,204,0.1,28,0.8
8188,204,0.1,29,0.8
8189,204,0.1,30,0.8
8190,204,0.1,31,0.8
8191,204,0.1,32,0.6
8192,204,0.1,33,0.8
8193,204,0.1,34,0.8
8194,204,0.1,35,0.8
8195,204,0.1,36,0.8
8196,204,0.1,37,0.8
8197,204,0.1,38,0.8
8198,204,0.1,39,0.8
8199,204,0.1,40,0.8
8200,205,0.1,1,1.0
8201,205,0.1,2,1.0
8202,205,0.1,3,1.0
8203,205,0.1,4,1.0
8204,205,0.1,5,0.6
8205,205,0.1,6,0.6
8206,205,0.1,7,0.8
8207,205,0.1,8,1.0
8208,205,0.1,9,1.0
8209,205,0.1,10,1.0
8210,205,0.1,11,1.0
8211,205,0.1,12,1.0
8212,205,0.1,13,1.0
8213,205,0.1,14,1.0
8214,205,0.1,15,1.0
8215,205,0.1,16,1.0
8216,205,0.1,17,1.0
8217,205,0.1,18,1.0
8218,205,0.1,19,1.0
8219,205,0.1,20,1.0
8220,205,0.1,21,0.8
8221,205,0.1,22,0.8
8222,205,0.1,23,0.8
8223,205,0.1,24,0.8
8224,205,0.1,25,0.8
8225,205,0.1,26,0.8
8226,205,0.1,27,0.8
8227,205,0.1,28,0.8
8228,205,0.1,29,0.8
8229,205,0.1,30,0.8
8230,205,0.1,31,0.8
8231,205,0.1,32,0.8
8232,205,0.1,33,0.8
8233,205,0.1,34,0.8
8234,205,0.1,35,0.8
8235,205,0.1,36,0.8
8236,205,0.1,37,0.8
8237,205,0.1,38,0.8
8238,205,0.1,39,0.8
8239,205,0.1,40,0.8
8240,206,0.1,1,0.0
8241,206,0.1,2,0.6
8242,206,0.1,3,0.6
8243,206,0.1,4,0.8
8244,206,0.1,5,0.8
8245,206,0.1,6,0.4
8246,206,0.1,7,0.6
8247,206,0.1,8,0.8
8248,206,0.1,9,0.6
8249,206,0.1,10,0.6
8250,206,0.1,11,0.6
8251,206,0.1,12,0.8
8252,206,0.1,13,0.8
8253,206,0.1,14,0.8
8254,206,0.1,15,0.8
8255,206,0.1,16,0.8
8256,206,0.1,17,0.8
8257,206,0.1,18,0.8
8258,206,0.1,19,1.0
8259,206,0.1,20,0.8
8260,206,0.1,21,0.8
8261,206,0.1,22,0.8
8262,206,0.1,23,0.8
8263,206,0.1,24,0.8
8264,206,0.1,25,0.8
8265,206,0.1,26,0.8
8266,206,0.1,27,0.8
8267,206,0.1,28,0.8
8268,206,0.1,29,0.8
8269,206,0.1,30,0.8
8270,206,0.1,31,0.8
8271,206,0.1,32,0.8
8272,206,0.1,33,0.8
8273,206,0.1,34,0.8
8274,206,0.1,35,0.8
8275,206,0.1,36,0.8
8276,206,0.1,37,0.8
8277,206,0.1,38,0.8
8278,206,0.1,39,0.8
8279,206,0.1,40,0.8
8280,207,0.1,1,1.0
8281,207,0.1,2,1.0
8282,207,0.1,3,1.0
8283,207,0.1,4,1.0
8284,207,0.1,5,1.0
8285,207,0.1,6,0.8
8286,207,0.1,7,1.0
8287,207,0.1,8,1.0
8288,207,0.1,9,1.0
8289,207,0.1,10,0.8
8290,207,0.1,11,0.6
8291,207,0.1,12,0.8
8292,207,0.1,13,0.8
8293,207,0.1,14,0.8
8294,207,0.1,15,0.8
8295,207,0.1,16,0.8
8296,207,0.1,17,0.8
8297,207,0.1,18,0.8
8298,207,0.1,19,0.6
8299,207,0.1,20,0.6
8300,207,0.1,21,0.8
8301,207,0.1,22,0.8
8302,207,0.1,23,0.8
8303,207,0.1,24,0.8
8304,207,0.1,25,0.8
8305,207,0.1,26,0.8
8306,207,0.1,27,0.8
8307,207,0.1,28,0.8
8308,207,0.1,29,0.8
8309,207,0.1,30,0.8
8310,207,0.1,31,0.8
8311,207,0.1,32,0.8
8312,207,0.1,33,0.8
8313,207,0.1,34,0.8
8314,207,0.1,35,0.8
8315,207,0.1,36,0.8
8316,207,0.1,37,0.8
8317,207,0.1,38,0.8
8318,207,0.1,39,0.8
8319,207,0.1,40,0.8
8320,208,0.1,1,0.8
8321,208,0.1,2,1.0
8322,208,0.1,3,0.8
8323,208,0.1,4,0.8
8324,208,0.1,5,0.6
8325,208,0.1,6,1.0
8326,208,0.1,7,0.8
8327,208,0.1,8,0.6
8328,208,0.1,9,0.8
8329,208,0.1,10,1.0
8330,208,0.1,11,1.0
8331,208,0.1,12,1.0
8332,208,0.1,13,0.8
8333,208,0.1,14,1.0
8334,208,0.1,15,0.8
8335,208,0.1,16,0.8
8336,208,0.1,17,0.8
8337,208,0.1,18,0.8
8338,208,0.1,19,1.0
8339,208,0.1,20,0.8
8340,208,0.1,21,0.8
8341,208,0.1,22,0.8
8342,208,0.1,23,0.8
8343,208,0.1,24,0.8
8344,208,0.1,25,0.8
8345,208,0.1,26,0.8
8346,208,0.1,27,0.8
8347,208,0.1,28,1.0
8348,208,0.1,29,1.0
8349,208,0.1,30,1.0
8350,208,0.1,31,1.0
8351,208,0.1,32,1.0
8352,208,0.1,33,1.0
8353,208,0.1,34,1.0
8354,208,0.1,35,1.0
8355,208,0.1,36,1.0
8356,208,0.1,37,1.0
8357,208,0.1,38,1.0
8358,208,0.1,39,1.0
8359,208,0.1,40,1.0
8360,209,0.1,1,0.6
8361,209,0.1,2,0.6
8362,209,0.1,3,0.8
8363,209,0.1,4,0.8
8364,209,0.1,5,0.8
8365,209,0.1,6,0.6
8366,209,0.1,7,0.6
8367,209,0.1,8,0.6
8368,209,0.1,9,0.8
8369,209,0.1,10,1.0
8370,209,0.1,11,1.0
8371,209,0.1,12,1.0
8372,209,0.1,13,0.8
8373,209,0.1,14,0.8
8374,209,0.1,15,0.8
8375,209,0.1,16,0.8
8376,209,0.1,17,1.0
8377,209,0.1,18,1.0
8378,209,0.1,19,0.8
8379,209,0.1,20,1.0
8380,209,0.1,21,1.0
8381,209,0.1,22,1.0
8382,209,0.1,23,1.0
8383,209,0.1,24,1.0
8384,209,0.1,25,1.0
8385,209,0.1,26,1.0
8386,209,0.1,27,1.0
8387,209,0.1,28,1.0
8388,209,0.1,29,1.0
8389,209,0.1,30,1.0
8390,209,0.1,31,1.0
8391,209,0.1,32,1.0
8392,209,0.1,33,1.0
8393,209,0.1,34,1.0
8394,209,0.1,35,1.0
8395,209,0.1,36,1.0
8396,209,0.1,37,1.0
8397,209,0.1,38,1.0
8398,209,0.1,39,1.0
8399,209,0.1,40,1.0
8400,210,0.1,1,0.8
8401,210,0.1,2,0.8
8402,210,0.1,3,0.6
8403,210,0.1,4,0.8
8404,210,0.1,5,0.8
8405,210,0.1,6,0.8
8406,210,0.1,7,0.8
8407,210,0.1,8,0.8
8408,210,0.1,9,0.8
8409,210,0.1,10,0.8
8410,210,0.1,11,0.8
8411,210,0.1,12,1.0
8412,210,0.1,13,1.0
8413,210,0.1,14,1.0
8414,210,0.1,15,1.0
8415,210,0.1,16,1.0
8416,210,0.1,17,1.0
8417,210,0.1,18,1.0
8418,210,0.1,19,1.0
8419,210,0.1,20,1.0
8420,210,0.1,21,1.0
8421,210,0.1,22,0.8
8422,210,0.1,23,0.8
8423,210,0.1,24,0.8
8424,210,0.1,25,0.8
8425,210,0.1,26,0.8
8426,210,0.1,27,0.8
8427,210,0.1,28,0.8
8428,210,0.1,29,0.8
8429,210,0.1,30,0.8
8430,210,0.1,31,0.8
8431,210,0.1,32,0.8
8432,210,0.1,33,0.8
8433,210,0.1,34,0.8
8434,210,0.1,35,0.8
8435,210,0.1,36,0.8
8436,210,0.1,37,0.8
8437,210,0.1,38,0.8
8438,210,0.1,39,0.8
8439,210,0.1,40,1.0
8440,211,0.1,1,0.6
8441,211,0.1,2,0.6
8442,211,0.1,3,0.8
8443,211,0.1,4,0.6
8444,211,0.1,5,0.8
8445,211,0.1,6,0.6
8446,211,0.1,7,0.8
8447,211,0.1,8,0.8
8448,211,0.1,9,0.8
8449,211,0.1,10,0.8
8450,211,0.1,11,0.8
8451,211,0.1,12,0.8
8452,211,0.1,13,1.0
8453,211,0.1,14,1.0
8454,211,0.1,15,1.0
8455,211,0.1,16,1.0
8456,211,0.1,17,0.8
8457,211,0.1,18,1.0
8458,211,0.1,19,1.0
8459,211,0.1,20,1.0
8460,211,0.1,21,1.0
8461,211,0.1,22,1.0
8462,211,0.1,23,1.0
8463,211,0.1,24,0.8
8464,211,0.1,25,0.8
8465,211,0.1,26,0.8
8466,211,0.1,27,0.8
8467,211,0.1,28,0.8
8468,211,0.1,29,0.8
8469,211,0.1,30,0.8
8470,211,0.1,31,0.8
8471,211,0.1,32,0.8
8472,211,0.1,33,0.8
8473,211,0.1,34,0.8
8474,211,0.1,35,0.8
8475,211,0.1,36,0.8
8476,211,0.1,37,0.8
8477,211,0.1,38,0.8
8478,211,0.1,39,0.8
8479,211,0.1,40,0.8
8480,212,0.1,1,0.6
8481,212,0.1,2,0.6
8482,212,0.1,3,0.6
8483,212,0.1,4,0.6
8484,212,0.1,5,0.6
8485,212,0.1,6,0.6
8486,212,0.1,7,0.6
8487,212,0.1,8,0.6
8488,212,0.1,9,0.6
8489,212,0.1,10,0.6
8490,212,0.1,11,0.6
8491,212,0.1,12,0.6
8492,212,0.1,13,0.6
8493,212,0.1,14,0.6
8494,212,0.1,15,0.8
8495,212,0.1,16,0.8
8496,212,0.1,17,0.6
8497,212,0.1,18,0.8
8498,212,0.1,19,0.8
8499,212,0.1,20,0.8
8500,212,0.1,21,0.8
8501,212,0.1,22,1.0
8502,212,0.1,23,1.0
8503,212,0.1,24,1.0
8504,212,0.1,25,1.0
8505,212,0.1,26,1.0
8506,212,0.1,27,0.8
8507,212,0.1,28,0.8
8508,212,0.1,29,0.8
8509,212,0.1,30,0.8
8510,212,0.1,31,0.8
8511,212,0.1,32,0.8
8512,212,0.1,33,0.8
8513,212,0.1,34,0.8
8514,212,0.1,35,0.8
8515,212,0.1,36,0.8
8516,212,0.1,37,0.8
8517,212,0.1,38,0.8
8518,212,0.1,39,0.8
8519,212,0.1,40,0.8
8520,213,0.1,1,0.0
8521,213,0.1,2,0.2
8522,213,0.1,3,0.4
8523,213,0.1,4,0.4
8524,213,0.1,5,0.4
8525,213,0.1,6,0.4
8526,213,0.1,7,0.2
8527,213,0.1,8,0.2
8528,213,0.1,9,0.2
8529,213,0.1,10,0.4
8530,213,0.1,11,0.4
8531,213,0.1,12,0.6
8532,213,0.1,13,0.4
8533,213,0.1,14,0.4
8534,213,0.1,15,0.4
8535,213,0.1,16,0.6
8536,213,0.1,17,0.4
8537,213,0.1,18,0.6
8538,213,0.1,19,0.8
8539,213,0.1,20,0.8
8540,213,0.1,21,0.8
8541,213,0.1,22,0.8
8542,213,0.1,23,1.0
8543,213,0.1,24,1.0
8544,213,0.1,25,1.0
8545,213,0.1,26,1.0
8546,213,0.1,27,0.8
8547,213,0.1,28,0.8
8548,213,0.1,29,0.8
8549,213,0.1,30,0.8
8550,213,0.1,31,0.8
8551,213,0.1,32,0.8
8552,213,0.1,33,0.8
8553,213,0.1,34,0.8
8554,213,0.1,35,0.8
8555,213,0.1,36,0.8
8556,213,0.1,37,0.8
8557,213,0.1,38,0.8
8558,213,0.1,39,0.8
8559,213,0.1,40,0.8
8560,214,0.1,1,1.0
8561,214,0.1,2,1.0
8562,214,0.1,3,1.0
8563,214,0.1,4,1.0
8564,214,0.1,5,1.0
8565,214,0.1,6,1.0
8566,214,0.1,7,1.0
8567,214,0.1,8,1.0
8568,214,0.1,9,1.0
8569,214,0.1,10,1.0
8570,214,0.1,11,1.0
8571,214,0.1,12,0.8
8572,214,0.1,13,0.8
8573,214,0.1,14,0.8
8574,214,0.1,15,0.8
8575,214,0.1,16,0.8
8576,214,0.1,17,0.8
8577,214,0.1,18,0.8
8578,214,0.1,19,0.8
8579,214,0.1,20,0.8
8580,214,0.1,21,1.0
8581,214,0.1,22,1.0
8582,214,0.1,23,1.0
8583,214,0.1,24,1.0
8584,214,0.1,25,1.0
8585,214,0.1,26,1.0
8586,214,0.1,27,1.0
8587,214,0.1,28,1.0
8588,214,0.1,29,1.0
8589,214,0.1,30,1.0
8590,214,0.1,31,1.0
8591,214,0.1,32,1.0
8592,214,0.1,33,1.0
8593,214,0.1,34,1.0
8594,214,0.1,35,1.0
8595,214,0.1,36,1.0
8596,214,0.1,37,1.0
8597,214,0.1,38,1.0
8598,214,0.1,39,1.0
8599,214,0.1,40,1.0
8600,215,0.1,1,0.0
8601,215,0.1,2,0.4
8602,215,0.1,3,0.4
8603,215,0.1,4,0.4
8604,215,0.1,5,1.0
8605,215,0.1,6,0.8
8606,215,0.1,7,1.0
8607,215,0.1,8,1.0
8608,215,0.1,9,1.0
8609,215,0.1,10,1.0
8610,215,0.1,11,1.0
8611,215,0.1,12,1.0
8612,215,0.1,13,1.0
8613,215,0.1,14,1.0
8614,215,0.1,15,1.0
8615,215,0.1,16,1.0
8616,215,0.1,17,1.0
8617,215,0.1,18,1.0
8618,215,0.1,19,1.0
8619,215,0.1,20,1.0
8620,215,0.1,21,1.0
8621,215,0.1,22,1.0
8622,215,0.1,23,1.0
8623,215,0.1,24,1.0
8624,215,0.1,25,1.0
8625,215,0.1,26,1.0
8626,215,0.1,27,1.0
8627,215,0.1,28,1.0
8628,215,0.1,29,1.0
8629,215,0.1,30,1.0
8630,215,0.1,31,1.0
8631,215,0.1,32,1.0
8632,215,0.1,33,1.0
8633,215,0.1,34,1.0
8634,215,0.1,35,1.0
8635,215,0.1,36,1.0
8636,215,0.1,37,1.0
8637,215,0.1,38,1.0
8638,215,0.1,39,1.0
8639,215,0.1,40,1.0
8640,216,0.1,1,1.0
8641,216,0.1,2,1.0
8642,216,0.1,3,1.0
8643,216,0.1,4,1.0
8644,216,0.1,5,1.0
8645,216,0.1,6,0.8
8646,216,0.1,7,0.8
8647,216,0.1,8,0.8
8648,216,0.1,9,0.8
8649,216,0.1,10,0.8
8650,216,0.1,11,0.8
8651,216,0.1,12,1.0
8652,216,0.1,13,0.8
8653,216,0.1,14,1.0
8654,216,0.1,15,1.0
8655,216,0.1,16,0.8
8656,216,0.1,17,0.8
8657,216,0.1,18,0.8
8658,216,0.1,19,0.8
8659,216,0.1,20,0.8
8660,216,0.1,21,0.8
8661,216,0.1,22,0.8
8662,216,0.1,23,0.8
8663,216,0.1,24,1.0
8664,216,0.1,25,1.0
8665,216,0.1,26,1.0
8666,216,0.1,27,1.0
8667,216,0.1,28,0.8
8668,216,0.1,29,0.8
8669,216,0.1,30,0.8
8670,216,0.1,31,0.8
8671,216,0.1,32,0.8
8672,216,0.1,33,0.8
8673,216,0.1,34,0.8
8674,216,0.1,35,0.8
8675,216,0.1,36,0.8
8676,216,0.1,37,0.8
8677,216,0.1,38,0.8
8678,216,0.1,39,0.8
8679,216,0.1,40,0.8
8680,217,0.1,1,0.8
8681,217,0.1,2,0.8
8682,217,0.1,3,0.8
8683,217,0.1,4,0.8
8684,217,0.1,5,0.8
8685,217,0.1,6,0.8
8686,217,0.1,7,0.8
8687,217,0.1,8,0.8
8688,217,0.1,9,0.8
8689,217,0.1,10,0.6
8690,217,0.1,11,0.6
8691,217,0.1,12,0.6
8692,217,0.1,13,0.6
8693,217,0.1,14,0.6
8694,217,0.1,15,0.6
8695,217,0.1,16,0.6
8696,217,0.1,17,0.6
8697,217,0.1,18,0.6
8698,217,0.1,19,0.6
8699,217,0.1,20,0.6
8700,217,0.1,21,0.6
8701,217,0.1,22,0.6
8702,217,0.1,23,0.6
8703,217,0.1,24,0.6
8704,217,0.1,25,0.6
8705,217,0.1,26,0.6
8706,217,0.1,27,0.6
8707,217,0.1,28,0.6
8708,217,0.1,29,0.6
8709,217,0.1,30,0.6
8710,217,0.1,31,0.6
8711,217,0.1,32,0.6
8712,217,0.1,33,0.6
8713,217,0.1,34,0.6
8714,217,0.1,35,0.6
8715,217,0.1,36,0.6
8716,217,0.1,37,0.6
8717,217,0.1,38,0.6
8718,217,0.1,39,0.6
8719,217,0.1,40,0.6
8720,218,0.1,1,0.6
8721,218,0.1,2,0.6
8722,218,0.1,3,0.4
8723,218,0.1,4,0.6
8724,218,0.1,5,0.4
8725,218,0.1,6,0.6
8726,218,0.1,7,0.4
8727,218,0.1,8,0.2
8728,218,0.1,9,0.2
8729,218,0.1,10,0.2
8730,218,0.1,11,0.4
8731,218,0.1,12,0.4
8732,218,0.1,13,0.4
8733,218,0.1,14,0.4
8734,218,0.1,15,0.4
8735,218,0.1,16,0.4
8736,218,0.1,17,0.8
8737,218,0.1,18,0.4
8738,218,0.1,19,0.4
8739,218,0.1,20,0.6
8740,218,0.1,21,0.4
8741,218,0.1,22,0.6
8742,218,0.1,23,0.6
8743,218,0.1,24,0.6
8744,218,0.1,25,0.6
8745,218,0.1,26,0.6
8746,218,0.1,27,0.6
8747,218,0.1,28,0.6
8748,218,0.1,29,0.8
8749,218,0.1,30,0.8
8750,218,0.1,31,0.8
8751,218,0.1,32,0.8
8752,218,0.1,33,0.8
8753,218,0.1,34,0.8
8754,218,0.1,35,0.8
8755,218,0.1,36,0.8
8756,218,0.1,37,0.8
8757,218,0.1,38,0.8
8758,218,0.1,39,0.8
8759,218,0.1,40,0.8
8760,219,0.1,1,0.8
8761,219,0.1,2,0.8
8762,219,0.1,3,0.8
8763,219,0.1,4,1.0
8764,219,0.1,5,1.0
8765,219,0.1,6,1.0
8766,219,0.1,7,1.0
8767,219,0.1,8,1.0
8768,219,0.1,9,1.0
8769,219,0.1,10,1.0
8770,219,0.1,11,1.0
8771,219,0.1,12,1.0
8772,219,0.1,13,1.0
8773,219,0.1,14,1.0
8774,219,0.1,15,1.0
8775,219,0.1,16,1.0
8776,219,0.1,17,1.0
8777,219,0.1,18,1.0
8778,219,0.1,19,1.0
8779,219,0.1,20,1.0
8780,219,0.1,21,1.0
8781,219,0.1,22,1.0
8782,219,0.1,23,1.0
8783,219,0.1,24,1.0
8784,219,0.1,25,1.0
8785,219,0.1,26,1.0
8786,219,0.1,27,1.0
8787,219,0.1,28,1.0
8788,219,0.1,29,1.0
8789,219,0.1,30,1.0
8790,219,0.1,31,1.0
8791,219,0.1,32,1.0
8792,219,0.1,33,1.0
8793,219,0.1,34,1.0
8794,219,0.1,35,1.0
8795,219,0.1,36,1.0
8796,219,0.1,37,1.0
8797,219,0.1,38,1.0
8798,219,0.1,39,1.0
8799,219,0.1,40,1.0
8800,220,0.1,1,0.6
8801,220,0.1,2,0.6
8802,220,0.1,3,0.6
8803,220,0.1,4,0.6
8804,220,0.1,5,0.4
8805,220,0.1,6,0.4
8806,220,0.1,7,0.4
8807,220,0.1,8,0.4
8808,220,0.1,9,1.0
8809,220,0.1,10,0.8
8810,220,0.1,11,1.0
8811,220,0.1,12,0.8
8812,220,0.1,13,0.8
8813,220,0.1,14,0.8
8814,220,0.1,15,0.8
8815,220,0.1,16,0.8
8816,220,0.1,17,1.0
8817,220,0.1,18,0.8
8818,220,0.1,19,1.0
8819,220,0.1,20,1.0
8820,220,0.1,21,1.0
8821,220,0.1,22,1.0
8822,220,0.1,23,1.0
8823,220,0.1,24,1.0
8824,220,0.1,25,1.0
8825,220,0.1,26,1.0
8826,220,0.1,27,1.0
8827,220,0.1,28,1.0
8828,220,0.1,29,1.0
8829,220,0.1,30,1.0
8830,220,0.1,31,1.0
8831,220,0.1,32,1.0
8832,220,0.1,33,1.0
8833,220,0.1,34,1.0
8834,220,0.1,35,1.0
8835,220,0.1,36,1.0
8836,220,0.1,37,1.0
8837,220,0.1,38,1.0
8838,220,0.1,39,1.0
8839,220,0.1,40,1.0
8840,221,0.1,1,0.6
8841,221,0.1,2,0.6
8842,221,0.1,3,0.6
8843,221,0.1,4,0.6
8844,221,0.1,5,0.8
8845,221,0.1,6,0.8
8846,221,0.1,7,1.0
8847,221,0.1,8,0.8
8848,221,0.1,9,0.8
8849,221,0.1,10,0.8
8850,221,0.1,11,1.0
8851,221,0.1,12,1.0
8852,221,0.1,13,1.0
8853,221,0.1,14,1.0
8854,221,0.1,15,0.8
8855,221,0.1,16,0.8
8856,221,0.1,17,0.8
8857,221,0.1,18,0.8
8858,221,0.1,19,0.8
8859,221,0.1,20,0.8
8860,221,0.1,21,0.8
8861,221,0.1,22,0.8
8862,221,0.1,23,0.8
8863,221,0.1,24,0.8
8864,221,0.1,25,0.8
8865,221,0.1,26,0.8
8866,221,0.1,27,0.8
8867,221,0.1,28,0.8
8868,221,0.1,29,0.8
8869,221,0.1,30,0.8
8870,221,0.1,31,0.8
8871,221,0.1,32,0.8
8872,221,0.1,33,1.0
8873,221,0.1,34,1.0
8874,221,0.1,35,1.0
8875,221,0.1,36,1.0
8876,221,0.1,37,1.0
8877,221,0.1,38,1.0
8878,221,0.1,39,1.0
8879,221,0.1,40,1.0
8880,222,0.1,1,0.0
8881,222,0.1,2,0.2
8882,222,0.1,3,0.6
8883,222,0.1,4,0.2
8884,222,0.1,5,0.2
8885,222,0.1,6,0.6
8886,222,0.1,7,0.4
8887,222,0.1,8,0.6
8888,222,0.1,9,0.8
8889,222,0.1,10,0.8
8890,222,0.1,11,0.8
8891,222,0.1,12,0.8
8892,222,0.1,13,0.8
8893,222,0.1,14,0.8
8894,222,0.1,15,0.8
8895,222,0.1,16,0.8
8896,222,0.1,17,0.8
8897,222,0.1,18,0.8
8898,222,0.1,19,0.8
8899,222,0.1,20,0.8
8900,222,0.1,21,0.8
8901,222,0.1,22,0.8
8902,222,0.1,23,0.8
8903,222,0.1,24,0.8
8904,222,0.1,25,0.8
8905,222,0.1,26,0.8
8906,222,0.1,27,0.8
8907,222,0.1,28,0.8
8908,222,0.1,29,0.8
8909,222,0.1,30,0.8
8910,222,0.1,31,0.8
8911,222,0.1,32,0.8
8912,222,0.1,33,0.8
8913,222,0.1,34,0.8
8914,222,0.1,35,0.8
8915,222,0.1,36,0.8
8916,222,0.1,37,0.8
8917,222,0.1,38,0.8
8918,222,0.1,39,0.8
8919,222,0.1,40,0.8
8920,223,0.1,1,1.0
8921,223,0.1,2,1.0
8922,223,0.1,3,1.0
8923,223,0.1,4,1.0
8924,223,0.1,5,1.0
8925,223,0.1,6,1.0
8926,223,0.1,7,1.0
8927,223,0.1,8,1.0
8928,223,0.1,9,1.0
8929,223,0.1,10,1.0
8930,223,0.1,11,1.0
8931,223,0.1,12,1.0
8932,223,0.1,13,1.0
8933,223,0.1,14,1.0
8934,223,0.1,15,1.0
8935,223,0.1,16,1.0
8936,223,0.1,17,1.0
8937,223,0.1,18,1.0
8938,223,0.1,19,1.0
8939,223,0.1,20,1.0
8940,223,0.1,21,1.0
8941,223,0.1,22,1.0
8942,223,0.1,23,1.0
8943,223,0.1,24,1.0
8944,223,0.1,25,1.0
8945,223,0.1,26,0.8
8946,223,0.1,27,0.8
8947,223,0.1,28,0.8
8948,223,0.1,29,0.8
8949,223,0.1,30,0.8
8950,223,0.1,31,0.8
8951,223,0.1,32,0.8
8952,223,0.1,33,1.0
8953,223,0.1,34,1.0
8954,223,0.1,35,1.0
8955,223,0.1,36,0.8
8956,223,0.1,37,0.8
8957,223,0.1,38,0.8
8958,223,0.1,39,0.8
8959,223,0.1,40,0.8
8960,224,0.1,1,0.0
8961,224,0.1,2,0.2
8962,224,0.1,3,0.6
8963,224,0.1,4,0.6
8964,224,0.1,5,0.6
8965,224,0.1,6,0.6
8966,224,0.1,7,0.6
8967,224,0.1,8,0.6
8968,224,0.1,9,0.6
8969,224,0.1,10,0.6
8970,224,0.1,11,0.6
8971,224,0.1,12,0.6
8972,224,0.1,13,1.0
8973,224,0.1,14,1.0
8974,224,0.1,15,1.0
8975,224,0.1,16,1.0
8976,224,0.1,17,1.0
8977,224,0.1,18,1.0
8978,224,0.1,19,1.0
8979,224,0.1,20,1.0
8980,224,0.1,21,1.0
8981,224,0.1,22,1.0
8982,224,0.1,23,1.0
8983,224,0.1,24,0.8
8984,224,0.1,25,0.8
8985,224,0.1,26,0.8
8986,224,0.1,27,0.8
8987,224,0.1,28,0.8
8988,224,0.1,29,0.8
8989,224,0.1,30,0.8
8990,224,0.1,31,0.8
8991,224,0.1,32,0.8
8992,224,0.1,33,0.8
8993,224,0.1,34,0.8
8994,224,0.1,35,0.8
8995,224,0.1,36,0.8
8996,224,0.1,37,0.8
8997,224,0.1,38,0.8
8998,224,0.1,39,0.8
8999,224,0.1,40,0.8
9000,225,0.1,1,1.0
9001,225,0.1,2,1.0
9002,225,0.1,3,1.0
9003,225,0.1,4,1.0
9004,225,0.1,5,0.8
9005,225,0.1,6,0.8
9006,225,0.1,7,0.8
9007,225,0.1,8,0.8
9008,225,0.1,9,1.0
9009,225,0.1,10,1.0
9010,225,0.1,11,1.0
9011,225,0.1,12,1.0
9012,225,0.1,13,0.8
9013,225,0.1,14,0.8
9014,225,0.1,15,1.0
9015,225,0.1,16,1.0
9016,225,0.1,17,1.0
9017,225,0.1,18,1.0
9018,225,0.1,19,1.0
9019,225,0.1,20,1.0
9020,225,0.1,21,1.0
9021,225,0.1,22,1.0
9022,225,0.1,23,1.0
9023,225,0.1,24,1.0
9024,225,0.1,25,1.0
9025,225,0.1,26,1.0
9026,225,0.1,27,1.0
9027,225,0.1,28,1.0
9028,225,0.1,29,1.0
9029,225,0.1,30,1.0
9030,225,0.1,31,1.0
9031,225,0.1,32,1.0
9032,225,0.1,33,1.0
9033,225,0.1,34,1.0
9034,225,0.1,35,1.0
9035,225,0.1,36,1.0
9036,225,0.1,37,1.0
9037,225,0.1,38,1.0
9038,225,0.1,39,1.0
9039,225,0.1,40,1.0
9040,226,0.1,1,0.8
9041,226,0.1,2,0.8
9042,226,0.1,3,0.8
9043,226,0.1,4,0.8
9044,226,0.1,5,0.8
9045,226,0.1,6,0.6
9046,226,0.1,7,0.6
9047,226,0.1,8,0.8
9048,226,0.1,9,0.8
9049,226,0.1,10,0.8
9050,226,0.1,11,0.8
9051,226,0.1,12,0.8
9052,226,0.1,13,0.6
9053,226,0.1,14,0.6
9054,226,0.1,15,0.8
9055,226,0.1,16,0.6
9056,226,0.1,17,1.0
9057,226,0.1,18,0.8
9058,226,0.1,19,0.8
9059,226,0.1,20,0.8
9060,226,0.1,21,1.0
9061,226,0.1,22,1.0
9062,226,0.1,23,1.0
9063,226,0.1,24,1.0
9064,226,0.1,25,1.0
9065,226,0.1,26,1.0
9066,226,0.1,27,1.0
9067,226,0.1,28,1.0
9068,226,0.1,29,1.0
9069,226,0.1,30,1.0
9070,226,0.1,31,1.0
9071,226,0.1,32,1.0
9072,226,0.1,33,1.0
9073,226,0.1,34,1.0
9074,226,0.1,35,1.0
9075,226,0.1,36,1.0
9076,226,0.1,37,1.0
9077,226,0.1,38,1.0
9078,226,0.1,39,1.0
9079,226,0.1,40,1.0
9080,227,0.1,1,0.6
9081,227,0.1,2,0.6
9082,227,0.1,3,1.0
9083,227,0.1,4,1.0
9084,227,0.1,5,1.0
9085,227,0.1,6,0.8
9086,227,0.1,7,1.0
9087,227,0.1,8,1.0
9088,227,0.1,9,1.0
9089,227,0.1,10,1.0
9090,227,0.1,11,1.0
9091,227,0.1,12,1.0
9092,227,0.1,13,1.0
9093,227,0.1,14,0.8
9094,227,0.1,15,0.8
9095,227,0.1,16,0.8
9096,227,0.1,17,0.8
9097,227,0.1,18,0.8
9098,227,0.1,19,0.8
9099,227,0.1,20,0.8
9100,227,0.1,21,0.8
9101,227,0.1,22,1.0
9102,227,0.1,23,1.0
9103,227,0.1,24,1.0
9104,227,0.1,25,1.0
9105,227,0.1,26,1.0
9106,227,0.1,27,1.0
9107,227,0.1,28,1.0
9108,227,0.1,29,1.0
9109,227,0.1,30,1.0
9110,227,0.1,31,1.0
9111,227,0.1,32,1.0
9112,227,0.1,33,1.0
9113,227,0.1,34,1.0
9114,227,0.1,35,1.0
9115,227,0.1,36,1.0
9116,227,0.1,37,1.0
9117,227,0.1,38,1.0
9118,227,0.1,39,1.0
9119,227,0.1,40,1.0
9120,228,0.1,1,0.8
9121,228,0.1,2,0.8
9122,228,0.1,3,0.6
9123,228,0.1,4,0.8
9124,228,0.1,5,0.6
9125,228,0.1,6,0.6
9126,228,0.1,7,0.6
9127,228,0.1,8,0.6
9128,228,0.1,9,0.6
9129,228,0.1,10,0.6
9130,228,0.1,11,0.6
9131,228,0.1,12,0.6
9132,228,0.1,13,0.6
9133,228,0.1,14,0.6
9134,228,0.1,15,0.6
9135,228,0.1,16,0.6
9136,228,0.1,17,0.6
9137,228,0.1,18,0.6
9138,228,0.1,19,0.8
9139,228,0.1,20,0.8
9140,228,0.1,21,1.0
9141,228,0.1,22,1.0
9142,228,0.1,23,1.0
9143,228,0.1,24,1.0
9144,228,0.1,25,1.0
9145,228,0.1,26,1.0
9146,228,0.1,27,1.0
9147,228,0.1,28,1.0
9148,228,0.1,29,1.0
9149,228,0.1,30,1.0
9150,228,0.1,31,1.0
9151,228,0.1,32,1.0
9152,228,0.1,33,1.0
9153,228,0.1,34,1.0
9154,228,0.1,35,1.0
9155,228,0.1,36,1.0
9156,228,0.1,37,0.8
9157,228,0.1,38,0.8
9158,228,0.1,39,0.8
9159,228,0.1,40,0.8
9160,229,0.1,1,0.6
9161,229,0.1,2,0.6
9162,229,0.1,3,0.6
9163,229,0.1,4,0.8
9164,229,0.1,5,0.6
9165,229,0.1,6,0.6
9166,229,0.1,7,0.4
9167,229,0.1,8,0.4
9168,229,0.1,9,0.4
9169,229,0.1,10,0.6
9170,229,0.1,11,0.6
9171,229,0.1,12,1.0
9172,229,0.1,13,1.0
9173,229,0.1,14,1.0
9174,229,0.1,15,1.0
9175,229,0.1,16,1.0
9176,229,0.1,17,1.0
9177,229,0.1,18,1.0
9178,229,0.1,19,1.0
9179,229,0.1,20,1.0
9180,229,0.1,21,1.0
9181,229,0.1,22,1.0
9182,229,0.1,23,1.0
9183,229,0.1,24,1.0
9184,229,0.1,25,1.0
9185,229,0.1,26,1.0
9186,229,0.1,27,1.0
9187,229,0.1,28,1.0
9188,229,0.1,29,1.0
9189,229,0.1,30,1.0
9190,229,0.1,31,1.0
9191,229,0.1,32,1.0
9192,229,0.1,33,1.0
9193,229,0.1,34,1.0
9194,229,0.1,35,1.0
9195,229,0.1,36,1.0
9196,229,0.1,37,1.0
9197,229,0.1,38,1.0
9198,229,0.1,39,1.0
9199,229,0.1,40,1.0
9200,230,0.1,1,0.6
9201,230,0.1,2,0.6
9202,230,0.1,3,0.8
9203,230,0.1,4,1.0
9204,230,0.1,5,0.8
9205,230,0.1,6,0.8
9206,230,0.1,7,1.0
9207,230,0.1,8,0.8
9208,230,0.1,9,0.8
9209,230,0.1,10,0.8
9210,230,0.1,11,1.0
9211,230,0.1,12,1.0
9212,230,0.1,13,1.0
9213,230,0.1,14,1.0
9214,230,0.1,15,1.0
9215,230,0.1,16,1.0
9216,230,0.1,17,1.0
9217,230,0.1,18,1.0
9218,230,0.1,19,0.8
9219,230,0.1,20,1.0
9220,230,0.1,21,0.8
9221,230,0.1,22,0.8
9222,230,0.1,23,1.0
9223,230,0.1,24,1.0
9224,230,0.1,25,1.0
9225,230,0.1,26,1.0
9226,230,0.1,27,0.8
9227,230,0.1,28,0.8
9228,230,0.1,29,0.8
9229,230,0.1,30,1.0
9230,230,0.1,31,1.0
9231,230,0.1,32,1.0
9232,230,0.1,33,1.0
9233,230,0.1,34,1.0
9234,230,0.1,35,1.0
9235,230,0.1,36,1.0
9236,230,0.1,37,1.0
9237,230,0.1,38,1.0
9238,230,0.1,39,1.0
9239,230,0.1,40,1.0
9240,231,0.1,1,0.0
9241,231,0.1,2,0.2
9242,231,0.1,3,0.2
9243,231,0.1,4,0.6
9244,231,0.1,5,0.4
9245,231,0.1,6,0.6
9246,231,0.1,7,0.8
9247,231,0.1,8,1.0
9248,231,0.1,9,1.0
9249,231,0.1,10,0.8
9250,231,0.1,11,0.8
9251,231,0.1,12,0.8
9252,231,0.1,13,1.0
9253,231,0.1,14,1.0
9254,231,0.1,15,1.0
9255,231,0.1,16,0.8
9256,231,0.1,17,1.0
9257,231,0.1,18,1.0
9258,231,0.1,19,1.0
9259,231,0.1,20,1.0
9260,231,0.1,21,1.0
9261,231,0.1,22,1.0
9262,231,0.1,23,1.0
9263,231,0.1,24,1.0
9264,231,0.1,25,1.0
9265,231,0.1,26,1.0
9266,231,0.1,27,1.0
9267,231,0.1,28,1.0
9268,231,0.1,29,1.0
9269,231,0.1,30,1.0
9270,231,0.1,31,1.0
9271,231,0.1,32,1.0
9272,231,0.1,33,1.0
9273,231,0.1,34,1.0
9274,231,0.1,35,1.0
9275,231,0.1,36,1.0
9276,231,0.1,37,1.0
9277,231,0.1,38,1.0
9278,231,0.1,39,1.0
9279,231,0.1,40,1.0
9280,232,0.1,1,1.0
9281,232,0.1,2,1.0
9282,232,0.1,3,1.0
9283,232,0.1,4,1.0
9284,232,0.1,5,1.0
9285,232,0.1,6,0.8
9286,232,0.1,7,0.8
9287,232,0.1,8,0.8
9288,232,0.1,9,1.0
9289,232,0.1,10,0.8
9290,232,0.1,11,0.8
9291,232,0.1,12,0.8
9292,232,0.1,13,0.6
9293,232,0.1,14,0.6
9294,232,0.1,15,0.8
9295,232,0.1,16,1.0
9296,232,0.1,17,0.8
9297,232,0.1,18,1.0
9298,232,0.1,19,1.0
9299,232,0.1,20,0.8
9300,232,0.1,21,1.0
9301,232,0.1,22,1.0
9302,232,0.1,23,1.0
9303,232,0.1,24,0.8
9304,232,0.1,25,0.8
9305,232,0.1,26,0.8
9306,232,0.1,27,0.8
9307,232,0.1,28,0.8
9308,232,0.1,29,0.8
9309,232,0.1,30,0.8
9310,232,0.1,31,0.8
9311,232,0.1,32,0.8
9312,232,0.1,33,0.8
9313,232,0.1,34,0.8
9314,232,0.1,35,0.8
9315,232,0.1,36,0.8
9316,232,0.1,37,0.8
9317,232,0.1,38,1.0
9318,232,0.1,39,0.8
9319,232,0.1,40,0.8
9320,233,0.1,1,0.0
9321,233,0.1,2,0.8
9322,233,0.1,3,0.8
9323,233,0.1,4,0.8
9324,233,0.1,5,0.8
9325,233,0.1,6,0.8
9326,233,0.1,7,1.0
9327,233,0.1,8,1.0
9328,233,0.1,9,1.0
9329,233,0.1,10,1.0
9330,233,0.1,11,1.0
9331,233,0.1,12,1.0
9332,233,0.1,13,1.0
9333,233,0.1,14,1.0
9334,233,0.1,15,0.8
9335,233,0.1,16,0.8
9336,233,0.1,17,0.8
9337,233,0.1,18,0.8
9338,233,0.1,19,0.8
9339,233,0.1,20,0.8
9340,233,0.1,21,1.0
9341,233,0.1,22,1.0
9342,233,0.1,23,1.0
9343,233,0.1,24,1.0
9344,233,0.1,25,1.0
9345,233,0.1,26,1.0
9346,233,0.1,27,1.0
9347,233,0.1,28,1.0
9348,233,0.1,29,1.0
9349,233,0.1,30,0.8
9350,233,0.1,31,1.0
9351,233,0.1,32,1.0
9352,233,0.1,33,1.0
9353,233,0.1,34,1.0
9354,233,0.1,35,1.0
9355,233,0.1,36,0.8
9356,233,0.1,37,0.8
9357,233,0.1,38,1.0
9358,233,0.1,39,1.0
9359,233,0.1,40,0.8
9360,234,0.1,1,1.0
9361,234,0.1,2,1.0
9362,234,0.1,3,1.0
9363,234,0.1,4,0.8
9364,234,0.1,5,0.8
9365,234,0.1,6,1.0
9366,234,0.1,7,1.0
9367,234,0.1,8,1.0
9368,234,0.1,9,1.0
9369,234,0.1,10,1.0
9370,234,0.1,11,1.0
9371,234,0.1,12,1.0
9372,234,0.1,13,1.0
9373,234,0.1,14,1.0
9374,234,0.1,15,1.0
9375,234,0.1,16,1.0
9376,234,0.1,17,1.0
9377,234,0.1,18,1.0
9378,234,0.1,19,1.0
9379,234,0.1,20,1.0
9380,234,0.1,21,1.0
9381,234,0.1,22,1.0
9382,234,0.1,23,1.0
9383,234,0.1,24,1.0
9384,234,0.1,25,1.0
9385,234,0.1,26,1.0
9386,234,0.1,27,1.0
9387,234,0.1,28,1.0
9388,234,0.1,29,1.0
9389,234,0.1,30,1.0
9390,234,0.1,31,1.0
9391,234,0.1,32,1.0
9392,234,0.1,33,1.0
9393,234,0.1,34,1.0
9394,234,0.1,35,1.0
9395,234,0.1,36,1.0
9396,234,0.1,37,1.0
9397,234,0.1,38,1.0
9398,234,0.1,39,1.0
9399,234,0.1,40,1.0
9400,235,0.1,1,0.8
9401,235,0.1,2,0.8
9402,235,0.1,3,0.8
9403,235,0.1,4,0.8
9404,235,0.1,5,0.8
9405,235,0.1,6,0.8
9406,235,0.1,7,0.8
9407,235,0.1,8,0.6
9408,235,0.1,9,0.6
9409,235,0.1,10,0.8
9410,235,0.1,11,0.8
9411,235,0.1,12,0.8
9412,235,0.1,13,0.8
9413,235,0.1,14,0.6
9414,235,0.1,15,0.6
9415,235,0.1,16,1.0
9416,235,0.1,17,1.0
9417,235,0.1,18,1.0
9418,235,0.1,19,1.0
9419,235,0.1,20,1.0
9420,235,0.1,21,0.8
9421,235,0.1,22,0.8
9422,235,0.1,23,0.8
9423,235,0.1,24,1.0
9424,235,0.1,25,1.0
9425,235,0.1,26,1.0
9426,235,0.1,27,1.0
9427,235,0.1,28,1.0
9428,235,0.1,29,1.0
9429,235,0.1,30,1.0
9430,235,0.1,31,1.0
9431,235,0.1,32,0.8
9432,235,0.1,33,0.8
9433,235,0.1,34,1.0
9434,235,0.1,35,1.0
9435,235,0.1,36,1.0
9436,235,0.1,37,1.0
9437,235,0.1,38,1.0
9438,235,0.1,39,1.0
9439,235,0.1,40,1.0
9440,236,0.1,1,0.6
9441,236,0.1,2,0.6
9442,236,0.1,3,0.8
9443,236,0.1,4,0.8
9444,236,0.1,5,1.0
9445,236,0.1,6,0.8
9446,236,0.1,7,0.8
9447,236,0.1,8,0.8
9448,236,0.1,9,0.8
9449,236,0.1,10,1.0
9450,236,0.1,11,1.0
9451,236,0.1,12,1.0
9452,236,0.1,13,1.0
9453,236,0.1,14,1.0
9454,236,0.1,15,1.0
9455,236,0.1,16,1.0
9456,236,0.1,17,1.0
9457,236,0.1,18,1.0
9458,236,0.1,19,1.0
9459,236,0.1,20,1.0
9460,236,0.1,21,1.0
9461,236,0.1,22,1.0
9462,236,0.1,23,1.0
9463,236,0.1,24,1.0
9464,236,0.1,25,1.0
9465,236,0.1,26,1.0
9466,236,0.1,27,1.0
9467,236,0.1,28,1.0
9468,236,0.1,29,1.0
9469,236,0.1,30,1.0
9470,236,0.1,31,1.0
9471,236,0.1,32,1.0
9472,236,0.1,33,1.0
9473,236,0.1,34,1.0
9474,236,0.1,35,1.0
9475,236,0.1,36,1.0
9476,236,0.1,37,1.0
9477,236,0.1,38,1.0
9478,236,0.1,39,1.0
9479,236,0.1,40,1.0
9480,237,0.1,1,0.8
9481,237,0.1,2,0.8
9482,237,0.1,3,0.8
9483,237,0.1,4,0.8
9484,237,0.1,5,0.8
9485,237,0.1,6,0.8
9486,237,0.1,7,0.6
9487,237,0.1,8,0.8
9488,237,0.1,9,0.8
9489,237,0.1,10,0.6
9490,237,0.1,11,1.0
9491,237,0.1,12,0.8
9492,237,0.1,13,1.0
9493,237,0.1,14,1.0
9494,237,0.1,15,1.0
9495,237,0.1,16,1.0
9496,237,0.1,17,1.0
9497,237,0.1,18,1.0
9498,237,0.1,19,1.0
9499,237,0.1,20,1.0
9500,237,0.1,21,1.0
9501,237,0.1,22,1.0
9502,237,0.1,23,1.0
9503,237,0.1,24,1.0
9504,237,0.1,25,1.0
9505,237,0.1,26,1.0
9506,237,0.1,27,1.0
9507,237,0.1,28,1.0
9508,237,0.1,29,1.0
9509,237,0.1,30,1.0
9510,237,0.1,31,1.0
9511,237,0.1,32,1.0
9512,237,0.1,33,1.0
9513,237,0.1,34,1.0
9514,237,0.1,35,1.0
9515,237,0.1,36,1.0
9516,237,0.1,37,1.0
9517,237,0.1,38,1.0
9518,237,0.1,39,1.0
9519,237,0.1,40,1.0
9520,238,0.1,1,0.6
9521,238,0.1,2,0.6
9522,238,0.1,3,0.6
9523,238,0.1,4,0.6
9524,238,0.1,5,0.6
9525,238,0.1,6,0.6
9526,238,0.1,7,0.6
9527,238,0.1,8,0.6
9528,238,0.1,9,0.6
9529,238,0.1,10,0.8
9530,238,0.1,11,0.6
9531,238,0.1,12,0.6
9532,238,0.1,13,0.6
9533,238,0.1,14,0.8
9534,238,0.1,15,0.8
9535,238,0.1,16,0.8
9536,238,0.1,17,0.8
9537,238,0.1,18,0.8
9538,238,0.1,19,1.0
9539,238,0.1,20,1.0
9540,238,0.1,21,1.0
9541,238,0.1,22,1.0
9542,238,0.1,23,1.0
9543,238,0.1,24,1.0
9544,238,0.1,25,1.0
9545,238,0.1,26,1.0
9546,238,0.1,27,1.0
9547,238,0.1,28,1.0
9548,238,0.1,29,1.0
9549,238,0.1,30,1.0
9550,238,0.1,31,1.0
9551,238,0.1,32,1.0
9552,238,0.1,33,1.0
9553,238,0.1,34,1.0
9554,238,0.1,35,1.0
9555,238,0.1,36,1.0
9556,238,0.1,37,1.0
9557,238,0.1,38,1.0
9558,238,0.1,39,1.0
9559,238,0.1,40,1.0
9560,239,0.1,1,0.6
9561,239,0.1,2,0.6
9562,239,0.1,3,0.2
9563,239,0.1,4,0.2
9564,239,0.1,5,0.8
9565,239,0.1,6,0.8
9566,239,0.1,7,0.8
9567,239,0.1,8,0.8
9568,239,0.1,9,0.8
9569,239,0.1,10,0.8
9570,239,0.1,11,0.8
9571,239,0.1,12,0.8
9572,239,0.1,13,0.8
9573,239,0.1,14,0.8
9574,239,0.1,15,0.8
9575,239,0.1,16,0.8
9576,239,0.1,17,0.8
9577,239,0.1,18,0.8
9578,239,0.1,19,0.8
9579,239,0.1,20,0.8
9580,239,0.1,21,0.8
9581,239,0.1,22,0.8
9582,239,0.1,23,0.8
9583,239,0.1,24,0.8
9584,239,0.1,25,0.8
9585,239,0.1,26,0.8
9586,239,0.1,27,0.8
9587,239,0.1,28,0.8
9588,239,0.1,29,0.8
9589,239,0.1,30,0.8
9590,239,0.1,31,1.0
9591,239,0.1,32,1.0
9592,239,0.1,33,1.0
9593,239,0.1,34,1.0
9594,239,0.1,35,1.0
9595,239,0.1,36,0.8
9596,239,0.1,37,0.8
9597,239,0.1,38,0.8
9598,239,0.1,39,0.8
9599,239,0.1,40,0.8
9600,240,0.1,1,0.0
9601,240,0.1,2,0.2
9602,240,0.1,3,0.6
9603,240,0.1,4,0.8
9604,240,0.1,5,0.6
9605,240,0.1,6,0.6
9606,240,0.1,7,0.6
9607,240,0.1,8,0.6
9608,240,0.1,9,0.6
9609,240,0.1,10,0.6
9610,240,0.1,11,0.8
9611,240,0.1,12,0.8
9612,240,0.1,13,0.8
9613,240,0.1,14,0.8
9614,240,0.1,15,0.8
9615,240,0.1,16,0.8
9616,240,0.1,17,0.8
9617,240,0.1,18,0.8
9618,240,0.1,19,0.8
9619,240,0.1,20,0.8
9620,240,0.1,21,0.8
9621,240,0.1,22,0.8
9622,240,0.1,23,0.6
9623,240,0.1,24,0.6
9624,240,0.1,25,0.6
9625,240,0.1,26,0.6
9626,240,0.1,27,0.6
9627,240,0.1,28,0.6
9628,240,0.1,29,0.6
9629,240,0.1,30,0.6
9630,240,0.1,31,0.6
9631,240,0.1,32,0.8
9632,240,0.1,33,0.6
9633,240,0.1,34,0.8
9634,240,0.1,35,0.6
9635,240,0.1,36,0.6
9636,240,0.1,37,0.8
9637,240,0.1,38,0.8
9638,240,0.1,39,0.8
9639,240,0.1,40,0.8
9640,241,0.1,1,1.0
9641,241,0.1,2,1.0
9642,241,0.1,3,1.0
9643,241,0.1,4,1.0
9644,241,0.1,5,1.0
9645,241,0.1,6,1.0
9646,241,0.1,7,1.0
9647,241,0.1,8,1.0
9648,241,0.1,9,1.0
9649,241,0.1,10,1.0
9650,241,0.1,11,1.0
9651,241,0.1,12,1.0
9652,241,0.1,13,1.0
9653,241,0.1,14,1.0
9654,241,0.1,15,1.0
9655,241,0.1,16,1.0
9656,241,0.1,17,1.0
9657,241,0.1,18,1.0
9658,241,0.1,19,1.0
9659,241,0.1,20,1.0
9660,241,0.1,21,1.0
9661,241,0.1,22,1.0
9662,241,0.1,23,1.0
9663,241,0.1,24,1.0
9664,241,0.1,25,1.0
9665,241,0.1,26,1.0
9666,241,0.1,27,1.0
9667,241,0.1,28,0.8
9668,241,0.1,29,0.8
9669,241,0.1,30,0.8
9670,241,0.1,31,0.8
9671,241,0.1,32,0.8
9672,241,0.1,33,0.8
9673,241,0.1,34,0.8
9674,241,0.1,35,0.8
9675,241,0.1,36,0.8
9676,241,0.1,37,0.8
9677,241,0.1,38,0.8
9678,241,0.1,39,0.8
9679,241,0.1,40,0.8
9680,242,0.1,1,0.0
9681,242,0.1,2,0.4
9682,242,0.1,3,0.4
9683,242,0.1,4,0.6
9684,242,0.1,5,0.6
9685,242,0.1,6,0.6
9686,242,0.1,7,1.0
9687,242,0.1,8,1.0
9688,242,0.1,9,1.0
9689,242,0.1,10,0.8
9690,242,0.1,11,1.0
9691,242,0.1,12,0.8
9692,242,0.1,13,0.8
9693,242,0.1,14,0.8
9694,242,0.1,15,1.0
9695,242,0.1,16,1.0
9696,242,0.1,17,1.0
9697,242,0.1,18,1.0
9698,242,0.1,19,1.0
9699,242,0.1,20,1.0
9700,242,0.1,21,1.0
9701,242,0.1,22,1.0
9702,242,0.1,23,1.0
9703,242,0.1,24,1.0
9704,242,0.1,25,1.0
9705,242,0.1,26,1.0
9706,242,0.1,27,1.0
9707,242,0.1,28,1.0
9708,242,0.1,29,1.0
9709,242,0.1,30,1.0
9710,242,0.1,31,1.0
9711,242,0.1,32,1.0
9712,242,0.1,33,1.0
9713,242,0.1,34,1.0
9714,242,0.1,35,1.0
9715,242,0.1,36,1.0
9716,242,0.1,37,1.0
9717,242,0.1,38,1.0
9718,242,0.1,39,1.0
9719,242,0.1,40,1.0
9720,243,0.1,1,1.0
9721,243,0.1,2,1.0
9722,243,0.1,3,1.0
9723,243,0.1,4,1.0
9724,243,0.1,5,1.0
9725,243,0.1,6,1.0
9726,243,0.1,7,0.8
9727,243,0.1,8,0.8
9728,243,0.1,9,1.0
9729,243,0.1,10,0.8
9730,243,0.1,11,1.0
9731,243,0.1,12,1.0
9732,243,0.1,13,1.0
9733,243,0.1,14,1.0
9734,243,0.1,15,1.0
9735,243,0.1,16,1.0
9736,243,0.1,17,1.0
9737,243,0.1,18,1.0
9738,243,0.1,19,1.0
9739,243,0.1,20,1.0
9740,243,0.1,21,1.0
9741,243,0.1,22,0.8
9742,243,0.1,23,0.8
9743,243,0.1,24,0.8
9744,243,0.1,25,0.8
9745,243,0.1,26,1.0
9746,243,0.1,27,1.0
9747,243,0.1,28,1.0
9748,243,0.1,29,1.0
9749,243,0.1,30,1.0
9750,243,0.1,31,1.0
9751,243,0.1,32,1.0
9752,243,0.1,33,1.0
9753,243,0.1,34,1.0
9754,243,0.1,35,1.0
9755,243,0.1,36,1.0
9756,243,0.1,37,1.0
9757,243,0.1,38,1.0
9758,243,0.1,39,1.0
9759,243,0.1,40,1.0
9760,244,0.1,1,0.8
9761,244,0.1,2,0.8
9762,244,0.1,3,0.8
9763,244,0.1,4,0.8
9764,244,0.1,5,0.6
9765,244,0.1,6,0.6
9766,244,0.1,7,0.6
9767,244,0.1,8,0.8
9768,244,0.1,9,0.8
9769,244,0.1,10,0.6
9770,244,0.1,11,0.6
9771,244,0.1,12,0.8
9772,244,0.1,13,0.8
9773,244,0.1,14,0.4
9774,244,0.1,15,0.6
9775,244,0.1,16,0.4
9776,244,0.1,17,0.8
9777,244,0.1,18,0.6
9778,244,0.1,19,0.8
9779,244,0.1,20,1.0
9780,244,0.1,21,1.0
9781,244,0.1,22,1.0
9782,244,0.1,23,1.0
9783,244,0.1,24,1.0
9784,244,0.1,25,1.0
9785,244,0.1,26,0.8
9786,244,0.1,27,0.8
9787,244,0.1,28,0.8
9788,244,0.1,29,1.0
9789,244,0.1,30,1.0
9790,244,0.1,31,1.0
9791,244,0.1,32,1.0
9792,244,0.1,33,1.0
9793,244,0.1,34,1.0
9794,244,0.1,35,1.0
9795,244,0.1,36,0.6
9796,244,0.1,37,0.6
9797,244,0.1,38,0.6
9798,244,0.1,39,0.8
9799,244,0.1,40,0.8
9800,245,0.1,1,0.6
9801,245,0.1,2,0.6
9802,245,0.1,3,0.6
9803,245,0.1,4,0.6
9804,245,0.1,5,0.8
9805,245,0.1,6,1.0
9806,245,0.1,7,1.0
9807,245,0.1,8,1.0
9808,245,0.1,9,1.0
9809,245,0.1,10,1.0
9810,245,0.1,11,1.0
9811,245,0.1,12,1.0
9812,245,0.1,13,1.0
9813,245,0.1,14,1.0
9814,245,0.1,15,1.0
9815,245,0.1,16,1.0
9816,245,0.1,17,1.0
9817,245,0.1,18,1.0
9818,245,0.1,19,1.0
9819,245,0.1,20,1.0
9820,245,0.1,21,1.0
9821,245,0.1,22,1.0
9822,245,0.1,23,1.0
9823,245,0.1,24,1.0
9824,245,0.1,25,1.0
9825,245,0.1,26,1.0
9826,245,0.1,27,1.0
9827,245,0.1,28,1.0
9828,245,0.1,29,1.0
9829,245,0.1,30,1.0
9830,245,0.1,31,1.0
9831,245,0.1,32,1.0
9832,245,0.1,33,1.0
9833,245,0.1,34,1.0
9834,245,0.1,35,1.0
9835,245,0.1,36,1.0
9836,245,0.1,37,1.0
9837,245,0.1,38,1.0
9838,245,0.1,39,1.0
9839,245,0.1,40,1.0
9840,246,0.1,1,0.8
9841,246,0.1,2,0.8
9842,246,0.1,3,0.8
9843,246,0.1,4,0.8
9844,246,0.1,5,0.8
9845,246,0.1,6,0.8
9846,246,0.1,7,1.0
9847,246,0.1,8,1.0
9848,246,0.1,9,1.0
9849,246,0.1,10,0.8
9850,246,0.1,11,1.0
9851,246,0.1,12,1.0
9852,246,0.1,13,1.0
9853,246,0.1,14,0.8
9854,246,0.1,15,1.0
9855,246,0.1,16,1.0
9856,246,0.1,17,1.0
9857,246,0.1,18,1.0
9858,246,0.1,19,1.0
9859,246,0.1,20,1.0
9860,246,0.1,21,1.0
9861,246,0.1,22,0.8
9862,246,0.1,23,0.8
9863,246,0.1,24,0.8
9864,246,0.1,25,1.0
9865,246,0.1,26,0.8
9866,246,0.1,27,0.8
9867,246,0.1,28,0.8
9868,246,0.1,29,1.0
9869,246,0.1,30,1.0
9870,246,0.1,31,1.0
9871,246,0.1,32,1.0
9872,246,0.1,33,0.8
9873,246,0.1,34,1.0
9874,246,0.1,35,1.0
9875,246,0.1,36,1.0
9876,246,0.1,37,1.0
9877,246,0.1,38,1.0
9878,246,0.1,39,1.0
9879,246,0.1,40,1.0
9880,247,0.1,1,0.6
9881,247,0.1,2,0.6
9882,247,0.1,3,0.8
9883,247,0.1,4,0.8
9884,247,0.1,5,0.8
9885,247,0.1,6,0.8
9886,247,0.1,7,0.6
9887,247,0.1,8,0.6
9888,247,0.1,9,0.8
9889,247,0.1,10,0.6
9890,247,0.1,11,0.8
9891,247,0.1,12,0.6
9892,247,0.1,13,0.8
9893,247,0.1,14,0.6
9894,247,0.1,15,0.4
9895,247,0.1,16,0.6
9896,247,0.1,17,0.6
9897,247,0.1,18,0.6
9898,247,0.1,19,0.4
9899,247,0.1,20,0.4
9900,247,0.1,21,0.6
9901,247,0.1,22,0.6
9902,247,0.1,23,0.8
9903,247,0.1,24,0.8
9904,247,0.1,25,0.8
9905,247,0.1,26,0.8
9906,247,0.1,27,0.4
9907,247,0.1,28,0.4
9908,247,0.1,29,0.4
9909,247,0.1,30,0.4
9910,247,0.1,31,0.6
9911,247,0.1,32,0.4
9912,247,0.1,33,0.4
9913,247,0.1,34,0.4
9914,247,0.1,35,0.4
9915,247,0.1,36,0.4
9916,247,0.1,37,1.0
9917,247,0.1,38,1.0
9918,247,0.1,39,1.0
9919,247,0.1,40,1.0
9920,248,0.1,1,0.6
9921,248,0.1,2,0.8
9922,248,0.1,3,0.8
9923,248,0.1,4,0.6
9924,248,0.1,5,0.6
9925,248,0.1,6,0.6
9926,248,0.1,7,0.6
9927,248,0.1,8,0.8
9928,248,0.1,9,0.8
9929,248,0.1,10,0.8
9930,248,0.1,11,0.8
9931,248,0.1,12,1.0
9932,248,0.1,13,1.0
9933,248,0.1,14,0.8
9934,248,0.1,15,0.8
9935,248,0.1,16,0.8
9936,248,0.1,17,0.8
9937,248,0.1,18,0.8
9938,248,0.1,19,0.8
9939,248,0.1,20,1.0
9940,248,0.1,21,1.0
9941,248,0.1,22,1.0
9942,248,0.1,23,1.0
9943,248,0.1,24,1.0
9944,248,0.1,25,1.0
9945,248,0.1,26,1.0
9946,248,0.1,27,1.0
9947,248,0.1,28,1.0
9948,248,0.1,29,1.0
9949,248,0.1,30,1.0
9950,248,0.1,31,1.0
9951,248,0.1,32,1.0
9952,248,0.1,33,1.0
9953,248,0.1,34,1.0
9954,248,0.1,35,1.0
9955,248,0.1,36,1.0
9956,248,0.1,37,1.0
9957,248,0.1,38,1.0
9958,248,0.1,39,1.0
9959,248,0.1,40,1.0
9960,249,0.1,1,0.0
9961,249,0.1,2,0.6
9962,249,0.1,3,0.6
9963,249,0.1,4,0.6
9964,249,0.1,5,0.6
9965,249,0.1,6,0.6
9966,249,0.1,7,0.8
9967,249,0.1,8,0.8
9968,249,0.1,9,0.8
9969,249,0.1,10,0.8
9970,249,0.1,11,0.8
9971,249,0.1,12,0.8
9972,249,0.1,13,1.0
9973,249,0.1,14,1.0
9974,249,0.1,15,1.0
9975,249,0.1,16,1.0
9976,249,0.1,17,1.0
9977,249,0.1,18,1.0
9978,249,0.1,19,1.0
9979,249,0.1,20,1.0
9980,249,0.1,21,1.0
9981,249,0.1,22,1.0
9982,249,0.1,23,1.0
9983,249,0.1,24,1.0
9984,249,0.1,25,1.0
9985,249,0.1,26,1.0
9986,249,0.1,27,1.0
9987,249,0.1,28,0.8
9988,249,0.1,29,0.8
9989,249,0.1,30,1.0
9990,249,0.1,31,1.0
9991,249,0.1,32,1.0
9992,249,0.1,33,1.0
9993,249,0.1,34,1.0
9994,249,0.1,35,1.0
9995,249,0.1,36,1.0
9996,249,0.1,37,1.0
9997,249,0.1,38,1.0
9998,249,0.1,39,1.0
9999,249,0.1,40,1.0
10000,250,0.1,1,1.0
10001,250,0.1,2,1.0
10002,250,0.1,3,1.0
10003,250,0.1,4,0.8
10004,250,0.1,5,0.8
10005,250,0.1,6,0.8
10006,250,0.1,7,0.8
10007,250,0.1,8,0.8
10008,250,0.1,9,0.8
10009,250,0.1,10,0.8
10010,250,0.1,11,1.0
10011,250,0.1,12,1.0
10012,250,0.1,13,1.0
10013,250,0.1,14,1.0
10014,250,0.1,15,1.0
10015,250,0.1,16,1.0
10016,250,0.1,17,1.0
10017,250,0.1,18,1.0
10018,250,0.1,19,1.0
10019,250,0.1,20,1.0
10020,250,0.1,21,0.8
10021,250,0.1,22,0.8
10022,250,0.1,23,0.8
10023,250,0.1,24,1.0
10024,250,0.1,25,1.0
10025,250,0.1,26,1.0
10026,250,0.1,27,1.0
10027,250,0.1,28,1.0
10028,250,0.1,29,1.0
10029,250,0.1,30,1.0
10030,250,0.1,31,1.0
10031,250,0.1,32,1.0
10032,250,0.1,33,1.0
10033,250,0.1,34,1.0
10034,250,0.1,35,1.0
10035,250,0.1,36,1.0
10036,250,0.1,37,1.0
10037,250,0.1,38,1.0
10038,250,0.1,39,1.0
10039,250,0.1,40,1.0
10040,251,0.1,1,0.0
10041,251,0.1,2,0.6
10042,251,0.1,3,0.6
10043,251,0.1,4,0.4
10044,251,0.1,5,0.8
10045,251,0.1,6,1.0
10046,251,0.1,7,0.8
10047,251,0.1,8,0.8
10048,251,0.1,9,0.6
10049,251,0.1,10,0.6
10050,251,0.1,11,0.6
10051,251,0.1,12,0.8
10052,251,0.1,13,0.8
10053,251,0.1,14,0.6
10054,251,0.1,15,0.8
10055,251,0.1,16,0.6
10056,251,0.1,17,0.6
10057,251,0.1,18,0.6
10058,251,0.1,19,0.6
10059,251,0.1,20,0.6
10060,251,0.1,21,0.6
10061,251,0.1,22,0.6
10062,251,0.1,23,0.6
10063,251,0.1,24,0.6
10064,251,0.1,25,0.6
10065,251,0.1,26,0.6
10066,251,0.1,27,0.6
10067,251,0.1,28,0.6
10068,251,0.1,29,0.6
10069,251,0.1,30,0.6
10070,251,0.1,31,0.6
10071,251,0.1,32,0.6
10072,251,0.1,33,0.6
10073,251,0.1,34,0.6
10074,251,0.1,35,0.6
10075,251,0.1,36,0.6
10076,251,0.1,37,0.6
10077,251,0.1,38,0.8
10078,251,0.1,39,0.8
10079,251,0.1,40,0.8
10080,252,0.1,1,1.0
10081,252,0.1,2,1.0
10082,252,0.1,3,1.0
10083,252,0.1,4,1.0
10084,252,0.1,5,1.0
10085,252,0.1,6,1.0
10086,252,0.1,7,1.0
10087,252,0.1,8,1.0
10088,252,0.1,9,1.0
10089,252,0.1,10,0.8
10090,252,0.1,11,1.0
10091,252,0.1,12,1.0
10092,252,0.1,13,1.0
10093,252,0.1,14,1.0
10094,252,0.1,15,1.0
10095,252,0.1,16,1.0
10096,252,0.1,17,1.0
10097,252,0.1,18,1.0
10098,252,0.1,19,1.0
10099,252,0.1,20,1.0
10100,252,0.1,21,1.0
10101,252,0.1,22,1.0
10102,252,0.1,23,1.0
10103,252,0.1,24,1.0
10104,252,0.1,25,1.0
10105,252,0.1,26,1.0
10106,252,0.1,27,1.0
10107,252,0.1,28,1.0
10108,252,0.1,29,1.0
10109,252,0.1,30,1.0
10110,252,0.1,31,1.0
10111,252,0.1,32,1.0
10112,252,0.1,33,1.0
10113,252,0.1,34,1.0
10114,252,0.1,35,1.0
10115,252,0.1,36,1.0
10116,252,0.1,37,1.0
10117,252,0.1,38,1.0
10118,252,0.1,39,1.0
10119,252,0.1,40,1.0
10120,253,0.1,1,0.8
10121,253,0.1,2,0.8
10122,253,0.1,3,0.8
10123,253,0.1,4,0.8
10124,253,0.1,5,0.6
10125,253,0.1,6,0.8
10126,253,0.1,7,0.8
10127,253,0.1,8,0.8
10128,253,0.1,9,0.8
10129,253,0.1,10,0.8
10130,253,0.1,11,0.8
10131,253,0.1,12,0.8
10132,253,0.1,13,0.8
10133,253,0.1,14,0.8
10134,253,0.1,15,0.8
10135,253,0.1,16,0.8
10136,253,0.1,17,0.8
10137,253,0.1,18,1.0
10138,253,0.1,19,1.0
10139,253,0.1,20,1.0
10140,253,0.1,21,1.0
10141,253,0.1,22,0.8
10142,253,0.1,23,0.8
10143,253,0.1,24,0.8
10144,253,0.1,25,0.8
10145,253,0.1,26,0.8
10146,253,0.1,27,0.8
10147,253,0.1,28,0.8
10148,253,0.1,29,0.8
10149,253,0.1,30,1.0
10150,253,0.1,31,1.0
10151,253,0.1,32,1.0
10152,253,0.1,33,1.0
10153,253,0.1,34,1.0
10154,253,0.1,35,1.0
10155,253,0.1,36,1.0
10156,253,0.1,37,1.0
10157,253,0.1,38,1.0
10158,253,0.1,39,1.0
10159,253,0.1,40,1.0
10160,254,0.1,1,0.6
10161,254,0.1,2,0.6
10162,254,0.1,3,1.0
10163,254,0.1,4,0.8
10164,254,0.1,5,0.8
10165,254,0.1,6,0.8
10166,254,0.1,7,0.8
10167,254,0.1,8,0.8
10168,254,0.1,9,0.8
10169,254,0.1,10,0.8
10170,254,0.1,11,0.8
10171,254,0.1,12,0.8
10172,254,0.1,13,0.8
10173,254,0.1,14,0.8
10174,254,0.1,15,0.8
10175,254,0.1,16,0.8
10176,254,0.1,17,0.8
10177,254,0.1,18,1.0
10178,254,0.1,19,1.0
10179,254,0.1,20,1.0
10180,254,0.1,21,1.0
10181,254,0.1,22,1.0
10182,254,0.1,23,1.0
10183,254,0.1,24,1.0
10184,254,0.1,25,1.0
10185,254,0.1,26,0.8
10186,254,0.1,27,1.0
10187,254,0.1,28,0.8
10188,254,0.1,29,0.8
10189,254,0.1,30,0.8
10190,254,0.1,31,1.0
10191,254,0.1,32,1.0
10192,254,0.1,33,1.0
10193,254,0.1,34,1.0
10194,254,0.1,35,1.0
10195,254,0.1,36,1.0
10196,254,0.1,37,1.0
10197,254,0.1,38,1.0
10198,254,0.1,39,1.0
10199,254,0.1,40,1.0
10200,255,0.1,1,0.8
10201,255,0.1,2,0.8
10202,255,0.1,3,0.8
10203,255,0.1,4,1.0
10204,255,0.1,5,0.8
10205,255,0.1,6,0.8
10206,255,0.1,7,0.8
10207,255,0.1,8,1.0
10208,255,0.1,9,1.0
10209,255,0.1,10,1.0
10210,255,0.1,11,1.0
10211,255,0.1,12,1.0
10212,255,0.1,13,1.0
10213,255,0.1,14,0.8
10214,255,0.1,15,1.0
10215,255,0.1,16,0.8
10216,255,0.1,17,0.8
10217,255,0.1,18,1.0
10218,255,0.1,19,1.0
10219,255,0.1,20,1.0
10220,255,0.1,21,0.8
10221,255,0.1,22,0.8
10222,255,0.1,23,0.8
10223,255,0.1,24,0.8
10224,255,0.1,25,0.8
10225,255,0.1,26,0.8
10226,255,0.1,27,0.8
10227,255,0.1,28,0.8
10228,255,0.1,29,1.0
10229,255,0.1,30,1.0
10230,255,0.1,31,1.0
10231,255,0.1,32,1.0
10232,255,0.1,33,1.0
10233,255,0.1,34,1.0
10234,255,0.1,35,1.0
10235,255,0.1,36,1.0
10236,255,0.1,37,1.0
10237,255,0.1,38,1.0
10238,255,0.1,39,1.0
10239,255,0.1,40,1.0
10240,256,0.1,1,0.6
10241,256,0.1,2,0.6
10242,256,0.1,3,0.6
10243,256,0.1,4,0.6
10244,256,0.1,5,0.6
10245,256,0.1,6,0.8
10246,256,0.1,7,0.8
10247,256,0.1,8,0.8
10248,256,0.1,9,0.6
10249,256,0.1,10,0.8
10250,256,0.1,11,0.8
10251,256,0.1,12,0.8
10252,256,0.1,13,0.8
10253,256,0.1,14,0.8
10254,256,0.1,15,0.8
10255,256,0.1,16,0.8
10256,256,0.1,17,0.8
10257,256,0.1,18,0.8
10258,256,0.1,19,0.6
10259,256,0.1,20,0.8
10260,256,0.1,21,0.8
10261,256,0.1,22,1.0
10262,256,0.1,23,1.0
10263,256,0.1,24,0.8
10264,256,0.1,25,1.0
10265,256,0.1,26,1.0
10266,256,0.1,27,1.0
10267,256,0.1,28,1.0
10268,256,0.1,29,1.0
10269,256,0.1,30,1.0
10270,256,0.1,31,1.0
10271,256,0.1,32,1.0
10272,256,0.1,33,1.0
10273,256,0.1,34,1.0
10274,256,0.1,35,1.0
10275,256,0.1,36,1.0
10276,256,0.1,37,1.0
10277,256,0.1,38,1.0
10278,256,0.1,39,1.0
10279,256,0.1,40,1.0
10280,257,0.1,1,0.6
10281,257,0.1,2,0.6
10282,257,0.1,3,0.6
10283,257,0.1,4,0.6
10284,257,0.1,5,0.4
10285,257,0.1,6,0.6
10286,257,0.1,7,0.6
10287,257,0.1,8,0.8
10288,257,0.1,9,0.6
10289,257,0.1,10,0.8
10290,257,0.1,11,0.6
10291,257,0.1,12,0.6
10292,257,0.1,13,0.8
10293,257,0.1,14,0.8
10294,257,0.1,15,0.8
10295,257,0.1,16,0.8
10296,257,0.1,17,0.8
10297,257,0.1,18,0.8
10298,257,0.1,19,0.8
10299,257,0.1,20,0.8
10300,257,0.1,21,0.8
10301,257,0.1,22,0.8
10302,257,0.1,23,0.8
10303,257,0.1,24,0.8
10304,257,0.1,25,0.8
10305,257,0.1,26,0.8
10306,257,0.1,27,0.8
10307,257,0.1,28,0.8
10308,257,0.1,29,0.8
10309,257,0.1,30,0.8
10310,257,0.1,31,0.8
10311,257,0.1,32,0.8
10312,257,0.1,33,0.8
10313,257,0.1,34,0.8
10314,257,0.1,35,0.8
10315,257,0.1,36,0.8
10316,257,0.1,37,1.0
10317,257,0.1,38,1.0
10318,257,0.1,39,1.0
10319,257,0.1,40,1.0
10320,258,0.1,1,0.0
10321,258,0.1,2,0.4
10322,258,0.1,3,0.4
10323,258,0.1,4,0.4
10324,258,0.1,5,0.4
10325,258,0.1,6,0.6
10326,258,0.1,7,1.0
10327,258,0.1,8,1.0
10328,258,0.1,9,1.0
10329,258,0.1,10,1.0
10330,258,0.1,11,0.6
10331,258,0.1,12,0.6
10332,258,0.1,13,0.4
10333,258,0.1,14,0.4
10334,258,0.1,15,0.4
10335,258,0.1,16,0.4
10336,258,0.1,17,0.4
10337,258,0.1,18,0.4
10338,258,0.1,19,0.8
10339,258,0.1,20,0.8
10340,258,0.1,21,0.6
10341,258,0.1,22,0.6
10342,258,0.1,23,0.6
10343,258,0.1,24,0.6
10344,258,0.1,25,0.6
10345,258,0.1,26,0.6
10346,258,0.1,27,0.6
10347,258,0.1,28,0.6
10348,258,0.1,29,0.6
10349,258,0.1,30,0.6
10350,258,0.1,31,0.8
10351,258,0.1,32,0.8
10352,258,0.1,33,0.6
10353,258,0.1,34,0.6
10354,258,0.1,35,0.6
10355,258,0.1,36,0.6
10356,258,0.1,37,0.6
10357,258,0.1,38,0.6
10358,258,0.1,39,0.6
10359,258,0.1,40,0.6
10360,259,0.1,1,1.0
10361,259,0.1,2,1.0
10362,259,0.1,3,1.0
10363,259,0.1,4,1.0
10364,259,0.1,5,1.0
10365,259,0.1,6,1.0
10366,259,0.1,7,1.0
10367,259,0.1,8,0.8
10368,259,0.1,9,0.8
10369,259,0.1,10,0.8
10370,259,0.1,11,0.8
10371,259,0.1,12,0.8
10372,259,0.1,13,1.0
10373,259,0.1,14,0.8
10374,259,0.1,15,0.8
10375,259,0.1,16,1.0
10376,259,0.1,17,1.0
10377,259,0.1,18,0.8
10378,259,0.1,19,0.8
10379,259,0.1,20,1.0
10380,259,0.1,21,1.0
10381,259,0.1,22,1.0
10382,259,0.1,23,1.0
10383,259,0.1,24,1.0
10384,259,0.1,25,1.0
10385,259,0.1,26,1.0
10386,259,0.1,27,1.0
10387,259,0.1,28,1.0
10388,259,0.1,29,1.0
10389,259,0.1,30,1.0
10390,259,0.1,31,1.0
10391,259,0.1,32,1.0
10392,259,0.1,33,1.0
10393,259,0.1,34,1.0
10394,259,0.1,35,1.0
10395,259,0.1,36,1.0
10396,259,0.1,37,1.0
10397,259,0.1,38,1.0
10398,259,0.1,39,1.0
10399,259,0.1,40,1.0
10400,260,0.1,1,0.0
10401,260,0.1,2,0.6
10402,260,0.1,3,0.6
10403,260,0.1,4,0.6
10404,260,0.1,5,0.8
10405,260,0.1,6,0.8
10406,260,0.1,7,0.8
10407,260,0.1,8,0.6
10408,260,0.1,9,0.8
10409,260,0.1,10,0.6
10410,260,0.1,11,0.8
10411,260,0.1,12,0.8
10412,260,0.1,13,0.8
10413,260,0.1,14,0.8
10414,260,0.1,15,0.8
10415,260,0.1,16,0.6
10416,260,0.1,17,0.6
10417,260,0.1,18,0.8
10418,260,0.1,19,0.8
10419,260,0.1,20,0.8
10420,260,0.1,21,0.8
10421,260,0.1,22,1.0
10422,260,0.1,23,0.8
10423,260,0.1,24,0.6
10424,260,0.1,25,0.6
10425,260,0.1,26,0.6
10426,260,0.1,27,0.6
10427,260,0.1,28,0.6
10428,260,0.1,29,0.6
10429,260,0.1,30,1.0
10430,260,0.1,31,1.0
10431,260,0.1,32,1.0
10432,260,0.1,33,1.0
10433,260,0.1,34,1.0
10434,260,0.1,35,1.0
10435,260,0.1,36,1.0
10436,260,0.1,37,0.8
10437,260,0.1,38,0.8
10438,260,0.1,39,0.8
10439,260,0.1,40,0.8
10440,261,0.1,1,1.0
10441,261,0.1,2,1.0
10442,261,0.1,3,1.0
10443,261,0.1,4,1.0
10444,261,0.1,5,1.0
10445,261,0.1,6,1.0
10446,261,0.1,7,1.0
10447,261,0.1,8,1.0
10448,261,0.1,9,1.0
10449,261,0.1,10,1.0
10450,261,0.1,11,1.0
10451,261,0.1,12,1.0
10452,261,0.1,13,1.0
10453,261,0.1,14,1.0
10454,261,0.1,15,0.8
10455,261,0.1,16,0.8
10456,261,0.1,17,0.8
10457,261,0.1,18,0.8
10458,261,0.1,19,0.8
10459,261,0.1,20,0.8
10460,261,0.1,21,0.8
10461,261,0.1,22,0.8
10462,261,0.1,23,0.8
10463,261,0.1,24,0.8
10464,261,0.1,25,0.8
10465,261,0.1,26,0.8
10466,261,0.1,27,0.8
10467,261,0.1,28,0.8
10468,261,0.1,29,0.8
10469,261,0.1,30,0.8
10470,261,0.1,31,1.0
10471,261,0.1,32,1.0
10472,261,0.1,33,1.0
10473,261,0.1,34,1.0
10474,261,0.1,35,1.0
10475,261,0.1,36,1.0
10476,261,0.1,37,1.0
10477,261,0.1,38,1.0
10478,261,0.1,39,1.0
10479,261,0.1,40,1.0
10480,262,0.1,1,0.8
10481,262,0.1,2,0.8
10482,262,0.1,3,0.8
10483,262,0.1,4,0.8
10484,262,0.1,5,0.8
10485,262,0.1,6,0.8
10486,262,0.1,7,0.8
10487,262,0.1,8,0.8
10488,262,0.1,9,0.8
10489,262,0.1,10,0.8
10490,262,0.1,11,0.6
10491,262,0.1,12,0.6
10492,262,0.1,13,0.6
10493,262,0.1,14,0.8
10494,262,0.1,15,1.0
10495,262,0.1,16,0.6
10496,262,0.1,17,0.8
10497,262,0.1,18,1.0
10498,262,0.1,19,1.0
10499,262,0.1,20,1.0
10500,262,0.1,21,1.0
10501,262,0.1,22,1.0
10502,262,0.1,23,1.0
10503,262,0.1,24,1.0
10504,262,0.1,25,1.0
10505,262,0.1,26,1.0
10506,262,0.1,27,1.0
10507,262,0.1,28,1.0
10508,262,0.1,29,1.0
10509,262,0.1,30,1.0
10510,262,0.1,31,1.0
10511,262,0.1,32,1.0
10512,262,0.1,33,1.0
10513,262,0.1,34,1.0
10514,262,0.1,35,1.0
10515,262,0.1,36,1.0
10516,262,0.1,37,1.0
10517,262,0.1,38,1.0
10518,262,0.1,39,1.0
10519,262,0.1,40,1.0
10520,263,0.1,1,0.6
10521,263,0.1,2,0.6
10522,263,0.1,3,0.6
10523,263,0.1,4,0.4
10524,263,0.1,5,0.6
10525,263,0.1,6,0.6
10526,263,0.1,7,0.8
10527,263,0.1,8,0.8
10528,263,0.1,9,0.8
10529,263,0.1,10,0.8
10530,263,0.1,11,0.6
10531,263,0.1,12,0.8
10532,263,0.1,13,1.0
10533,263,0.1,14,1.0
10534,263,0.1,15,1.0
10535,263,0.1,16,1.0
10536,263,0.1,17,1.0
10537,263,0.1,18,1.0
10538,263,0.1,19,1.0
10539,263,0.1,20,1.0
10540,263,0.1,21,1.0
10541,263,0.1,22,1.0
10542,263,0.1,23,1.0
10543,263,0.1,24,1.0
10544,263,0.1,25,1.0
10545,263,0.1,26,1.0
10546,263,0.1,27,1.0
10547,263,0.1,28,1.0
10548,263,0.1,29,1.0
10549,263,0.1,30,1.0
10550,263,0.1,31,1.0
10551,263,0.1,32,1.0
10552,263,0.1,33,1.0
10553,263,0.1,34,1.0
10554,263,0.1,35,1.0
10555,263,0.1,36,1.0
10556,263,0.1,37,1.0
10557,263,0.1,38,1.0
10558,263,0.1,39,1.0
10559,263,0.1,40,1.0
10560,264,0.1,1,0.8
10561,264,0.1,2,0.8
10562,264,0.1,3,0.8
10563,264,0.1,4,0.8
10564,264,0.1,5,0.8
10565,264,0.1,6,0.8
10566,264,0.1,7,0.8
10567,264,0.1,8,0.6
10568,264,0.1,9,0.6
10569,264,0.1,10,0.6
10570,264,0.1,11,0.6
10571,264,0.1,12,0.6
10572,264,0.1,13,0.6
10573,264,0.1,14,0.8
10574,264,0.1,15,0.8
10575,264,0.1,16,0.8
10576,264,0.1,17,0.8
10577,264,0.1,18,0.8
10578,264,0.1,19,0.8
10579,264,0.1,20,1.0
10580,264,0.1,21,1.0
10581,264,0.1,22,1.0
10582,264,0.1,23,1.0
10583,264,0.1,24,1.0
10584,264,0.1,25,1.0
10585,264,0.1,26,1.0
10586,264,0.1,27,1.0
10587,264,0.1,28,1.0
10588,264,0.1,29,1.0
10589,264,0.1,30,1.0
10590,264,0.1,31,1.0
10591,264,0.1,32,1.0
10592,264,0.1,33,1.0
10593,264,0.1,34,1.0
10594,264,0.1,35,1.0
10595,264,0.1,36,1.0
10596,264,0.1,37,1.0
10597,264,0.1,38,1.0
10598,264,0.1,39,1.0
10599,264,0.1,40,1.0
10600,265,0.1,1,0.6
10601,265,0.1,2,0.6
10602,265,0.1,3,0.6
10603,265,0.1,4,0.6
10604,265,0.1,5,0.8
10605,265,0.1,6,0.6
10606,265,0.1,7,0.6
10607,265,0.1,8,0.6
10608,265,0.1,9,0.6
10609,265,0.1,10,0.8
10610,265,0.1,11,0.8
10611,265,0.1,12,0.8
10612,265,0.1,13,0.8
10613,265,0.1,14,0.8
10614,265,0.1,15,0.8
10615,265,0.1,16,0.8
10616,265,0.1,17,0.8
10617,265,0.1,18,0.4
10618,265,0.1,19,0.4
10619,265,0.1,20,0.4
10620,265,0.1,21,0.4
10621,265,0.1,22,0.4
10622,265,0.1,23,0.4
10623,265,0.1,24,0.4
10624,265,0.1,25,0.6
10625,265,0.1,26,0.4
10626,265,0.1,27,0.6
10627,265,0.1,28,0.6
10628,265,0.1,29,0.4
10629,265,0.1,30,0.4
10630,265,0.1,31,0.6
10631,265,0.1,32,0.6
10632,265,0.1,33,0.6
10633,265,0.1,34,0.6
10634,265,0.1,35,0.8
10635,265,0.1,36,0.8
10636,265,0.1,37,0.8
10637,265,0.1,38,0.8
10638,265,0.1,39,0.8
10639,265,0.1,40,0.8
10640,266,0.1,1,0.6
10641,266,0.1,2,0.6
10642,266,0.1,3,0.4
10643,266,0.1,4,0.4
10644,266,0.1,5,0.4
10645,266,0.1,6,0.6
10646,266,0.1,7,0.8
10647,266,0.1,8,0.8
10648,266,0.1,9,0.8
10649,266,0.1,10,0.6
10650,266,0.1,11,0.4
10651,266,0.1,12,0.8
10652,266,0.1,13,0.8
10653,266,0.1,14,0.6
10654,266,0.1,15,0.6
10655,266,0.1,16,0.6
10656,266,0.1,17,0.6
10657,266,0.1,18,0.6
10658,266,0.1,19,0.6
10659,266,0.1,20,0.6
10660,266,0.1,21,0.6
10661,266,0.1,22,0.6
10662,266,0.1,23,0.6
10663,266,0.1,24,0.6
10664,266,0.1,25,0.6
10665,266,0.1,26,1.0
10666,266,0.1,27,1.0
10667,266,0.1,28,1.0
10668,266,0.1,29,1.0
10669,266,0.1,30,1.0
10670,266,0.1,31,1.0
10671,266,0.1,32,1.0
10672,266,0.1,33,1.0
10673,266,0.1,34,1.0
10674,266,0.1,35,1.0
10675,266,0.1,36,1.0
10676,266,0.1,37,1.0
10677,266,0.1,38,1.0
10678,266,0.1,39,1.0
10679,266,0.1,40,1.0
10680,267,0.1,1,0.0
10681,267,0.1,2,0.2
10682,267,0.1,3,0.6
10683,267,0.1,4,0.6
10684,267,0.1,5,0.6
10685,267,0.1,6,0.6
10686,267,0.1,7,0.6
10687,267,0.1,8,0.6
10688,267,0.1,9,1.0
10689,267,0.1,10,1.0
10690,267,0.1,11,0.8
10691,267,0.1,12,1.0
10692,267,0.1,13,1.0
10693,267,0.1,14,0.8
10694,267,0.1,15,0.8
10695,267,0.1,16,1.0
10696,267,0.1,17,1.0
10697,267,0.1,18,1.0
10698,267,0.1,19,1.0
10699,267,0.1,20,1.0
10700,267,0.1,21,1.0
10701,267,0.1,22,1.0
10702,267,0.1,23,1.0
10703,267,0.1,24,1.0
10704,267,0.1,25,1.0
10705,267,0.1,26,1.0
10706,267,0.1,27,1.0
10707,267,0.1,28,1.0
10708,267,0.1,29,1.0
10709,267,0.1,30,1.0
10710,267,0.1,31,1.0
10711,267,0.1,32,1.0
10712,267,0.1,33,1.0
10713,267,0.1,34,1.0
10714,267,0.1,35,1.0
10715,267,0.1,36,1.0
10716,267,0.1,37,0.8
10717,267,0.1,38,1.0
10718,267,0.1,39,1.0
10719,267,0.1,40,1.0
10720,268,0.1,1,1.0
10721,268,0.1,2,1.0
10722,268,0.1,3,1.0
10723,268,0.1,4,1.0
10724,268,0.1,5,0.8
10725,268,0.1,6,0.8
10726,268,0.1,7,0.8
10727,268,0.1,8,0.8
10728,268,0.1,9,0.8
10729,268,0.1,10,0.8
10730,268,0.1,11,0.8
10731,268,0.1,12,0.8
10732,268,0.1,13,0.8
10733,268,0.1,14,0.8
10734,268,0.1,15,0.8
10735,268,0.1,16,0.8
10736,268,0.1,17,1.0
10737,268,0.1,18,1.0
10738,268,0.1,19,1.0
10739,268,0.1,20,1.0
10740,268,0.1,21,1.0
10741,268,0.1,22,1.0
10742,268,0.1,23,1.0
10743,268,0.1,24,1.0
10744,268,0.1,25,1.0
10745,268,0.1,26,1.0
10746,268,0.1,27,1.0
10747,268,0.1,28,1.0
10748,268,0.1,29,1.0
10749,268,0.1,30,1.0
10750,268,0.1,31,1.0
10751,268,0.1,32,1.0
10752,268,0.1,33,1.0
10753,268,0.1,34,1.0
10754,268,0.1,35,1.0
10755,268,0.1,36,1.0
10756,268,0.1,37,1.0
10757,268,0.1,38,1.0
10758,268,0.1,39,1.0
10759,268,0.1,40,1.0
10760,269,0.1,1,0.0
10761,269,0.1,2,0.2
10762,269,0.1,3,0.6
10763,269,0.1,4,0.8
10764,269,0.1,5,0.8
10765,269,0.1,6,1.0
10766,269,0.1,7,1.0
10767,269,0.1,8,1.0
10768,269,0.1,9,1.0
10769,269,0.1,10,1.0
10770,269,0.1,11,1.0
10771,269,0.1,12,1.0
10772,269,0.1,13,1.0
10773,269,0.1,14,0.8
10774,269,0.1,15,0.8
10775,269,0.1,16,0.8
10776,269,0.1,17,0.8
10777,269,0.1,18,0.8
10778,269,0.1,19,0.8
10779,269,0.1,20,0.8
10780,269,0.1,21,0.8
10781,269,0.1,22,0.8
10782,269,0.1,23,0.8
10783,269,0.1,24,0.8
10784,269,0.1,25,0.8
10785,269,0.1,26,0.8
10786,269,0.1,27,0.8
10787,269,0.1,28,0.8
10788,269,0.1,29,0.8
10789,269,0.1,30,0.6
10790,269,0.1,31,0.6
10791,269,0.1,32,0.6
10792,269,0.1,33,0.6
10793,269,0.1,34,0.6
10794,269,0.1,35,0.6
10795,269,0.1,36,0.8
10796,269,0.1,37,0.6
10797,269,0.1,38,0.6
10798,269,0.1,39,0.8
10799,269,0.1,40,0.8
10800,270,0.1,1,1.0
10801,270,0.1,2,1.0
10802,270,0.1,3,1.0
10803,270,0.1,4,1.0
10804,270,0.1,5,1.0
10805,270,0.1,6,1.0
10806,270,0.1,7,1.0
10807,270,0.1,8,0.8
10808,270,0.1,9,0.8
10809,270,0.1,10,1.0
10810,270,0.1,11,1.0
10811,270,0.1,12,1.0
10812,270,0.1,13,1.0
10813,270,0.1,14,1.0
10814,270,0.1,15,1.0
10815,270,0.1,16,1.0
10816,270,0.1,17,1.0
10817,270,0.1,18,0.8
10818,270,0.1,19,0.8
10819,270,0.1,20,0.8
10820,270,0.1,21,0.8
10821,270,0.1,22,0.8
10822,270,0.1,23,0.8
10823,270,0.1,24,1.0
10824,270,0.1,25,1.0
10825,270,0.1,26,1.0
10826,270,0.1,27,1.0
10827,270,0.1,28,1.0
10828,270,0.1,29,1.0
10829,270,0.1,30,1.0
10830,270,0.1,31,1.0
10831,270,0.1,32,1.0
10832,270,0.1,33,1.0
10833,270,0.1,34,1.0
10834,270,0.1,35,0.8
10835,270,0.1,36,0.8
10836,270,0.1,37,0.8
10837,270,0.1,38,1.0
10838,270,0.1,39,1.0
10839,270,0.1,40,1.0
10840,271,0.1,1,0.8
10841,271,0.1,2,0.8
10842,271,0.1,3,1.0
10843,271,0.1,4,0.6
10844,271,0.1,5,0.8
10845,271,0.1,6,0.6
10846,271,0.1,7,0.8
10847,271,0.1,8,0.6
10848,271,0.1,9,0.6
10849,271,0.1,10,0.6
10850,271,0.1,11,1.0
10851,271,0.1,12,1.0
10852,271,0.1,13,1.0
10853,271,0.1,14,1.0
10854,271,0.1,15,0.8
10855,271,0.1,16,1.0
10856,271,0.1,17,1.0
10857,271,0.1,18,1.0
10858,271,0.1,19,1.0
10859,271,0.1,20,1.0
10860,271,0.1,21,1.0
10861,271,0.1,22,1.0
10862,271,0.1,23,0.8
10863,271,0.1,24,0.8
10864,271,0.1,25,1.0
10865,271,0.1,26,0.8
10866,271,0.1,27,0.8
10867,271,0.1,28,0.8
10868,271,0.1,29,0.8
10869,271,0.1,30,0.8
10870,271,0.1,31,0.8
10871,271,0.1,32,0.8
10872,271,0.1,33,0.8
10873,271,0.1,34,0.8
10874,271,0.1,35,0.8
10875,271,0.1,36,1.0
10876,271,0.1,37,1.0
10877,271,0.1,38,1.0
10878,271,0.1,39,1.0
10879,271,0.1,40,1.0
10880,272,0.1,1,0.6
10881,272,0.1,2,0.6
10882,272,0.1,3,0.8
10883,272,0.1,4,0.8
10884,272,0.1,5,0.8
10885,272,0.1,6,1.0
10886,272,0.1,7,1.0
10887,272,0.1,8,1.0
10888,272,0.1,9,1.0
10889,272,0.1,10,1.0
10890,272,0.1,11,1.0
10891,272,0.1,12,1.0
10892,272,0.1,13,1.0
10893,272,0.1,14,1.0
10894,272,0.1,15,1.0
10895,272,0.1,16,1.0
10896,272,0.1,17,0.8
10897,272,0.1,18,0.8
10898,272,0.1,19,0.8
10899,272,0.1,20,0.8
10900,272,0.1,21,0.8
10901,272,0.1,22,0.8
10902,272,0.1,23,0.8
10903,272,0.1,24,0.8
10904,272,0.1,25,0.8
10905,272,0.1,26,0.8
10906,272,0.1,27,1.0
10907,272,0.1,28,1.0
10908,272,0.1,29,1.0
10909,272,0.1,30,1.0
10910,272,0.1,31,1.0
10911,272,0.1,32,1.0
10912,272,0.1,33,1.0
10913,272,0.1,34,1.0
10914,272,0.1,35,1.0
10915,272,0.1,36,1.0
10916,272,0.1,37,1.0
10917,272,0.1,38,1.0
10918,272,0.1,39,1.0
10919,272,0.1,40,1.0
10920,273,0.1,1,0.8
10921,273,0.1,2,0.8
10922,273,0.1,3,0.8
10923,273,0.1,4,0.8
10924,273,0.1,5,1.0
10925,273,0.1,6,1.0
10926,273,0.1,7,0.8
10927,273,0.1,8,0.6
10928,273,0.1,9,0.8
10929,273,0.1,10,0.8
10930,273,0.1,11,0.8
10931,273,0.1,12,0.6
10932,273,0.1,13,0.6
10933,273,0.1,14,0.6
10934,273,0.1,15,0.4
10935,273,0.1,16,0.6
10936,273,0.1,17,0.4
10937,273,0.1,18,0.6
10938,273,0.1,19,0.8
10939,273,0.1,20,0.6
10940,273,0.1,21,0.6
10941,273,0.1,22,0.6
10942,273,0.1,23,0.6
10943,273,0.1,24,0.6
10944,273,0.1,25,0.4
10945,273,0.1,26,0.8
10946,273,0.1,27,1.0
10947,273,0.1,28,0.8
10948,273,0.1,29,0.8
10949,273,0.1,30,1.0
10950,273,0.1,31,1.0
10951,273,0.1,32,1.0
10952,273,0.1,33,1.0
10953,273,0.1,34,1.0
10954,273,0.1,35,1.0
10955,273,0.1,36,1.0
10956,273,0.1,37,1.0
10957,273,0.1,38,1.0
10958,273,0.1,39,1.0
10959,273,0.1,40,1.0
10960,274,0.1,1,0.6
10961,274,0.1,2,0.6
10962,274,0.1,3,0.6
10963,274,0.1,4,0.6
10964,274,0.1,5,0.6
10965,274,0.1,6,0.6
10966,274,0.1,7,0.6
10967,274,0.1,8,0.6
10968,274,0.1,9,0.4
10969,274,0.1,10,0.6
10970,274,0.1,11,0.6
10971,274,0.1,12,0.8
10972,274,0.1,13,0.8
10973,274,0.1,14,0.8
10974,274,0.1,15,0.8
10975,274,0.1,16,0.6
10976,274,0.1,17,0.8
10977,274,0.1,18,0.8
10978,274,0.1,19,0.8
10979,274,0.1,20,0.8
10980,274,0.1,21,1.0
10981,274,0.1,22,1.0
10982,274,0.1,23,1.0
10983,274,0.1,24,1.0
10984,274,0.1,25,1.0
10985,274,0.1,26,1.0
10986,274,0.1,27,1.0
10987,274,0.1,28,1.0
10988,274,0.1,29,1.0
10989,274,0.1,30,1.0
10990,274,0.1,31,1.0
10991,274,0.1,32,1.0
10992,274,0.1,33,1.0
10993,274,0.1,34,1.0
10994,274,0.1,35,1.0
10995,274,0.1,36,1.0
10996,274,0.1,37,1.0
10997,274,0.1,38,1.0
10998,274,0.1,39,1.0
10999,274,0.1,40,1.0
11000,275,0.1,1,0.6
11001,275,0.1,2,0.6
11002,275,0.1,3,0.6
11003,275,0.1,4,0.6
11004,275,0.1,5,0.6
11005,275,0.1,6,0.6
11006,275,0.1,7,0.4
11007,275,0.1,8,0.4
11008,275,0.1,9,0.8
11009,275,0.1,10,0.8
11010,275,0.1,11,0.8
11011,275,0.1,12,0.8
11012,275,0.1,13,0.8
11013,275,0.1,14,0.6
11014,275,0.1,15,0.8
11015,275,0.1,16,0.6
11016,275,0.1,17,0.6
11017,275,0.1,18,0.6
11018,275,0.1,19,0.6
11019,275,0.1,20,0.6
11020,275,0.1,21,0.6
11021,275,0.1,22,0.6
11022,275,0.1,23,0.6
11023,275,0.1,24,0.6
11024,275,0.1,25,0.6
11025,275,0.1,26,0.6
11026,275,0.1,27,0.6
11027,275,0.1,28,0.6
11028,275,0.1,29,0.6
11029,275,0.1,30,0.6
11030,275,0.1,31,0.6
11031,275,0.1,32,0.6
11032,275,0.1,33,0.6
11033,275,0.1,34,0.6
11034,275,0.1,35,0.6
11035,275,0.1,36,0.6
11036,275,0.1,37,0.6
11037,275,0.1,38,0.6
11038,275,0.1,39,0.6
11039,275,0.1,40,0.6
11040,276,0.1,1,0.0
11041,276,0.1,2,0.4
11042,276,0.1,3,0.4
11043,276,0.1,4,0.8
11044,276,0.1,5,0.8
11045,276,0.1,6,0.8
11046,276,0.1,7,1.0
11047,276,0.1,8,1.0
11048,276,0.1,9,1.0
11049,276,0.1,10,1.0
11050,276,0.1,11,1.0
11051,276,0.1,12,1.0
11052,276,0.1,13,1.0
11053,276,0.1,14,1.0
11054,276,0.1,15,1.0
11055,276,0.1,16,1.0
11056,276,0.1,17,1.0
11057,276,0.1,18,1.0
11058,276,0.1,19,1.0
11059,276,0.1,20,1.0
11060,276,0.1,21,1.0
11061,276,0.1,22,1.0
11062,276,0.1,23,1.0
11063,276,0.1,24,1.0
11064,276,0.1,25,1.0
11065,276,0.1,26,1.0
11066,276,0.1,27,1.0
11067,276,0.1,28,1.0
11068,276,0.1,29,1.0
11069,276,0.1,30,1.0
11070,276,0.1,31,1.0
11071,276,0.1,32,1.0
11072,276,0.1,33,1.0
11073,276,0.1,34,1.0
11074,276,0.1,35,1.0
11075,276,0.1,36,1.0
11076,276,0.1,37,1.0
11077,276,0.1,38,1.0
11078,276,0.1,39,1.0
11079,276,0.1,40,1.0
11080,277,0.1,1,1.0
11081,277,0.1,2,1.0
11082,277,0.1,3,1.0
11083,277,0.1,4,1.0
11084,277,0.1,5,1.0
11085,277,0.1,6,0.8
11086,277,0.1,7,0.8
11087,277,0.1,8,0.8
11088,277,0.1,9,1.0
11089,277,0.1,10,1.0
11090,277,0.1,11,1.0
11091,277,0.1,12,1.0
11092,277,0.1,13,1.0
11093,277,0.1,14,1.0
11094,277,0.1,15,1.0
11095,277,0.1,16,1.0
11096,277,0.1,17,1.0
11097,277,0.1,18,1.0
11098,277,0.1,19,1.0
11099,277,0.1,20,1.0
11100,277,0.1,21,1.0
11101,277,0.1,22,1.0
11102,277,0.1,23,1.0
11103,277,0.1,24,1.0
11104,277,0.1,25,1.0
11105,277,0.1,26,1.0
11106,277,0.1,27,1.0
11107,277,0.1,28,1.0
11108,277,0.1,29,1.0
11109,277,0.1,30,1.0
11110,277,0.1,31,1.0
11111,277,0.1,32,1.0
11112,277,0.1,33,0.8
11113,277,0.1,34,1.0
11114,277,0.1,35,1.0
11115,277,0.1,36,1.0
11116,277,0.1,37,1.0
11117,277,0.1,38,1.0
11118,277,0.1,39,1.0
11119,277,0.1,40,1.0
11120,278,0.1,1,0.0
11121,278,0.1,2,0.8
11122,278,0.1,3,0.8
11123,278,0.1,4,0.8
11124,278,0.1,5,0.8
11125,278,0.1,6,0.8
11126,278,0.1,7,1.0
11127,278,0.1,8,1.0
11128,278,0.1,9,1.0
11129,278,0.1,10,0.8
11130,278,0.1,11,0.8
11131,278,0.1,12,0.8
11132,278,0.1,13,1.0
11133,278,0.1,14,1.0
11134,278,0.1,15,1.0
11135,278,0.1,16,1.0
11136,278,0.1,17,1.0
11137,278,0.1,18,1.0
11138,278,0.1,19,1.0
11139,278,0.1,20,1.0
11140,278,0.1,21,1.0
11141,278,0.1,22,1.0
11142,278,0.1,23,1.0
11143,278,0.1,24,0.8
11144,278,0.1,25,0.8
11145,278,0.1,26,0.8
11146,278,0.1,27,0.8
11147,278,0.1,28,0.8
11148,278,0.1,29,0.8
11149,278,0.1,30,0.8
11150,278,0.1,31,0.8
11151,278,0.1,32,0.8
11152,278,0.1,33,0.8
11153,278,0.1,34,0.8
11154,278,0.1,35,0.8
11155,278,0.1,36,0.8
11156,278,0.1,37,0.8
11157,278,0.1,38,0.8
11158,278,0.1,39,1.0
11159,278,0.1,40,1.0
11160,279,0.1,1,1.0
11161,279,0.1,2,1.0
11162,279,0.1,3,1.0
11163,279,0.1,4,0.6
11164,279,0.1,5,0.6
11165,279,0.1,6,0.6
11166,279,0.1,7,0.8
11167,279,0.1,8,1.0
11168,279,0.1,9,0.8
11169,279,0.1,10,1.0
11170,279,0.1,11,0.8
11171,279,0.1,12,0.8
11172,279,0.1,13,0.8
11173,279,0.1,14,0.8
11174,279,0.1,15,0.8
11175,279,0.1,16,0.8
11176,279,0.1,17,0.8
11177,279,0.1,18,1.0
11178,279,0.1,19,1.0
11179,279,0.1,20,1.0
11180,279,0.1,21,1.0
11181,279,0.1,22,1.0
11182,279,0.1,23,1.0
11183,279,0.1,24,1.0
11184,279,0.1,25,0.8
11185,279,0.1,26,0.8
11186,279,0.1,27,0.8
11187,279,0.1,28,0.8
11188,279,0.1,29,0.8
11189,279,0.1,30,0.8
11190,279,0.1,31,0.8
11191,279,0.1,32,0.8
11192,279,0.1,33,0.8
11193,279,0.1,34,0.8
11194,279,0.1,35,0.8
11195,279,0.1,36,0.8
11196,279,0.1,37,0.8
11197,279,0.1,38,0.8
11198,279,0.1,39,0.8
11199,279,0.1,40,0.8
11200,280,0.1,1,0.8
11201,280,0.1,2,0.8
11202,280,0.1,3,0.8
11203,280,0.1,4,0.8
11204,280,0.1,5,0.8
11205,280,0.1,6,0.8
11206,280,0.1,7,0.8
11207,280,0.1,8,0.8
11208,280,0.1,9,0.8
11209,280,0.1,10,0.8
11210,280,0.1,11,0.8
11211,280,0.1,12,0.8
11212,280,0.1,13,0.8
11213,280,0.1,14,0.8
11214,280,0.1,15,0.8
11215,280,0.1,16,0.8
11216,280,0.1,17,0.8
11217,280,0.1,18,0.8
11218,280,0.1,19,0.8
11219,280,0.1,20,0.8
11220,280,0.1,21,0.8
11221,280,0.1,22,0.8
11222,280,0.1,23,0.8
11223,280,0.1,24,0.8
11224,280,0.1,25,0.8
11225,280,0.1,26,0.6
11226,280,0.1,27,0.6
11227,280,0.1,28,0.8
11228,280,0.1,29,1.0
11229,280,0.1,30,1.0
11230,280,0.1,31,1.0
11231,280,0.1,32,1.0
11232,280,0.1,33,1.0
11233,280,0.1,34,1.0
11234,280,0.1,35,0.8
11235,280,0.1,36,0.8
11236,280,0.1,37,1.0
11237,280,0.1,38,1.0
11238,280,0.1,39,1.0
11239,280,0.1,40,0.8
11240,281,0.1,1,0.6
11241,281,0.1,2,0.6
11242,281,0.1,3,0.6
11243,281,0.1,4,0.6
11244,281,0.1,5,0.6
11245,281,0.1,6,0.6
11246,281,0.1,7,0.6
11247,281,0.1,8,0.6
11248,281,0.1,9,0.6
11249,281,0.1,10,0.8
11250,281,0.1,11,0.8
11251,281,0.1,12,0.8
11252,281,0.1,13,0.8
11253,281,0.1,14,1.0
11254,281,0.1,15,1.0
11255,281,0.1,16,1.0
11256,281,0.1,17,1.0
11257,281,0.1,18,1.0
11258,281,0.1,19,1.0
11259,281,0.1,20,1.0
11260,281,0.1,21,1.0
11261,281,0.1,22,1.0
11262,281,0.1,23,1.0
11263,281,0.1,24,1.0
11264,281,0.1,25,1.0
11265,281,0.1,26,1.0
11266,281,0.1,27,1.0
11267,281,0.1,28,0.8
11268,281,0.1,29,0.8
11269,281,0.1,30,0.8
11270,281,0.1,31,0.8
11271,281,0.1,32,0.8
11272,281,0.1,33,0.8
11273,281,0.1,34,1.0
11274,281,0.1,35,1.0
11275,281,0.1,36,1.0
11276,281,0.1,37,1.0
11277,281,0.1,38,1.0
11278,281,0.1,39,1.0
11279,281,0.1,40,1.0
11280,282,0.1,1,0.8
11281,282,0.1,2,0.8
11282,282,0.1,3,0.8
11283,282,0.1,4,1.0
11284,282,0.1,5,1.0
11285,282,0.1,6,1.0
11286,282,0.1,7,1.0
11287,282,0.1,8,1.0
11288,282,0.1,9,1.0
11289,282,0.1,10,1.0
11290,282,0.1,11,1.0
11291,282,0.1,12,1.0
11292,282,0.1,13,1.0
11293,282,0.1,14,1.0
11294,282,0.1,15,1.0
11295,282,0.1,16,1.0
11296,282,0.1,17,1.0
11297,282,0.1,18,1.0
11298,282,0.1,19,1.0
11299,282,0.1,20,1.0
11300,282,0.1,21,1.0
11301,282,0.1,22,1.0
11302,282,0.1,23,1.0
11303,282,0.1,24,1.0
11304,282,0.1,25,1.0
11305,282,0.1,26,1.0
11306,282,0.1,27,1.0
11307,282,0.1,28,1.0
11308,282,0.1,29,0.8
11309,282,0.1,30,0.8
11310,282,0.1,31,0.8
11311,282,0.1,32,0.8
11312,282,0.1,33,0.8
11313,282,0.1,34,0.8
11314,282,0.1,35,0.8
11315,282,0.1,36,0.8
11316,282,0.1,37,0.8
11317,282,0.1,38,0.8
11318,282,0.1,39,0.8
11319,282,0.1,40,0.8
11320,283,0.1,1,0.6
11321,283,0.1,2,0.6
11322,283,0.1,3,0.6
11323,283,0.1,4,0.8
11324,283,0.1,5,0.4
11325,283,0.1,6,0.4
11326,283,0.1,7,0.8
11327,283,0.1,8,0.8
11328,283,0.1,9,0.8
11329,283,0.1,10,0.6
11330,283,0.1,11,0.8
11331,283,0.1,12,0.8
11332,283,0.1,13,0.8
11333,283,0.1,14,0.8
11334,283,0.1,15,0.8
11335,283,0.1,16,0.6
11336,283,0.1,17,0.6
11337,283,0.1,18,0.6
11338,283,0.1,19,0.8
11339,283,0.1,20,1.0
11340,283,0.1,21,1.0
11341,283,0.1,22,1.0
11342,283,0.1,23,1.0
11343,283,0.1,24,1.0
11344,283,0.1,25,1.0
11345,283,0.1,26,1.0
11346,283,0.1,27,1.0
11347,283,0.1,28,1.0
11348,283,0.1,29,1.0
11349,283,0.1,30,1.0
11350,283,0.1,31,1.0
11351,283,0.1,32,1.0
11352,283,0.1,33,1.0
11353,283,0.1,34,1.0
11354,283,0.1,35,1.0
11355,283,0.1,36,1.0
11356,283,0.1,37,1.0
11357,283,0.1,38,1.0
11358,283,0.1,39,1.0
11359,283,0.1,40,1.0
11360,284,0.1,1,0.6
11361,284,0.1,2,0.8
11362,284,0.1,3,0.8
11363,284,0.1,4,0.6
11364,284,0.1,5,0.6
11365,284,0.1,6,1.0
11366,284,0.1,7,1.0
11367,284,0.1,8,1.0
11368,284,0.1,9,1.0
11369,284,0.1,10,1.0
11370,284,0.1,11,1.0
11371,284,0.1,12,1.0
11372,284,0.1,13,1.0
11373,284,0.1,14,1.0
11374,284,0.1,15,1.0
11375,284,0.1,16,1.0
11376,284,0.1,17,1.0
11377,284,0.1,18,1.0
11378,284,0.1,19,1.0
11379,284,0.1,20,1.0
11380,284,0.1,21,1.0
11381,284,0.1,22,1.0
11382,284,0.1,23,1.0
11383,284,0.1,24,1.0
11384,284,0.1,25,1.0
11385,284,0.1,26,1.0
11386,284,0.1,27,1.0
11387,284,0.1,28,1.0
11388,284,0.1,29,1.0
11389,284,0.1,30,1.0
11390,284,0.1,31,1.0
11391,284,0.1,32,1.0
11392,284,0.1,33,1.0
11393,284,0.1,34,1.0
11394,284,0.1,35,1.0
11395,284,0.1,36,1.0
11396,284,0.1,37,1.0
11397,284,0.1,38,1.0
11398,284,0.1,39,1.0
11399,284,0.1,40,1.0
11400,285,0.1,1,0.0
11401,285,0.1,2,0.4
11402,285,0.1,3,0.4
11403,285,0.1,4,0.4
11404,285,0.1,5,0.4
11405,285,0.1,6,0.4
11406,285,0.1,7,0.6
11407,285,0.1,8,0.4
11408,285,0.1,9,0.6
11409,285,0.1,10,0.6
11410,285,0.1,11,0.6
11411,285,0.1,12,1.0
11412,285,0.1,13,1.0
11413,285,0.1,14,1.0
11414,285,0.1,15,1.0
11415,285,0.1,16,1.0
11416,285,0.1,17,1.0
11417,285,0.1,18,1.0
11418,285,0.1,19,1.0
11419,285,0.1,20,1.0
11420,285,0.1,21,1.0
11421,285,0.1,22,1.0
11422,285,0.1,23,1.0
11423,285,0.1,24,1.0
11424,285,0.1,25,1.0
11425,285,0.1,26,1.0
11426,285,0.1,27,1.0
11427,285,0.1,28,1.0
11428,285,0.1,29,1.0
11429,285,0.1,30,1.0
11430,285,0.1,31,1.0
11431,285,0.1,32,1.0
11432,285,0.1,33,1.0
11433,285,0.1,34,1.0
11434,285,0.1,35,1.0
11435,285,0.1,36,1.0
11436,285,0.1,37,1.0
11437,285,0.1,38,1.0
11438,285,0.1,39,1.0
11439,285,0.1,40,1.0
11440,286,0.1,1,1.0
11441,286,0.1,2,1.0
11442,286,0.1,3,1.0
11443,286,0.1,4,1.0
11444,286,0.1,5,1.0
11445,286,0.1,6,1.0
11446,286,0.1,7,1.0
11447,286,0.1,8,1.0
11448,286,0.1,9,1.0
11449,286,0.1,10,1.0
11450,286,0.1,11,1.0
11451,286,0.1,12,1.0
11452,286,0.1,13,1.0
11453,286,0.1,14,1.0
11454,286,0.1,15,1.0
11455,286,0.1,16,1.0
11456,286,0.1,17,1.0
11457,286,0.1,18,1.0
11458,286,0.1,19,1.0
11459,286,0.1,20,1.0
11460,286,0.1,21,1.0
11461,286,0.1,22,1.0
11462,286,0.1,23,1.0
11463,286,0.1,24,0.8
11464,286,0.1,25,0.8
11465,286,0.1,26,1.0
11466,286,0.1,27,1.0
11467,286,0.1,28,1.0
11468,286,0.1,29,1.0
11469,286,0.1,30,1.0
11470,286,0.1,31,1.0
11471,286,0.1,32,1.0
11472,286,0.1,33,1.0
11473,286,0.1,34,1.0
11474,286,0.1,35,1.0
11475,286,0.1,36,1.0
11476,286,0.1,37,1.0
11477,286,0.1,38,1.0
11478,286,0.1,39,1.0
11479,286,0.1,40,1.0
11480,287,0.1,1,0.0
11481,287,0.1,2,0.6
11482,287,0.1,3,0.6
11483,287,0.1,4,0.8
11484,287,0.1,5,0.6
11485,287,0.1,6,0.6
11486,287,0.1,7,0.6
11487,287,0.1,8,0.8
11488,287,0.1,9,0.8
11489,287,0.1,10,0.8
11490,287,0.1,11,1.0
11491,287,0.1,12,1.0
11492,287,0.1,13,1.0
11493,287,0.1,14,1.0
11494,287,0.1,15,1.0
11495,287,0.1,16,1.0
11496,287,0.1,17,1.0
11497,287,0.1,18,1.0
11498,287,0.1,19,1.0
11499,287,0.1,20,1.0
11500,287,0.1,21,1.0
11501,287,0.1,22,1.0
11502,287,0.1,23,1.0
11503,287,0.1,24,1.0
11504,287,0.1,25,1.0
11505,287,0.1,26,1.0
11506,287,0.1,27,1.0
11507,287,0.1,28,1.0
11508,287,0.1,29,1.0
11509,287,0.1,30,0.8
11510,287,0.1,31,1.0
11511,287,0.1,32,1.0
11512,287,0.1,33,1.0
11513,287,0.1,34,1.0
11514,287,0.1,35,1.0
11515,287,0.1,36,1.0
11516,287,0.1,37,1.0
11517,287,0.1,38,1.0
11518,287,0.1,39,1.0
11519,287,0.1,40,1.0
11520,288,0.1,1,1.0
11521,288,0.1,2,1.0
11522,288,0.1,3,1.0
11523,288,0.1,4,1.0
11524,288,0.1,5,1.0
11525,288,0.1,6,0.8
11526,288,0.1,7,0.8
11527,288,0.1,8,1.0
11528,288,0.1,9,1.0
11529,288,0.1,10,1.0
11530,288,0.1,11,1.0
11531,288,0.1,12,1.0
11532,288,0.1,13,1.0
11533,288,0.1,14,1.0
11534,288,0.1,15,1.0
11535,288,0.1,16,1.0
11536,288,0.1,17,1.0
11537,288,0.1,18,1.0
11538,288,0.1,19,1.0
11539,288,0.1,20,1.0
11540,288,0.1,21,1.0
11541,288,0.1,22,1.0
11542,288,0.1,23,1.0
11543,288,0.1,24,1.0
11544,288,0.1,25,1.0
11545,288,0.1,26,1.0
11546,288,0.1,27,1.0
11547,288,0.1,28,0.8
11548,288,0.1,29,0.8
11549,288,0.1,30,1.0
11550,288,0.1,31,1.0
11551,288,0.1,32,1.0
11552,288,0.1,33,1.0
11553,288,0.1,34,1.0
11554,288,0.1,35,1.0
11555,288,0.1,36,1.0
11556,288,0.1,37,1.0
11557,288,0.1,38,1.0
11558,288,0.1,39,1.0
11559,288,0.1,40,1.0
11560,289,0.1,1,0.8
11561,289,0.1,2,1.0
11562,289,0.1,3,0.8
11563,289,0.1,4,0.8
11564,289,0.1,5,0.8
11565,289,0.1,6,0.8
11566,289,0.1,7,0.8
11567,289,0.1,8,0.8
11568,289,0.1,9,0.8
11569,289,0.1,10,0.8
11570,289,0.1,11,0.8
11571,289,0.1,12,1.0
11572,289,0.1,13,0.8
11573,289,0.1,14,1.0
11574,289,0.1,15,1.0
11575,289,0.1,16,1.0
11576,289,0.1,17,1.0
11577,289,0.1,18,1.0
11578,289,0.1,19,1.0
11579,289,0.1,20,1.0
11580,289,0.1,21,1.0
11581,289,0.1,22,1.0
11582,289,0.1,23,1.0
11583,289,0.1,24,1.0
11584,289,0.1,25,1.0
11585,289,0.1,26,1.0
11586,289,0.1,27,1.0
11587,289,0.1,28,1.0
11588,289,0.1,29,1.0
11589,289,0.1,30,1.0
11590,289,0.1,31,1.0
11591,289,0.1,32,1.0
11592,289,0.1,33,1.0
11593,289,0.1,34,1.0
11594,289,0.1,35,1.0
11595,289,0.1,36,1.0
11596,289,0.1,37,1.0
11597,289,0.1,38,1.0
11598,289,0.1,39,1.0
11599,289,0.1,40,1.0
11600,290,0.1,1,0.6
11601,290,0.1,2,0.6
11602,290,0.1,3,0.4
11603,290,0.1,4,0.4
11604,290,0.1,5,0.4
11605,290,0.1,6,0.6
11606,290,0.1,7,0.8
11607,290,0.1,8,0.8
11608,290,0.1,9,0.6
11609,290,0.1,10,0.6
11610,290,0.1,11,0.6
11611,290,0.1,12,0.6
11612,290,0.1,13,0.6
11613,290,0.1,14,0.6
11614,290,0.1,15,0.6
11615,290,0.1,16,0.8
11616,290,0.1,17,0.6
11617,290,0.1,18,1.0
11618,290,0.1,19,0.8
11619,290,0.1,20,1.0
11620,290,0.1,21,1.0
11621,290,0.1,22,1.0
11622,290,0.1,23,1.0
11623,290,0.1,24,1.0
11624,290,0.1,25,0.8
11625,290,0.1,26,0.8
11626,290,0.1,27,0.8
11627,290,0.1,28,0.8
11628,290,0.1,29,0.8
11629,290,0.1,30,1.0
11630,290,0.1,31,0.8
11631,290,0.1,32,0.8
11632,290,0.1,33,0.8
11633,290,0.1,34,0.8
11634,290,0.1,35,0.8
11635,290,0.1,36,0.8
11636,290,0.1,37,0.8
11637,290,0.1,38,0.8
11638,290,0.1,39,0.8
11639,290,0.1,40,0.8
11640,291,0.1,1,0.8
11641,291,0.1,2,0.8
11642,291,0.1,3,0.8
11643,291,0.1,4,0.8
11644,291,0.1,5,0.8
11645,291,0.1,6,0.6
11646,291,0.1,7,0.8
11647,291,0.1,8,0.8
11648,291,0.1,9,0.8
11649,291,0.1,10,0.8
11650,291,0.1,11,1.0
11651,291,0.1,12,1.0
11652,291,0.1,13,1.0
11653,291,0.1,14,1.0
11654,291,0.1,15,1.0
11655,291,0.1,16,1.0
11656,291,0.1,17,1.0
11657,291,0.1,18,1.0
11658,291,0.1,19,1.0
11659,291,0.1,20,1.0
11660,291,0.1,21,1.0
11661,291,0.1,22,1.0
11662,291,0.1,23,1.0
11663,291,0.1,24,1.0
11664,291,0.1,25,0.8
11665,291,0.1,26,0.8
11666,291,0.1,27,0.8
11667,291,0.1,28,0.8
11668,291,0.1,29,0.8
11669,291,0.1,30,0.8
11670,291,0.1,31,0.8
11671,291,0.1,32,0.8
11672,291,0.1,33,0.8
11673,291,0.1,34,0.8
11674,291,0.1,35,0.8
11675,291,0.1,36,0.8
11676,291,0.1,37,0.8
11677,291,0.1,38,0.8
11678,291,0.1,39,0.8
11679,291,0.1,40,0.8
11680,292,0.1,1,0.6
11681,292,0.1,2,0.6
11682,292,0.1,3,0.6
11683,292,0.1,4,0.6
11684,292,0.1,5,0.4
11685,292,0.1,6,1.0
11686,292,0.1,7,0.8
11687,292,0.1,8,0.8
11688,292,0.1,9,1.0
11689,292,0.1,10,0.8
11690,292,0.1,11,0.8
11691,292,0.1,12,0.8
11692,292,0.1,13,1.0
11693,292,0.1,14,1.0
11694,292,0.1,15,1.0
11695,292,0.1,16,1.0
11696,292,0.1,17,0.8
11697,292,0.1,18,0.8
11698,292,0.1,19,0.8
11699,292,0.1,20,0.8
11700,292,0.1,21,0.8
11701,292,0.1,22,0.6
11702,292,0.1,23,0.6
11703,292,0.1,24,0.6
11704,292,0.1,25,0.6
11705,292,0.1,26,0.6
11706,292,0.1,27,0.6
11707,292,0.1,28,0.6
11708,292,0.1,29,0.6
11709,292,0.1,30,0.6
11710,292,0.1,31,0.6
11711,292,0.1,32,1.0
11712,292,0.1,33,1.0
11713,292,0.1,34,1.0
11714,292,0.1,35,1.0
11715,292,0.1,36,1.0
11716,292,0.1,37,1.0
11717,292,0.1,38,1.0
11718,292,0.1,39,1.0
11719,292,0.1,40,1.0
11720,293,0.1,1,0.6
11721,293,0.1,2,0.6
11722,293,0.1,3,0.6
11723,293,0.1,4,0.6
11724,293,0.1,5,0.6
11725,293,0.1,6,0.8
11726,293,0.1,7,0.8
11727,293,0.1,8,0.6
11728,293,0.1,9,0.8
11729,293,0.1,10,0.6
11730,293,0.1,11,0.6
11731,293,0.1,12,0.6
11732,293,0.1,13,0.8
11733,293,0.1,14,0.8
11734,293,0.1,15,0.8
11735,293,0.1,16,0.8
11736,293,0.1,17,0.8
11737,293,0.1,18,0.8
11738,293,0.1,19,0.8
11739,293,0.1,20,0.8
11740,293,0.1,21,1.0
11741,293,0.1,22,1.0
11742,293,0.1,23,1.0
11743,293,0.1,24,0.8
11744,293,0.1,25,0.8
11745,293,0.1,26,0.8
11746,293,0.1,27,1.0
11747,293,0.1,28,0.8
11748,293,0.1,29,0.8
11749,293,0.1,30,0.8
11750,293,0.1,31,0.8
11751,293,0.1,32,0.8
11752,293,0.1,33,0.8
11753,293,0.1,34,0.8
11754,293,0.1,35,0.8
11755,293,0.1,36,0.8
11756,293,0.1,37,0.8
11757,293,0.1,38,0.8
11758,293,0.1,39,0.8
11759,293,0.1,40,0.8
11760,294,0.1,1,0.0
11761,294,0.1,2,0.2
11762,294,0.1,3,0.4
11763,294,0.1,4,0.8
11764,294,0.1,5,0.8
11765,294,0.1,6,0.8
11766,294,0.1,7,0.8
11767,294,0.1,8,0.8
11768,294,0.1,9,0.8
11769,294,0.1,10,0.8
11770,294,0.1,11,0.8
11771,294,0.1,12,0.8
11772,294,0.1,13,0.8
11773,294,0.1,14,0.8
11774,294,0.1,15,0.8
11775,294,0.1,16,0.8
11776,294,0.1,17,0.8
11777,294,0.1,18,0.8
11778,294,0.1,19,0.8
11779,294,0.1,20,0.8
11780,294,0.1,21,0.8
11781,294,0.1,22,1.0
11782,294,0.1,23,1.0
11783,294,0.1,24,1.0
11784,294,0.1,25,1.0
11785,294,0.1,26,1.0
11786,294,0.1,27,1.0
11787,294,0.1,28,1.0
11788,294,0.1,29,1.0
11789,294,0.1,30,0.8
11790,294,0.1,31,1.0
11791,294,0.1,32,1.0
11792,294,0.1,33,0.8
11793,294,0.1,34,0.8
11794,294,0.1,35,1.0
11795,294,0.1,36,0.8
11796,294,0.1,37,0.8
11797,294,0.1,38,0.8
11798,294,0.1,39,0.8
11799,294,0.1,40,0.8
11800,295,0.1,1,1.0
11801,295,0.1,2,1.0
11802,295,0.1,3,1.0
11803,295,0.1,4,0.8
11804,295,0.1,5,0.8
11805,295,0.1,6,0.8
11806,295,0.1,7,0.8
11807,295,0.1,8,1.0
11808,295,0.1,9,1.0
11809,295,0.1,10,1.0
11810,295,0.1,11,0.8
11811,295,0.1,12,0.8
11812,295,0.1,13,1.0
11813,295,0.1,14,0.8
11814,295,0.1,15,1.0
11815,295,0.1,16,0.8
11816,295,0.1,17,0.8
11817,295,0.1,18,0.8
11818,295,0.1,19,0.8
11819,295,0.1,20,0.8
11820,295,0.1,21,0.8
11821,295,0.1,22,0.8
11822,295,0.1,23,0.8
11823,295,0.1,24,0.8
11824,295,0.1,25,0.8
11825,295,0.1,26,0.8
11826,295,0.1,27,0.8
11827,295,0.1,28,0.8
11828,295,0.1,29,0.8
11829,295,0.1,30,0.8
11830,295,0.1,31,1.0
11831,295,0.1,32,1.0
11832,295,0.1,33,1.0
11833,295,0.1,34,1.0
11834,295,0.1,35,1.0
11835,295,0.1,36,1.0
11836,295,0.1,37,1.0
11837,295,0.1,38,1.0
11838,295,0.1,39,1.0
11839,295,0.1,40,1.0
11840,296,0.1,1,0.0
11841,296,0.1,2,0.2
11842,296,0.1,3,0.2
11843,296,0.1,4,0.4
11844,296,0.1,5,0.2
11845,296,0.1,6,0.2
11846,296,0.1,7,0.2
11847,296,0.1,8,0.4
11848,296,0.1,9,0.4
11849,296,0.1,10,1.0
11850,296,0.1,11,1.0
11851,296,0.1,12,1.0
11852,296,0.1,13,1.0
11853,296,0.1,14,1.0
11854,296,0.1,15,1.0
11855,296,0.1,16,1.0
11856,296,0.1,17,1.0
11857,296,0.1,18,1.0
11858,296,0.1,19,1.0
11859,296,0.1,20,1.0
11860,296,0.1,21,1.0
11861,296,0.1,22,1.0
11862,296,0.1,23,1.0
11863,296,0.1,24,1.0
11864,296,0.1,25,1.0
11865,296,0.1,26,1.0
11866,296,0.1,27,1.0
11867,296,0.1,28,1.0
11868,296,0.1,29,1.0
11869,296,0.1,30,1.0
11870,296,0.1,31,0.8
11871,296,0.1,32,0.8
11872,296,0.1,33,1.0
11873,296,0.1,34,1.0
11874,296,0.1,35,1.0
11875,296,0.1,36,1.0
11876,296,0.1,37,1.0
11877,296,0.1,38,1.0
11878,296,0.1,39,1.0
11879,296,0.1,40,1.0
11880,297,0.1,1,1.0
11881,297,0.1,2,1.0
11882,297,0.1,3,1.0
11883,297,0.1,4,1.0
11884,297,0.1,5,1.0
11885,297,0.1,6,1.0
11886,297,0.1,7,1.0
11887,297,0.1,8,1.0
11888,297,0.1,9,1.0
11889,297,0.1,10,1.0
11890,297,0.1,11,0.8
11891,297,0.1,12,0.8
11892,297,0.1,13,0.8
11893,297,0.1,14,0.8
11894,297,0.1,15,0.8
11895,297,0.1,16,0.8
11896,297,0.1,17,0.8
11897,297,0.1,18,0.8
11898,297,0.1,19,0.8
11899,297,0.1,20,0.8
11900,297,0.1,21,0.8
11901,297,0.1,22,1.0
11902,297,0.1,23,1.0
11903,297,0.1,24,0.8
11904,297,0.1,25,0.8
11905,297,0.1,26,0.8
11906,297,0.1,27,0.8
11907,297,0.1,28,0.8
11908,297,0.1,29,0.8
11909,297,0.1,30,0.8
11910,297,0.1,31,0.8
11911,297,0.1,32,0.8
11912,297,0.1,33,1.0
11913,297,0.1,34,1.0
11914,297,0.1,35,0.8
11915,297,0.1,36,0.8
11916,297,0.1,37,0.8
11917,297,0.1,38,0.8
11918,297,0.1,39,0.8
11919,297,0.1,40,0.8
11920,298,0.1,1,0.8
11921,298,0.1,2,0.8
11922,298,0.1,3,0.8
11923,298,0.1,4,0.8
11924,298,0.1,5,0.6
11925,298,0.1,6,0.6
11926,298,0.1,7,0.8
11927,298,0.1,8,0.6
11928,298,0.1,9,0.8
11929,298,0.1,10,0.8
11930,298,0.1,11,0.8
11931,298,0.1,12,0.8
11932,298,0.1,13,0.8
11933,298,0.1,14,0.6
11934,298,0.1,15,0.6
11935,298,0.1,16,0.6
11936,298,0.1,17,0.6
11937,298,0.1,18,0.8
11938,298,0.1,19,0.6
11939,298,0.1,20,0.6
11940,298,0.1,21,0.6
11941,298,0.1,22,0.6
11942,298,0.1,23,0.6
11943,298,0.1,24,0.6
11944,298,0.1,25,0.6
11945,298,0.1,26,0.6
11946,298,0.1,27,0.6
11947,298,0.1,28,0.6
11948,298,0.1,29,0.6
11949,298,0.1,30,0.6
11950,298,0.1,31,0.6
11951,298,0.1,32,0.6
11952,298,0.1,33,0.6
11953,298,0.1,34,0.6
11954,298,0.1,35,0.6
11955,298,0.1,36,0.6
11956,298,0.1,37,0.6
11957,298,0.1,38,0.6
11958,298,0.1,39,0.6
11959,298,0.1,40,0.6
11960,299,0.1,1,0.6
11961,299,0.1,2,0.6
11962,299,0.1,3,0.6
11963,299,0.1,4,0.6
11964,299,0.1,5,0.6
11965,299,0.1,6,0.6
11966,299,0.1,7,0.6
11967,299,0.1,8,0.6
11968,299,0.1,9,0.6
11969,299,0.1,10,0.6
11970,299,0.1,11,0.8
11971,299,0.1,12,0.6
11972,299,0.1,13,0.6
11973,299,0.1,14,0.4
11974,299,0.1,15,0.6
11975,299,0.1,16,0.6
11976,299,0.1,17,0.6
11977,299,0.1,18,0.4
11978,299,0.1,19,0.6
11979,299,0.1,20,0.6
11980,299,0.1,21,0.6
11981,299,0.1,22,0.6
11982,299,0.1,23,1.0
11983,299,0.1,24,1.0
11984,299,0.1,25,1.0
11985,299,0.1,26,1.0
11986,299,0.1,27,1.0
11987,299,0.1,28,1.0
11988,299,0.1,29,1.0
11989,299,0.1,30,1.0
11990,299,0.1,31,1.0
11991,299,0.1,32,1.0
11992,299,0.1,33,1.0
11993,299,0.1,34,1.0
11994,299,0.1,35,1.0
11995,299,0.1,36,1.0
11996,299,0.1,37,1.0
11997,299,0.1,38,1.0
11998,299,0.1,39,1.0
11999,299,0.1,40,1.0
12000,300,0.1,1,0.8
12001,300,0.1,2,0.8
12002,300,0.1,3,0.8
12003,300,0.1,4,0.8
12004,300,0.1,5,1.0
12005,300,0.1,6,0.8
12006,300,0.1,7,0.8
12007,300,0.1,8,0.8
12008,300,0.1,9,0.8
12009,300,0.1,10,0.8
12010,300,0.1,11,0.8
12011,300,0.1,12,1.0
12012,300,0.1,13,0.8
12013,300,0.1,14,0.8
12014,300,0.1,15,0.8
12015,300,0.1,16,0.8
12016,300,0.1,17,0.8
12017,300,0.1,18,0.8
12018,300,0.1,19,0.8
12019,300,0.1,20,0.8
12020,300,0.1,21,0.8
12021,300,0.1,22,0.8
12022,300,0.1,23,0.8
12023,300,0.1,24,0.8
12024,300,0.1,25,0.8
12025,300,0.1,26,0.8
12026,300,0.1,27,0.8
12027,300,0.1,28,0.8
12028,300,0.1,29,0.8
12029,300,0.1,30,0.8
12030,300,0.1,31,0.8
12031,300,0.1,32,0.8
12032,300,0.1,33,0.8
12033,300,0.1,34,0.8
12034,300,0.1,35,0.8
12035,300,0.1,36,0.8
12036,300,0.1,37,0.8
12037,300,0.1,38,0.8
12038,300,0.1,39,0.8
12039,300,0.1,40,0.8
12040,301,0.1,1,0.6
12041,301,0.1,2,0.6
12042,301,0.1,3,0.6
12043,301,0.1,4,0.6
12044,301,0.1,5,0.6
12045,301,0.1,6,0.6
12046,301,0.1,7,0.6
12047,301,0.1,8,0.6
12048,301,0.1,9,0.6
12049,301,0.1,10,0.4
12050,301,0.1,11,0.6
12051,301,0.1,12,0.6
12052,301,0.1,13,0.6
12053,301,0.1,14,0.6
12054,301,0.1,15,0.6
12055,301,0.1,16,0.4
12056,301,0.1,17,0.6
12057,301,0.1,18,0.6
12058,301,0.1,19,0.6
12059,301,0.1,20,1.0
12060,301,0.1,21,1.0
12061,301,0.1,22,1.0
12062,301,0.1,23,1.0
12063,301,0.1,24,1.0
12064,301,0.1,25,1.0
12065,301,0.1,26,1.0
12066,301,0.1,27,1.0
12067,301,0.1,28,1.0
12068,301,0.1,29,1.0
12069,301,0.1,30,1.0
12070,301,0.1,31,1.0
12071,301,0.1,32,1.0
12072,301,0.1,33,1.0
12073,301,0.1,34,1.0
12074,301,0.1,35,1.0
12075,301,0.1,36,1.0
12076,301,0.1,37,1.0
12077,301,0.1,38,1.0
12078,301,0.1,39,1.0
12079,301,0.1,40,1.0
12080,302,0.1,1,0.6
12081,302,0.1,2,0.6
12082,302,0.1,3,0.6
12083,302,0.1,4,0.8
12084,302,0.1,5,0.6
12085,302,0.1,6,1.0
12086,302,0.1,7,0.8
12087,302,0.1,8,0.8
12088,302,0.1,9,0.8
12089,302,0.1,10,0.8
12090,302,0.1,11,0.8
12091,302,0.1,12,0.8
12092,302,0.1,13,0.8
12093,302,0.1,14,0.8
12094,302,0.1,15,1.0
12095,302,0.1,16,1.0
12096,302,0.1,17,1.0
12097,302,0.1,18,1.0
12098,302,0.1,19,1.0
12099,302,0.1,20,1.0
12100,302,0.1,21,1.0
12101,302,0.1,22,1.0
12102,302,0.1,23,1.0
12103,302,0.1,24,1.0
12104,302,0.1,25,1.0
12105,302,0.1,26,1.0
12106,302,0.1,27,1.0
12107,302,0.1,28,1.0
12108,302,0.1,29,1.0
12109,302,0.1,30,1.0
12110,302,0.1,31,1.0
12111,302,0.1,32,1.0
12112,302,0.1,33,0.8
12113,302,0.1,34,0.8
12114,302,0.1,35,0.8
12115,302,0.1,36,0.8
12116,302,0.1,37,0.8
12117,302,0.1,38,0.8
12118,302,0.1,39,0.6
12119,302,0.1,40,0.8
12120,303,0.1,1,0.0
12121,303,0.1,2,0.2
12122,303,0.1,3,0.4
12123,303,0.1,4,0.4
12124,303,0.1,5,1.0
12125,303,0.1,6,0.8
12126,303,0.1,7,0.8
12127,303,0.1,8,0.8
12128,303,0.1,9,0.8
12129,303,0.1,10,0.8
12130,303,0.1,11,0.8
12131,303,0.1,12,0.8
12132,303,0.1,13,0.8
12133,303,0.1,14,0.8
12134,303,0.1,15,0.8
12135,303,0.1,16,0.8
12136,303,0.1,17,0.8
12137,303,0.1,18,0.8
12138,303,0.1,19,0.8
12139,303,0.1,20,0.8
12140,303,0.1,21,0.8
12141,303,0.1,22,0.8
12142,303,0.1,23,0.8
12143,303,0.1,24,0.8
12144,303,0.1,25,0.8
12145,303,0.1,26,0.8
12146,303,0.1,27,0.8
12147,303,0.1,28,1.0
12148,303,0.1,29,0.8
12149,303,0.1,30,1.0
12150,303,0.1,31,1.0
12151,303,0.1,32,1.0
12152,303,0.1,33,1.0
12153,303,0.1,34,1.0
12154,303,0.1,35,1.0
12155,303,0.1,36,1.0
12156,303,0.1,37,1.0
12157,303,0.1,38,1.0
12158,303,0.1,39,1.0
12159,303,0.1,40,1.0
12160,304,0.1,1,1.0
12161,304,0.1,2,1.0
12162,304,0.1,3,1.0
12163,304,0.1,4,1.0
12164,304,0.1,5,0.8
12165,304,0.1,6,1.0
12166,304,0.1,7,1.0
12167,304,0.1,8,1.0
12168,304,0.1,9,1.0
12169,304,0.1,10,1.0
12170,304,0.1,11,1.0
12171,304,0.1,12,1.0
12172,304,0.1,13,1.0
12173,304,0.1,14,1.0
12174,304,0.1,15,1.0
12175,304,0.1,16,1.0
12176,304,0.1,17,1.0
12177,304,0.1,18,1.0
12178,304,0.1,19,1.0
12179,304,0.1,20,1.0
12180,304,0.1,21,1.0
12181,304,0.1,22,1.0
12182,304,0.1,23,1.0
12183,304,0.1,24,1.0
12184,304,0.1,25,1.0
12185,304,0.1,26,1.0
12186,304,0.1,27,1.0
12187,304,0.1,28,1.0
12188,304,0.1,29,1.0
12189,304,0.1,30,1.0
12190,304,0.1,31,1.0
12191,304,0.1,32,1.0
12192,304,0.1,33,1.0
12193,304,0.1,34,1.0
12194,304,0.1,35,1.0
12195,304,0.1,36,1.0
12196,304,0.1,37,1.0
12197,304,0.1,38,1.0
12198,304,0.1,39,1.0
12199,304,0.1,40,1.0
12200,305,0.1,1,0.0
12201,305,0.1,2,0.8
12202,305,0.1,3,0.8
12203,305,0.1,4,0.8
12204,305,0.1,5,0.8
12205,305,0.1,6,0.8
12206,305,0.1,7,0.8
12207,305,0.1,8,0.8
12208,305,0.1,9,0.8
12209,305,0.1,10,0.8
12210,305,0.1,11,0.8
12211,305,0.1,12,0.8
12212,305,0.1,13,1.0
12213,305,0.1,14,1.0
12214,305,0.1,15,1.0
12215,305,0.1,16,1.0
12216,305,0.1,17,1.0
12217,305,0.1,18,1.0
12218,305,0.1,19,0.8
12219,305,0.1,20,1.0
12220,305,0.1,21,1.0
12221,305,0.1,22,1.0
12222,305,0.1,23,1.0
12223,305,0.1,24,1.0
12224,305,0.1,25,1.0
12225,305,0.1,26,1.0
12226,305,0.1,27,1.0
12227,305,0.1,28,1.0
12228,305,0.1,29,1.0
12229,305,0.1,30,1.0
12230,305,0.1,31,1.0
12231,305,0.1,32,1.0
12232,305,0.1,33,1.0
12233,305,0.1,34,1.0
12234,305,0.1,35,1.0
12235,305,0.1,36,1.0
12236,305,0.1,37,1.0
12237,305,0.1,38,1.0
12238,305,0.1,39,1.0
12239,305,0.1,40,1.0
12240,306,0.1,1,1.0
12241,306,0.1,2,1.0
12242,306,0.1,3,1.0
12243,306,0.1,4,1.0
12244,306,0.1,5,0.8
12245,306,0.1,6,1.0
12246,306,0.1,7,1.0
12247,306,0.1,8,0.8
12248,306,0.1,9,0.8
12249,306,0.1,10,0.8
12250,306,0.1,11,0.8
12251,306,0.1,12,0.8
12252,306,0.1,13,0.8
12253,306,0.1,14,0.8
12254,306,0.1,15,0.8
12255,306,0.1,16,0.8
12256,306,0.1,17,0.8
12257,306,0.1,18,0.8
12258,306,0.1,19,0.8
12259,306,0.1,20,0.8
12260,306,0.1,21,0.8
12261,306,0.1,22,0.8
12262,306,0.1,23,0.8
12263,306,0.1,24,0.8
12264,306,0.1,25,0.8
12265,306,0.1,26,0.8
12266,306,0.1,27,0.8
12267,306,0.1,28,1.0
12268,306,0.1,29,1.0
12269,306,0.1,30,1.0
12270,306,0.1,31,1.0
12271,306,0.1,32,0.8
12272,306,0.1,33,0.8
12273,306,0.1,34,0.8
12274,306,0.1,35,0.8
12275,306,0.1,36,0.8
12276,306,0.1,37,1.0
12277,306,0.1,38,1.0
12278,306,0.1,39,1.0
12279,306,0.1,40,1.0
12280,307,0.1,1,0.8
12281,307,0.1,2,0.8
12282,307,0.1,3,1.0
12283,307,0.1,4,1.0
12284,307,0.1,5,1.0
12285,307,0.1,6,1.0
12286,307,0.1,7,1.0
12287,307,0.1,8,1.0
12288,307,0.1,9,1.0
12289,307,0.1,10,1.0
12290,307,0.1,11,1.0
12291,307,0.1,12,1.0
12292,307,0.1,13,1.0
12293,307,0.1,14,0.8
12294,307,0.1,15,1.0
12295,307,0.1,16,0.8
12296,307,0.1,17,0.8
12297,307,0.1,18,0.8
12298,307,0.1,19,0.8
12299,307,0.1,20,0.8
12300,307,0.1,21,0.8
12301,307,0.1,22,0.8
12302,307,0.1,23,0.8
12303,307,0.1,24,0.8
12304,307,0.1,25,0.8
12305,307,0.1,26,0.8
12306,307,0.1,27,0.8
12307,307,0.1,28,0.8
12308,307,0.1,29,0.8
12309,307,0.1,30,0.8
12310,307,0.1,31,0.8
12311,307,0.1,32,0.8
12312,307,0.1,33,0.8
12313,307,0.1,34,0.8
12314,307,0.1,35,0.8
12315,307,0.1,36,0.8
12316,307,0.1,37,0.8
12317,307,0.1,38,0.8
12318,307,0.1,39,0.8
12319,307,0.1,40,0.8
12320,308,0.1,1,0.6
12321,308,0.1,2,0.6
12322,308,0.1,3,0.6
12323,308,0.1,4,0.6
12324,308,0.1,5,0.6
12325,308,0.1,6,0.6
12326,308,0.1,7,0.6
12327,308,0.1,8,0.6
12328,308,0.1,9,0.6
12329,308,0.1,10,0.6
12330,308,0.1,11,0.8
12331,308,0.1,12,0.8
12332,308,0.1,13,0.8
12333,308,0.1,14,0.6
12334,308,0.1,15,0.6
12335,308,0.1,16,0.8
12336,308,0.1,17,0.8
12337,308,0.1,18,0.8
12338,308,0.1,19,0.8
12339,308,0.1,20,0.8
12340,308,0.1,21,0.8
12341,308,0.1,22,0.8
12342,308,0.1,23,0.6
12343,308,0.1,24,0.6
12344,308,0.1,25,0.6
12345,308,0.1,26,0.6
12346,308,0.1,27,0.6
12347,308,0.1,28,0.6
12348,308,0.1,29,0.6
12349,308,0.1,30,0.6
12350,308,0.1,31,0.6
12351,308,0.1,32,0.6
12352,308,0.1,33,0.6
12353,308,0.1,34,0.6
12354,308,0.1,35,0.6
12355,308,0.1,36,0.6
12356,308,0.1,37,0.6
12357,308,0.1,38,0.6
12358,308,0.1,39,0.6
12359,308,0.1,40,0.6
12360,309,0.1,1,0.8
12361,309,0.1,2,0.8
12362,309,0.1,3,0.8
12363,309,0.1,4,0.4
12364,309,0.1,5,0.8
12365,309,0.1,6,0.8
12366,309,0.1,7,1.0
12367,309,0.1,8,0.8
12368,309,0.1,9,1.0
12369,309,0.1,10,1.0
12370,309,0.1,11,1.0
12371,309,0.1,12,1.0
12372,309,0.1,13,1.0
12373,309,0.1,14,1.0
12374,309,0.1,15,1.0
12375,309,0.1,16,1.0
12376,309,0.1,17,1.0
12377,309,0.1,18,1.0
12378,309,0.1,19,1.0
12379,309,0.1,20,1.0
12380,309,0.1,21,1.0
12381,309,0.1,22,1.0
12382,309,0.1,23,1.0
12383,309,0.1,24,1.0
12384,309,0.1,25,1.0
12385,309,0.1,26,1.0
12386,309,0.1,27,1.0
12387,309,0.1,28,1.0
12388,309,0.1,29,1.0
12389,309,0.1,30,0.8
12390,309,0.1,31,0.8
12391,309,0.1,32,1.0
12392,309,0.1,33,1.0
12393,309,0.1,34,1.0
12394,309,0.1,35,0.8
12395,309,0.1,36,0.8
12396,309,0.1,37,0.8
12397,309,0.1,38,0.8
12398,309,0.1,39,0.8
12399,309,0.1,40,0.8
12400,310,0.1,1,0.6
12401,310,0.1,2,0.8
12402,310,0.1,3,0.8
12403,310,0.1,4,1.0
12404,310,0.1,5,1.0
12405,310,0.1,6,1.0
12406,310,0.1,7,1.0
12407,310,0.1,8,0.8
12408,310,0.1,9,0.8
12409,310,0.1,10,1.0
12410,310,0.1,11,1.0
12411,310,0.1,12,1.0
12412,310,0.1,13,1.0
12413,310,0.1,14,1.0
12414,310,0.1,15,1.0
12415,310,0.1,16,1.0
12416,310,0.1,17,1.0
12417,310,0.1,18,1.0
12418,310,0.1,19,1.0
12419,310,0.1,20,1.0
12420,310,0.1,21,1.0
12421,310,0.1,22,1.0
12422,310,0.1,23,1.0
12423,310,0.1,24,1.0
12424,310,0.1,25,1.0
12425,310,0.1,26,1.0
12426,310,0.1,27,1.0
12427,310,0.1,28,1.0
12428,310,0.1,29,1.0
12429,310,0.1,30,1.0
12430,310,0.1,31,1.0
12431,310,0.1,32,1.0
12432,310,0.1,33,1.0
12433,310,0.1,34,1.0
12434,310,0.1,35,1.0
12435,310,0.1,36,1.0
12436,310,0.1,37,1.0
12437,310,0.1,38,1.0
12438,310,0.1,39,1.0
12439,310,0.1,40,1.0
12440,311,0.1,1,0.6
12441,311,0.1,2,0.6
12442,311,0.1,3,0.6
12443,311,0.1,4,0.4
12444,311,0.1,5,0.8
12445,311,0.1,6,0.6
12446,311,0.1,7,0.6
12447,311,0.1,8,0.6
12448,311,0.1,9,0.6
12449,311,0.1,10,0.8
12450,311,0.1,11,0.6
12451,311,0.1,12,0.8
12452,311,0.1,13,0.8
12453,311,0.1,14,0.8
12454,311,0.1,15,0.8
12455,311,0.1,16,0.8
12456,311,0.1,17,0.8
12457,311,0.1,18,0.6
12458,311,0.1,19,0.6
12459,311,0.1,20,0.6
12460,311,0.1,21,0.6
12461,311,0.1,22,0.6
12462,311,0.1,23,0.6
12463,311,0.1,24,0.6
12464,311,0.1,25,0.6
12465,311,0.1,26,0.6
12466,311,0.1,27,0.6
12467,311,0.1,28,0.6
12468,311,0.1,29,0.6
12469,311,0.1,30,0.6
12470,311,0.1,31,0.6
12471,311,0.1,32,0.6
12472,311,0.1,33,0.6
12473,311,0.1,34,0.6
12474,311,0.1,35,0.8
12475,311,0.1,36,0.8
12476,311,0.1,37,0.6
12477,311,0.1,38,0.6
12478,311,0.1,39,0.6
12479,311,0.1,40,0.6
12480,312,0.1,1,0.0
12481,312,0.1,2,0.4
12482,312,0.1,3,0.6
12483,312,0.1,4,0.6
12484,312,0.1,5,0.6
12485,312,0.1,6,0.4
12486,312,0.1,7,0.8
12487,312,0.1,8,0.8
12488,312,0.1,9,0.6
12489,312,0.1,10,0.8
12490,312,0.1,11,0.6
12491,312,0.1,12,0.6
12492,312,0.1,13,0.6
12493,312,0.1,14,0.6
12494,312,0.1,15,1.0
12495,312,0.1,16,1.0
12496,312,0.1,17,1.0
12497,312,0.1,18,1.0
12498,312,0.1,19,1.0
12499,312,0.1,20,1.0
12500,312,0.1,21,0.8
12501,312,0.1,22,1.0
12502,312,0.1,23,1.0
12503,312,0.1,24,1.0
12504,312,0.1,25,1.0
12505,312,0.1,26,1.0
12506,312,0.1,27,1.0
12507,312,0.1,28,1.0
12508,312,0.1,29,1.0
12509,312,0.1,30,1.0
12510,312,0.1,31,1.0
12511,312,0.1,32,1.0
12512,312,0.1,33,0.8
12513,312,0.1,34,0.8
12514,312,0.1,35,0.8
12515,312,0.1,36,0.8
12516,312,0.1,37,0.8
12517,312,0.1,38,0.8
12518,312,0.1,39,0.8
12519,312,0.1,40,0.8
12520,313,0.1,1,1.0
12521,313,0.1,2,1.0
12522,313,0.1,3,1.0
12523,313,0.1,4,1.0
12524,313,0.1,5,0.8
12525,313,0.1,6,0.8
12526,313,0.1,7,0.8
12527,313,0.1,8,0.8
12528,313,0.1,9,0.8
12529,313,0.1,10,0.8
12530,313,0.1,11,0.8
12531,313,0.1,12,1.0
12532,313,0.1,13,1.0
12533,313,0.1,14,1.0
12534,313,0.1,15,0.8
12535,313,0.1,16,1.0
12536,313,0.1,17,1.0
12537,313,0.1,18,1.0
12538,313,0.1,19,1.0
12539,313,0.1,20,1.0
12540,313,0.1,21,1.0
12541,313,0.1,22,0.8
12542,313,0.1,23,1.0
12543,313,0.1,24,1.0
12544,313,0.1,25,1.0
12545,313,0.1,26,1.0
12546,313,0.1,27,1.0
12547,313,0.1,28,1.0
12548,313,0.1,29,1.0
12549,313,0.1,30,1.0
12550,313,0.1,31,1.0
12551,313,0.1,32,1.0
12552,313,0.1,33,1.0
12553,313,0.1,34,1.0
12554,313,0.1,35,1.0
12555,313,0.1,36,1.0
12556,313,0.1,37,1.0
12557,313,0.1,38,1.0
12558,313,0.1,39,1.0
12559,313,0.1,40,1.0
12560,314,0.1,1,0.0
12561,314,0.1,2,0.6
12562,314,0.1,3,0.8
12563,314,0.1,4,0.8
12564,314,0.1,5,0.8
12565,314,0.1,6,0.8
12566,314,0.1,7,0.8
12567,314,0.1,8,0.8
12568,314,0.1,9,0.8
12569,314,0.1,10,1.0
12570,314,0.1,11,0.8
12571,314,0.1,12,0.8
12572,314,0.1,13,1.0
12573,314,0.1,14,1.0
12574,314,0.1,15,1.0
12575,314,0.1,16,1.0
12576,314,0.1,17,1.0
12577,314,0.1,18,1.0
12578,314,0.1,19,1.0
12579,314,0.1,20,1.0
12580,314,0.1,21,1.0
12581,314,0.1,22,1.0
12582,314,0.1,23,1.0
12583,314,0.1,24,1.0
12584,314,0.1,25,1.0
12585,314,0.1,26,1.0
12586,314,0.1,27,1.0
12587,314,0.1,28,1.0
12588,314,0.1,29,1.0
12589,314,0.1,30,1.0
12590,314,0.1,31,1.0
12591,314,0.1,32,1.0
12592,314,0.1,33,1.0
12593,314,0.1,34,1.0
12594,314,0.1,35,1.0
12595,314,0.1,36,1.0
12596,314,0.1,37,1.0
12597,314,0.1,38,1.0
12598,314,0.1,39,1.0
12599,314,0.1,40,1.0
12600,315,0.1,1,1.0
12601,315,0.1,2,1.0
12602,315,0.1,3,1.0
12603,315,0.1,4,1.0
12604,315,0.1,5,1.0
12605,315,0.1,6,1.0
12606,315,0.1,7,1.0
12607,315,0.1,8,1.0
12608,315,0.1,9,1.0
12609,315,0.1,10,1.0
12610,315,0.1,11,1.0
12611,315,0.1,12,1.0
12612,315,0.1,13,1.0
12613,315,0.1,14,1.0
12614,315,0.1,15,1.0
12615,315,0.1,16,1.0
12616,315,0.1,17,1.0
12617,315,0.1,18,1.0
12618,315,0.1,19,1.0
12619,315,0.1,20,1.0
12620,315,0.1,21,1.0
12621,315,0.1,22,1.0
12622,315,0.1,23,1.0
12623,315,0.1,24,1.0
12624,315,0.1,25,1.0
12625,315,0.1,26,1.0
12626,315,0.1,27,1.0
12627,315,0.1,28,1.0
12628,315,0.1,29,1.0
12629,315,0.1,30,1.0
12630,315,0.1,31,1.0
12631,315,0.1,32,1.0
12632,315,0.1,33,1.0
12633,315,0.1,34,1.0
12634,315,0.1,35,1.0
12635,315,0.1,36,0.8
12636,315,0.1,37,0.8
12637,315,0.1,38,0.8
12638,315,0.1,39,0.8
12639,315,0.1,40,0.8
12640,316,0.1,1,0.8
12641,316,0.1,2,0.8
12642,316,0.1,3,0.8
12643,316,0.1,4,0.8
12644,316,0.1,5,0.6
12645,316,0.1,6,0.8
12646,316,0.1,7,1.0
12647,316,0.1,8,0.8
12648,316,0.1,9,0.8
12649,316,0.1,10,0.8
12650,316,0.1,11,0.8
12651,316,0.1,12,0.8
12652,316,0.1,13,0.8
12653,316,0.1,14,0.8
12654,316,0.1,15,0.8
12655,316,0.1,16,0.8
12656,316,0.1,17,0.8
12657,316,0.1,18,0.8
12658,316,0.1,19,0.8
12659,316,0.1,20,0.8
12660,316,0.1,21,1.0
12661,316,0.1,22,1.0
12662,316,0.1,23,1.0
12663,316,0.1,24,0.8
12664,316,0.1,25,0.8
12665,316,0.1,26,0.8
12666,316,0.1,27,0.6
12667,316,0.1,28,0.8
12668,316,0.1,29,0.8
12669,316,0.1,30,0.8
12670,316,0.1,31,0.8
12671,316,0.1,32,0.8
12672,316,0.1,33,0.8
12673,316,0.1,34,0.8
12674,316,0.1,35,1.0
12675,316,0.1,36,1.0
12676,316,0.1,37,0.6
12677,316,0.1,38,0.8
12678,316,0.1,39,0.6
12679,316,0.1,40,0.8
12680,317,0.1,1,0.6
12681,317,0.1,2,0.6
12682,317,0.1,3,0.6
12683,317,0.1,4,0.6
12684,317,0.1,5,0.6
12685,317,0.1,6,0.8
12686,317,0.1,7,0.8
12687,317,0.1,8,0.6
12688,317,0.1,9,0.6
12689,317,0.1,10,0.6
12690,317,0.1,11,0.6
12691,317,0.1,12,0.6
12692,317,0.1,13,0.6
12693,317,0.1,14,0.8
12694,317,0.1,15,0.8
12695,317,0.1,16,0.8
12696,317,0.1,17,0.8
12697,317,0.1,18,0.8
12698,317,0.1,19,0.8
12699,317,0.1,20,0.8
12700,317,0.1,21,0.8
12701,317,0.1,22,0.8
12702,317,0.1,23,0.8
12703,317,0.1,24,0.8
12704,317,0.1,25,0.8
12705,317,0.1,26,0.8
12706,317,0.1,27,0.8
12707,317,0.1,28,0.8
12708,317,0.1,29,0.8
12709,317,0.1,30,0.8
12710,317,0.1,31,0.8
12711,317,0.1,32,0.8
12712,317,0.1,33,0.8
12713,317,0.1,34,0.8
12714,317,0.1,35,0.8
12715,317,0.1,36,0.8
12716,317,0.1,37,0.8
12717,317,0.1,38,0.8
12718,317,0.1,39,0.8
12719,317,0.1,40,0.8
12720,318,0.1,1,0.8
12721,318,0.1,2,0.8
12722,318,0.1,3,0.8
12723,318,0.1,4,0.8
12724,318,0.1,5,0.8
12725,318,0.1,6,0.8
12726,318,0.1,7,0.8
12727,318,0.1,8,1.0
12728,318,0.1,9,1.0
12729,318,0.1,10,0.8
12730,318,0.1,11,0.8
12731,318,0.1,12,0.8
12732,318,0.1,13,0.8
12733,318,0.1,14,0.8
12734,318,0.1,15,0.8
12735,318,0.1,16,1.0
12736,318,0.1,17,1.0
12737,318,0.1,18,1.0
12738,318,0.1,19,1.0
12739,318,0.1,20,1.0
12740,318,0.1,21,1.0
12741,318,0.1,22,1.0
12742,318,0.1,23,1.0
12743,318,0.1,24,1.0
12744,318,0.1,25,1.0
12745,318,0.1,26,1.0
12746,318,0.1,27,1.0
12747,318,0.1,28,1.0
12748,318,0.1,29,1.0
12749,318,0.1,30,1.0
12750,318,0.1,31,1.0
12751,318,0.1,32,1.0
12752,318,0.1,33,1.0
12753,318,0.1,34,1.0
12754,318,0.1,35,1.0
12755,318,0.1,36,1.0
12756,318,0.1,37,1.0
12757,318,0.1,38,1.0
12758,318,0.1,39,1.0
12759,318,0.1,40,1.0
12760,319,0.1,1,0.6
12761,319,0.1,2,0.6
12762,319,0.1,3,0.6
12763,319,0.1,4,0.6
12764,319,0.1,5,0.6
12765,319,0.1,6,0.6
12766,319,0.1,7,0.6
12767,319,0.1,8,0.6
12768,319,0.1,9,0.4
12769,319,0.1,10,0.6
12770,319,0.1,11,0.4
12771,319,0.1,12,0.6
12772,319,0.1,13,0.6
12773,319,0.1,14,0.4
12774,319,0.1,15,0.8
12775,319,0.1,16,0.6
12776,319,0.1,17,1.0
12777,319,0.1,18,0.8
12778,319,0.1,19,0.6
12779,319,0.1,20,0.6
12780,319,0.1,21,0.6
12781,319,0.1,22,0.6
12782,319,0.1,23,0.6
12783,319,0.1,24,0.6
12784,319,0.1,25,0.6
12785,319,0.1,26,0.6
12786,319,0.1,27,0.6
12787,319,0.1,28,0.6
12788,319,0.1,29,1.0
12789,319,0.1,30,1.0
12790,319,0.1,31,1.0
12791,319,0.1,32,1.0
12792,319,0.1,33,1.0
12793,319,0.1,34,1.0
12794,319,0.1,35,1.0
12795,319,0.1,36,1.0
12796,319,0.1,37,1.0
12797,319,0.1,38,1.0
12798,319,0.1,39,1.0
12799,319,0.1,40,1.0
12800,320,0.1,1,0.6
12801,320,0.1,2,1.0
12802,320,0.1,3,0.8
12803,320,0.1,4,0.6
12804,320,0.1,5,1.0
12805,320,0.1,6,1.0
12806,320,0.1,7,0.8
12807,320,0.1,8,1.0
12808,320,0.1,9,0.8
12809,320,0.1,10,1.0
12810,320,0.1,11,1.0
12811,320,0.1,12,1.0
12812,320,0.1,13,1.0
12813,320,0.1,14,1.0
12814,320,0.1,15,1.0
12815,320,0.1,16,1.0
12816,320,0.1,17,1.0
12817,320,0.1,18,0.8
12818,320,0.1,19,0.8
12819,320,0.1,20,0.8
12820,320,0.1,21,0.8
12821,320,0.1,22,0.8
12822,320,0.1,23,0.8
12823,320,0.1,24,0.8
12824,320,0.1,25,0.8
12825,320,0.1,26,0.8
12826,320,0.1,27,0.8
12827,320,0.1,28,1.0
12828,320,0.1,29,1.0
12829,320,0.1,30,0.8
12830,320,0.1,31,0.8
12831,320,0.1,32,0.8
12832,320,0.1,33,1.0
12833,320,0.1,34,1.0
12834,320,0.1,35,1.0
12835,320,0.1,36,1.0
12836,320,0.1,37,1.0
12837,320,0.1,38,1.0
12838,320,0.1,39,1.0
12839,320,0.1,40,0.8
12840,321,0.1,1,0.0
12841,321,0.1,2,0.4
12842,321,0.1,3,0.4
12843,321,0.1,4,0.4
12844,321,0.1,5,0.2
12845,321,0.1,6,0.2
12846,321,0.1,7,0.8
12847,321,0.1,8,0.6
12848,321,0.1,9,0.6
12849,321,0.1,10,0.6
12850,321,0.1,11,0.6
12851,321,0.1,12,0.6
12852,321,0.1,13,0.6
12853,321,0.1,14,0.8
12854,321,0.1,15,1.0
12855,321,0.1,16,1.0
12856,321,0.1,17,1.0
12857,321,0.1,18,1.0
12858,321,0.1,19,1.0
12859,321,0.1,20,1.0
12860,321,0.1,21,1.0
12861,321,0.1,22,0.8
12862,321,0.1,23,0.8
12863,321,0.1,24,0.8
12864,321,0.1,25,0.8
12865,321,0.1,26,0.8
12866,321,0.1,27,0.8
12867,321,0.1,28,0.8
12868,321,0.1,29,0.6
12869,321,0.1,30,0.6
12870,321,0.1,31,0.8
12871,321,0.1,32,0.6
12872,321,0.1,33,0.8
12873,321,0.1,34,0.6
12874,321,0.1,35,0.6
12875,321,0.1,36,0.8
12876,321,0.1,37,0.6
12877,321,0.1,38,0.6
12878,321,0.1,39,0.6
12879,321,0.1,40,0.6
12880,322,0.1,1,1.0
12881,322,0.1,2,1.0
12882,322,0.1,3,1.0
12883,322,0.1,4,1.0
12884,322,0.1,5,1.0
12885,322,0.1,6,1.0
12886,322,0.1,7,1.0
12887,322,0.1,8,1.0
12888,322,0.1,9,0.8
12889,322,0.1,10,0.8
12890,322,0.1,11,0.8
12891,322,0.1,12,0.8
12892,322,0.1,13,0.8
12893,322,0.1,14,0.8
12894,322,0.1,15,1.0
12895,322,0.1,16,1.0
12896,322,0.1,17,0.8
12897,322,0.1,18,0.8
12898,322,0.1,19,1.0
12899,322,0.1,20,1.0
12900,322,0.1,21,0.8
12901,322,0.1,22,1.0
12902,322,0.1,23,0.8
12903,322,0.1,24,0.8
12904,322,0.1,25,0.8
12905,322,0.1,26,0.8
12906,322,0.1,27,1.0
12907,322,0.1,28,1.0
12908,322,0.1,29,1.0
12909,322,0.1,30,1.0
12910,322,0.1,31,1.0
12911,322,0.1,32,1.0
12912,322,0.1,33,1.0
12913,322,0.1,34,1.0
12914,322,0.1,35,1.0
12915,322,0.1,36,1.0
12916,322,0.1,37,1.0
12917,322,0.1,38,1.0
12918,322,0.1,39,1.0
12919,322,0.1,40,1.0
12920,323,0.1,1,0.0
12921,323,0.1,2,0.4
12922,323,0.1,3,0.4
12923,323,0.1,4,0.6
12924,323,0.1,5,0.2
12925,323,0.1,6,0.2
12926,323,0.1,7,1.0
12927,323,0.1,8,1.0
12928,323,0.1,9,1.0
12929,323,0.1,10,1.0
12930,323,0.1,11,1.0
12931,323,0.1,12,1.0
12932,323,0.1,13,1.0
12933,323,0.1,14,1.0
12934,323,0.1,15,1.0
12935,323,0.1,16,1.0
12936,323,0.1,17,1.0
12937,323,0.1,18,1.0
12938,323,0.1,19,0.8
12939,323,0.1,20,1.0
12940,323,0.1,21,0.8
12941,323,0.1,22,0.8
12942,323,0.1,23,1.0
12943,323,0.1,24,0.8
12944,323,0.1,25,0.8
12945,323,0.1,26,0.8
12946,323,0.1,27,1.0
12947,323,0.1,28,0.8
12948,323,0.1,29,1.0
12949,323,0.1,30,1.0
12950,323,0.1,31,1.0
12951,323,0.1,32,1.0
12952,323,0.1,33,1.0
12953,323,0.1,34,1.0
12954,323,0.1,35,1.0
12955,323,0.1,36,1.0
12956,323,0.1,37,1.0
12957,323,0.1,38,1.0
12958,323,0.1,39,1.0
12959,323,0.1,40,1.0
12960,324,0.1,1,1.0
12961,324,0.1,2,1.0
12962,324,0.1,3,1.0
12963,324,0.1,4,1.0
12964,324,0.1,5,1.0
12965,324,0.1,6,0.8
12966,324,0.1,7,0.8
12967,324,0.1,8,0.8
12968,324,0.1,9,1.0
12969,324,0.1,10,1.0
12970,324,0.1,11,1.0
12971,324,0.1,12,1.0
12972,324,0.1,13,1.0
12973,324,0.1,14,1.0
12974,324,0.1,15,1.0
12975,324,0.1,16,1.0
12976,324,0.1,17,1.0
12977,324,0.1,18,1.0
12978,324,0.1,19,1.0
12979,324,0.1,20,1.0
12980,324,0.1,21,0.8
12981,324,0.1,22,0.8
12982,324,0.1,23,0.8
12983,324,0.1,24,0.8
12984,324,0.1,25,0.8
12985,324,0.1,26,0.8
12986,324,0.1,27,0.8
12987,324,0.1,28,0.8
12988,324,0.1,29,0.8
12989,324,0.1,30,0.8
12990,324,0.1,31,0.8
12991,324,0.1,32,0.8
12992,324,0.1,33,0.8
12993,324,0.1,34,0.8
12994,324,0.1,35,0.8
12995,324,0.1,36,0.8
12996,324,0.1,37,0.8
12997,324,0.1,38,0.8
12998,324,0.1,39,1.0
12999,324,0.1,40,1.0
13000,325,0.1,1,0.8
13001,325,0.1,2,0.8
13002,325,0.1,3,0.8
13003,325,0.1,4,0.8
13004,325,0.1,5,0.6
13005,325,0.1,6,1.0
13006,325,0.1,7,1.0
13007,325,0.1,8,0.8
13008,325,0.1,9,1.0
13009,325,0.1,10,0.8
13010,325,0.1,11,1.0
13011,325,0.1,12,1.0
13012,325,0.1,13,0.8
13013,325,0.1,14,0.8
13014,325,0.1,15,0.8
13015,325,0.1,16,0.8
13016,325,0.1,17,0.8
13017,325,0.1,18,0.8
13018,325,0.1,19,0.6
13019,325,0.1,20,0.8
13020,325,0.1,21,0.6
13021,325,0.1,22,0.6
13022,325,0.1,23,0.8
13023,325,0.1,24,0.8
13024,325,0.1,25,0.6
13025,325,0.1,26,0.6
13026,325,0.1,27,0.6
13027,325,0.1,28,0.6
13028,325,0.1,29,1.0
13029,325,0.1,30,1.0
13030,325,0.1,31,1.0
13031,325,0.1,32,1.0
13032,325,0.1,33,0.8
13033,325,0.1,34,0.8
13034,325,0.1,35,0.8
13035,325,0.1,36,1.0
13036,325,0.1,37,1.0
13037,325,0.1,38,1.0
13038,325,0.1,39,1.0
13039,325,0.1,40,0.8
13040,326,0.1,1,0.6
13041,326,0.1,2,0.6
13042,326,0.1,3,0.6
13043,326,0.1,4,0.4
13044,326,0.1,5,0.8
13045,326,0.1,6,0.6
13046,326,0.1,7,0.6
13047,326,0.1,8,0.6
13048,326,0.1,9,0.6
13049,326,0.1,10,0.8
13050,326,0.1,11,0.6
13051,326,0.1,12,0.6
13052,326,0.1,13,0.6
13053,326,0.1,14,0.6
13054,326,0.1,15,0.8
13055,326,0.1,16,1.0
13056,326,0.1,17,1.0
13057,326,0.1,18,1.0
13058,326,0.1,19,0.8
13059,326,0.1,20,1.0
13060,326,0.1,21,1.0
13061,326,0.1,22,1.0
13062,326,0.1,23,1.0
13063,326,0.1,24,1.0
13064,326,0.1,25,0.8
13065,326,0.1,26,0.8
13066,326,0.1,27,0.8
13067,326,0.1,28,0.8
13068,326,0.1,29,0.8
13069,326,0.1,30,0.8
13070,326,0.1,31,0.8
13071,326,0.1,32,0.8
13072,326,0.1,33,0.8
13073,326,0.1,34,0.8
13074,326,0.1,35,0.8
13075,326,0.1,36,0.8
13076,326,0.1,37,0.8
13077,326,0.1,38,0.8
13078,326,0.1,39,0.8
13079,326,0.1,40,0.8
13080,327,0.1,1,0.8
13081,327,0.1,2,0.8
13082,327,0.1,3,0.8
13083,327,0.1,4,0.8
13084,327,0.1,5,0.8
13085,327,0.1,6,1.0
13086,327,0.1,7,1.0
13087,327,0.1,8,1.0
13088,327,0.1,9,1.0
13089,327,0.1,10,0.8
13090,327,0.1,11,1.0
13091,327,0.1,12,1.0
13092,327,0.1,13,1.0
13093,327,0.1,14,0.8
13094,327,0.1,15,0.8
13095,327,0.1,16,0.8
13096,327,0.1,17,0.6
13097,327,0.1,18,0.6
13098,327,0.1,19,0.8
13099,327,0.1,20,1.0
13100,327,0.1,21,1.0
13101,327,0.1,22,0.8
13102,327,0.1,23,0.8
13103,327,0.1,24,0.8
13104,327,0.1,25,0.8
13105,327,0.1,26,0.8
13106,327,0.1,27,0.8
13107,327,0.1,28,0.8
13108,327,0.1,29,0.8
13109,327,0.1,30,0.8
13110,327,0.1,31,0.8
13111,327,0.1,32,0.8
13112,327,0.1,33,0.8
13113,327,0.1,34,0.8
13114,327,0.1,35,0.8
13115,327,0.1,36,0.8
13116,327,0.1,37,0.8
13117,327,0.1,38,0.8
13118,327,0.1,39,0.8
13119,327,0.1,40,0.8
13120,328,0.1,1,0.6
13121,328,0.1,2,0.6
13122,328,0.1,3,0.6
13123,328,0.1,4,0.4
13124,328,0.1,5,0.4
13125,328,0.1,6,0.6
13126,328,0.1,7,0.8
13127,328,0.1,8,0.8
13128,328,0.1,9,0.8
13129,328,0.1,10,0.8
13130,328,0.1,11,0.6
13131,328,0.1,12,0.6
13132,328,0.1,13,0.6
13133,328,0.1,14,0.6
13134,328,0.1,15,0.8
13135,328,0.1,16,0.6
13136,328,0.1,17,0.6
13137,328,0.1,18,0.6
13138,328,0.1,19,0.6
13139,328,0.1,20,0.6
13140,328,0.1,21,0.8
13141,328,0.1,22,0.8
13142,328,0.1,23,0.8
13143,328,0.1,24,0.8
13144,328,0.1,25,0.6
13145,328,0.1,26,0.6
13146,328,0.1,27,0.6
13147,328,0.1,28,0.6
13148,328,0.1,29,0.6
13149,328,0.1,30,0.6
13150,328,0.1,31,0.6
13151,328,0.1,32,0.6
13152,328,0.1,33,0.6
13153,328,0.1,34,0.6
13154,328,0.1,35,0.6
13155,328,0.1,36,0.6
13156,328,0.1,37,0.6
13157,328,0.1,38,0.6
13158,328,0.1,39,0.6
13159,328,0.1,40,0.6
13160,329,0.1,1,0.6
13161,329,0.1,2,0.6
13162,329,0.1,3,0.8
13163,329,0.1,4,0.6
13164,329,0.1,5,0.6
13165,329,0.1,6,0.6
13166,329,0.1,7,0.8
13167,329,0.1,8,0.6
13168,329,0.1,9,0.8
13169,329,0.1,10,0.8
13170,329,0.1,11,0.8
13171,329,0.1,12,0.8
13172,329,0.1,13,0.6
13173,329,0.1,14,0.6
13174,329,0.1,15,1.0
13175,329,0.1,16,1.0
13176,329,0.1,17,1.0
13177,329,0.1,18,0.8
13178,329,0.1,19,0.8
13179,329,0.1,20,0.8
13180,329,0.1,21,0.6
13181,329,0.1,22,0.8
13182,329,0.1,23,1.0
13183,329,0.1,24,1.0
13184,329,0.1,25,1.0
13185,329,0.1,26,1.0
13186,329,0.1,27,1.0
13187,329,0.1,28,1.0
13188,329,0.1,29,1.0
13189,329,0.1,30,1.0
13190,329,0.1,31,1.0
13191,329,0.1,32,1.0
13192,329,0.1,33,1.0
13193,329,0.1,34,1.0
13194,329,0.1,35,1.0
13195,329,0.1,36,1.0
13196,329,0.1,37,1.0
13197,329,0.1,38,1.0
13198,329,0.1,39,1.0
13199,329,0.1,40,1.0
13200,330,0.1,1,0.0
13201,330,0.1,2,0.2
13202,330,0.1,3,0.4
13203,330,0.1,4,0.8
13204,330,0.1,5,0.8
13205,330,0.1,6,0.6
13206,330,0.1,7,0.6
13207,330,0.1,8,0.6
13208,330,0.1,9,0.6
13209,330,0.1,10,0.8
13210,330,0.1,11,0.8
13211,330,0.1,12,0.8
13212,330,0.1,13,1.0
13213,330,0.1,14,1.0
13214,330,0.1,15,0.8
13215,330,0.1,16,0.8
13216,330,0.1,17,0.8
13217,330,0.1,18,0.8
13218,330,0.1,19,0.8
13219,330,0.1,20,0.8
13220,330,0.1,21,0.8
13221,330,0.1,22,0.8
13222,330,0.1,23,0.8
13223,330,0.1,24,0.8
13224,330,0.1,25,1.0
13225,330,0.1,26,1.0
13226,330,0.1,27,1.0
13227,330,0.1,28,0.8
13228,330,0.1,29,1.0
13229,330,0.1,30,1.0
13230,330,0.1,31,1.0
13231,330,0.1,32,1.0
13232,330,0.1,33,1.0
13233,330,0.1,34,1.0
13234,330,0.1,35,1.0
13235,330,0.1,36,1.0
13236,330,0.1,37,1.0
13237,330,0.1,38,1.0
13238,330,0.1,39,1.0
13239,330,0.1,40,1.0
13240,331,0.1,1,1.0
13241,331,0.1,2,1.0
13242,331,0.1,3,1.0
13243,331,0.1,4,1.0
13244,331,0.1,5,0.8
13245,331,0.1,6,0.8
13246,331,0.1,7,0.8
13247,331,0.1,8,0.8
13248,331,0.1,9,1.0
13249,331,0.1,10,1.0
13250,331,0.1,11,1.0
13251,331,0.1,12,1.0
13252,331,0.1,13,0.8
13253,331,0.1,14,0.8
13254,331,0.1,15,1.0
13255,331,0.1,16,1.0
13256,331,0.1,17,1.0
13257,331,0.1,18,1.0
13258,331,0.1,19,0.8
13259,331,0.1,20,1.0
13260,331,0.1,21,1.0
13261,331,0.1,22,1.0
13262,331,0.1,23,1.0
13263,331,0.1,24,1.0
13264,331,0.1,25,1.0
13265,331,0.1,26,1.0
13266,331,0.1,27,1.0
13267,331,0.1,28,1.0
13268,331,0.1,29,1.0
13269,331,0.1,30,1.0
13270,331,0.1,31,1.0
13271,331,0.1,32,1.0
13272,331,0.1,33,1.0
13273,331,0.1,34,1.0
13274,331,0.1,35,1.0
13275,331,0.1,36,1.0
13276,331,0.1,37,1.0
13277,331,0.1,38,1.0
13278,331,0.1,39,1.0
13279,331,0.1,40,1.0
13280,332,0.1,1,0.0
13281,332,0.1,2,0.2
13282,332,0.1,3,0.4
13283,332,0.1,4,0.6
13284,332,0.1,5,0.6
13285,332,0.1,6,1.0
13286,332,0.1,7,0.8
13287,332,0.1,8,1.0
13288,332,0.1,9,1.0
13289,332,0.1,10,1.0
13290,332,0.1,11,1.0
13291,332,0.1,12,1.0
13292,332,0.1,13,1.0
13293,332,0.1,14,1.0
13294,332,0.1,15,1.0
13295,332,0.1,16,1.0
13296,332,0.1,17,1.0
13297,332,0.1,18,1.0
13298,332,0.1,19,1.0
13299,332,0.1,20,1.0
13300,332,0.1,21,1.0
13301,332,0.1,22,1.0
13302,332,0.1,23,1.0
13303,332,0.1,24,1.0
13304,332,0.1,25,1.0
13305,332,0.1,26,1.0
13306,332,0.1,27,1.0
13307,332,0.1,28,1.0
13308,332,0.1,29,1.0
13309,332,0.1,30,1.0
13310,332,0.1,31,1.0
13311,332,0.1,32,1.0
13312,332,0.1,33,1.0
13313,332,0.1,34,1.0
13314,332,0.1,35,1.0
13315,332,0.1,36,1.0
13316,332,0.1,37,1.0
13317,332,0.1,38,1.0
13318,332,0.1,39,1.0
13319,332,0.1,40,1.0
13320,333,0.1,1,1.0
13321,333,0.1,2,1.0
13322,333,0.1,3,1.0
13323,333,0.1,4,1.0
13324,333,0.1,5,0.8
13325,333,0.1,6,0.8
13326,333,0.1,7,1.0
13327,333,0.1,8,1.0
13328,333,0.1,9,1.0
13329,333,0.1,10,1.0
13330,333,0.1,11,1.0
13331,333,0.1,12,1.0
13332,333,0.1,13,1.0
13333,333,0.1,14,1.0
13334,333,0.1,15,1.0
13335,333,0.1,16,1.0
13336,333,0.1,17,1.0
13337,333,0.1,18,1.0
13338,333,0.1,19,1.0
13339,333,0.1,20,1.0
13340,333,0.1,21,1.0
13341,333,0.1,22,1.0
13342,333,0.1,23,1.0
13343,333,0.1,24,1.0
13344,333,0.1,25,1.0
13345,333,0.1,26,1.0
13346,333,0.1,27,1.0
13347,333,0.1,28,0.8
13348,333,0.1,29,0.8
13349,333,0.1,30,0.8
13350,333,0.1,31,0.8
13351,333,0.1,32,0.8
13352,333,0.1,33,0.8
13353,333,0.1,34,0.8
13354,333,0.1,35,0.8
13355,333,0.1,36,0.8
13356,333,0.1,37,1.0
13357,333,0.1,38,1.0
13358,333,0.1,39,1.0
13359,333,0.1,40,1.0
13360,334,0.1,1,0.8
13361,334,0.1,2,0.8
13362,334,0.1,3,0.8
13363,334,0.1,4,0.8
13364,334,0.1,5,0.8
13365,334,0.1,6,0.8
13366,334,0.1,7,0.6
13367,334,0.1,8,0.8
13368,334,0.1,9,0.8
13369,334,0.1,10,0.8
13370,334,0.1,11,0.8
13371,334,0.1,12,0.8
13372,334,0.1,13,0.8
13373,334,0.1,14,0.8
13374,334,0.1,15,0.8
13375,334,0.1,16,0.8
13376,334,0.1,17,0.8
13377,334,0.1,18,0.8
13378,334,0.1,19,1.0
13379,334,0.1,20,1.0
13380,334,0.1,21,1.0
13381,334,0.1,22,1.0
13382,334,0.1,23,1.0
13383,334,0.1,24,0.8
13384,334,0.1,25,0.8
13385,334,0.1,26,0.8
13386,334,0.1,27,0.8
13387,334,0.1,28,0.8
13388,334,0.1,29,0.8
13389,334,0.1,30,0.8
13390,334,0.1,31,0.8
13391,334,0.1,32,0.8
13392,334,0.1,33,0.8
13393,334,0.1,34,0.8
13394,334,0.1,35,0.8
13395,334,0.1,36,0.8
13396,334,0.1,37,1.0
13397,334,0.1,38,1.0
13398,334,0.1,39,0.8
13399,334,0.1,40,0.8
13400,335,0.1,1,0.6
13401,335,0.1,2,0.6
13402,335,0.1,3,0.4
13403,335,0.1,4,0.6
13404,335,0.1,5,0.6
13405,335,0.1,6,0.6
13406,335,0.1,7,0.4
13407,335,0.1,8,0.4
13408,335,0.1,9,0.6
13409,335,0.1,10,0.6
13410,335,0.1,11,0.8
13411,335,0.1,12,1.0
13412,335,0.1,13,1.0
13413,335,0.1,14,1.0
13414,335,0.1,15,1.0
13415,335,0.1,16,1.0
13416,335,0.1,17,1.0
13417,335,0.1,18,1.0
13418,335,0.1,19,1.0
13419,335,0.1,20,1.0
13420,335,0.1,21,1.0
13421,335,0.1,22,1.0
13422,335,0.1,23,0.8
13423,335,0.1,24,1.0
13424,335,0.1,25,1.0
13425,335,0.1,26,0.8
13426,335,0.1,27,1.0
13427,335,0.1,28,1.0
13428,335,0.1,29,1.0
13429,335,0.1,30,1.0
13430,335,0.1,31,1.0
13431,335,0.1,32,1.0
13432,335,0.1,33,1.0
13433,335,0.1,34,1.0
13434,335,0.1,35,1.0
13435,335,0.1,36,1.0
13436,335,0.1,37,1.0
13437,335,0.1,38,1.0
13438,335,0.1,39,1.0
13439,335,0.1,40,1.0
13440,336,0.1,1,0.8
13441,336,0.1,2,0.8
13442,336,0.1,3,0.8
13443,336,0.1,4,0.8
13444,336,0.1,5,0.8
13445,336,0.1,6,0.8
13446,336,0.1,7,0.8
13447,336,0.1,8,0.8
13448,336,0.1,9,0.8
13449,336,0.1,10,0.8
13450,336,0.1,11,0.8
13451,336,0.1,12,1.0
13452,336,0.1,13,0.8
13453,336,0.1,14,1.0
13454,336,0.1,15,1.0
13455,336,0.1,16,1.0
13456,336,0.1,17,1.0
13457,336,0.1,18,1.0
13458,336,0.1,19,1.0
13459,336,0.1,20,0.8
13460,336,0.1,21,0.8
13461,336,0.1,22,0.6
13462,336,0.1,23,0.8
13463,336,0.1,24,0.6
13464,336,0.1,25,0.8
13465,336,0.1,26,0.8
13466,336,0.1,27,0.6
13467,336,0.1,28,0.8
13468,336,0.1,29,0.6
13469,336,0.1,30,0.6
13470,336,0.1,31,0.6
13471,336,0.1,32,1.0
13472,336,0.1,33,1.0
13473,336,0.1,34,1.0
13474,336,0.1,35,1.0
13475,336,0.1,36,1.0
13476,336,0.1,37,1.0
13477,336,0.1,38,1.0
13478,336,0.1,39,1.0
13479,336,0.1,40,1.0
13480,337,0.1,1,0.6
13481,337,0.1,2,0.6
13482,337,0.1,3,0.6
13483,337,0.1,4,0.8
13484,337,0.1,5,0.6
13485,337,0.1,6,1.0
13486,337,0.1,7,1.0
13487,337,0.1,8,0.8
13488,337,0.1,9,0.6
13489,337,0.1,10,0.8
13490,337,0.1,11,0.8
13491,337,0.1,12,0.6
13492,337,0.1,13,0.8
13493,337,0.1,14,0.8
13494,337,0.1,15,0.8
13495,337,0.1,16,0.8
13496,337,0.1,17,0.6
13497,337,0.1,18,0.8
13498,337,0.1,19,1.0
13499,337,0.1,20,1.0
13500,337,0.1,21,1.0
13501,337,0.1,22,1.0
13502,337,0.1,23,1.0
13503,337,0.1,24,1.0
13504,337,0.1,25,1.0
13505,337,0.1,26,1.0
13506,337,0.1,27,1.0
13507,337,0.1,28,1.0
13508,337,0.1,29,1.0
13509,337,0.1,30,1.0
13510,337,0.1,31,1.0
13511,337,0.1,32,1.0
13512,337,0.1,33,1.0
13513,337,0.1,34,1.0
13514,337,0.1,35,1.0
13515,337,0.1,36,1.0
13516,337,0.1,37,1.0
13517,337,0.1,38,1.0
13518,337,0.1,39,1.0
13519,337,0.1,40,1.0
13520,338,0.1,1,0.6
13521,338,0.1,2,0.6
13522,338,0.1,3,0.6
13523,338,0.1,4,0.6
13524,338,0.1,5,0.4
13525,338,0.1,6,0.6
13526,338,0.1,7,0.2
13527,338,0.1,8,0.2
13528,338,0.1,9,0.6
13529,338,0.1,10,0.4
13530,338,0.1,11,0.4
13531,338,0.1,12,0.6
13532,338,0.1,13,0.6
13533,338,0.1,14,0.6
13534,338,0.1,15,0.6
13535,338,0.1,16,0.6
13536,338,0.1,17,0.6
13537,338,0.1,18,0.6
13538,338,0.1,19,0.6
13539,338,0.1,20,0.6
13540,338,0.1,21,0.6
13541,338,0.1,22,0.6
13542,338,0.1,23,0.8
13543,338,0.1,24,0.6
13544,338,0.1,25,1.0
13545,338,0.1,26,1.0
13546,338,0.1,27,1.0
13547,338,0.1,28,1.0
13548,338,0.1,29,1.0
13549,338,0.1,30,1.0
13550,338,0.1,31,1.0
13551,338,0.1,32,1.0
13552,338,0.1,33,1.0
13553,338,0.1,34,1.0
13554,338,0.1,35,1.0
13555,338,0.1,36,1.0
13556,338,0.1,37,1.0
13557,338,0.1,38,1.0
13558,338,0.1,39,1.0
13559,338,0.1,40,1.0
13560,339,0.1,1,0.0
13561,339,0.1,2,0.4
13562,339,0.1,3,0.8
13563,339,0.1,4,0.8
13564,339,0.1,5,1.0
13565,339,0.1,6,0.8
13566,339,0.1,7,1.0
13567,339,0.1,8,1.0
13568,339,0.1,9,1.0
13569,339,0.1,10,1.0
13570,339,0.1,11,1.0
13571,339,0.1,12,1.0
13572,339,0.1,13,0.8
13573,339,0.1,14,0.8
13574,339,0.1,15,1.0
13575,339,0.1,16,0.8
13576,339,0.1,17,0.8
13577,339,0.1,18,0.8
13578,339,0.1,19,1.0
13579,339,0.1,20,1.0
13580,339,0.1,21,1.0
13581,339,0.1,22,1.0
13582,339,0.1,23,1.0
13583,339,0.1,24,1.0
13584,339,0.1,25,1.0
13585,339,0.1,26,1.0
13586,339,0.1,27,1.0
13587,339,0.1,28,1.0
13588,339,0.1,29,1.0
13589,339,0.1,30,1.0
13590,339,0.1,31,1.0
13591,339,0.1,32,1.0
13592,339,0.1,33,1.0
13593,339,0.1,34,1.0
13594,339,0.1,35,1.0
13595,339,0.1,36,1.0
13596,339,0.1,37,1.0
13597,339,0.1,38,1.0
13598,339,0.1,39,1.0
13599,339,0.1,40,1.0
13600,340,0.1,1,1.0
13601,340,0.1,2,1.0
13602,340,0.1,3,1.0
13603,340,0.1,4,1.0
13604,340,0.1,5,0.8
13605,340,0.1,6,1.0
13606,340,0.1,7,1.0
13607,340,0.1,8,1.0
13608,340,0.1,9,0.8
13609,340,0.1,10,0.8
13610,340,0.1,11,0.8
13611,340,0.1,12,1.0
13612,340,0.1,13,0.8
13613,340,0.1,14,1.0
13614,340,0.1,15,0.8
13615,340,0.1,16,1.0
13616,340,0.1,17,0.8
13617,340,0.1,18,0.6
13618,340,0.1,19,0.6
13619,340,0.1,20,1.0
13620,340,0.1,21,0.8
13621,340,0.1,22,1.0
13622,340,0.1,23,1.0
13623,340,0.1,24,1.0
13624,340,0.1,25,1.0
13625,340,0.1,26,1.0
13626,340,0.1,27,1.0
13627,340,0.1,28,1.0
13628,340,0.1,29,1.0
13629,340,0.1,30,1.0
13630,340,0.1,31,1.0
13631,340,0.1,32,1.0
13632,340,0.1,33,1.0
13633,340,0.1,34,1.0
13634,340,0.1,35,1.0
13635,340,0.1,36,1.0
13636,340,0.1,37,0.8
13637,340,0.1,38,1.0
13638,340,0.1,39,1.0
13639,340,0.1,40,1.0
13640,341,0.1,1,0.0
13641,341,0.1,2,0.2
13642,341,0.1,3,0.2
13643,341,0.1,4,0.6
13644,341,0.1,5,0.4
13645,341,0.1,6,0.6
13646,341,0.1,7,0.6
13647,341,0.1,8,0.6
13648,341,0.1,9,0.6
13649,341,0.1,10,0.6
13650,341,0.1,11,0.6
13651,341,0.1,12,0.6
13652,341,0.1,13,0.6
13653,341,0.1,14,0.6
13654,341,0.1,15,0.6
13655,341,0.1,16,0.6
13656,341,0.1,17,0.6
13657,341,0.1,18,0.4
13658,341,0.1,19,0.4
13659,341,0.1,20,0.4
13660,341,0.1,21,0.4
13661,341,0.1,22,0.4
13662,341,0.1,23,0.4
13663,341,0.1,24,0.4
13664,341,0.1,25,0.4
13665,341,0.1,26,0.6
13666,341,0.1,27,0.4
13667,341,0.1,28,0.4
13668,341,0.1,29,0.6
13669,341,0.1,30,0.6
13670,341,0.1,31,0.6
13671,341,0.1,32,0.6
13672,341,0.1,33,0.6
13673,341,0.1,34,0.6
13674,341,0.1,35,0.6
13675,341,0.1,36,0.6
13676,341,0.1,37,0.6
13677,341,0.1,38,0.6
13678,341,0.1,39,0.6
13679,341,0.1,40,0.6
13680,342,0.1,1,1.0
13681,342,0.1,2,1.0
13682,342,0.1,3,1.0
13683,342,0.1,4,1.0
13684,342,0.1,5,0.8
13685,342,0.1,6,0.8
13686,342,0.1,7,0.8
13687,342,0.1,8,0.8
13688,342,0.1,9,1.0
13689,342,0.1,10,1.0
13690,342,0.1,11,0.6
13691,342,0.1,12,0.8
13692,342,0.1,13,0.8
13693,342,0.1,14,0.8
13694,342,0.1,15,0.6
13695,342,0.1,16,0.8
13696,342,0.1,17,0.4
13697,342,0.1,18,0.4
13698,342,0.1,19,0.6
13699,342,0.1,20,0.6
13700,342,0.1,21,0.6
13701,342,0.1,22,0.8
13702,342,0.1,23,0.8
13703,342,0.1,24,0.8
13704,342,0.1,25,1.0
13705,342,0.1,26,1.0
13706,342,0.1,27,1.0
13707,342,0.1,28,1.0
13708,342,0.1,29,1.0
13709,342,0.1,30,1.0
13710,342,0.1,31,1.0
13711,342,0.1,32,1.0
13712,342,0.1,33,1.0
13713,342,0.1,34,1.0
13714,342,0.1,35,1.0
13715,342,0.1,36,1.0
13716,342,0.1,37,1.0
13717,342,0.1,38,1.0
13718,342,0.1,39,1.0
13719,342,0.1,40,1.0
13720,343,0.1,1,0.8
13721,343,0.1,2,0.8
13722,343,0.1,3,0.8
13723,343,0.1,4,0.8
13724,343,0.1,5,0.6
13725,343,0.1,6,0.6
13726,343,0.1,7,0.8
13727,343,0.1,8,0.8
13728,343,0.1,9,0.8
13729,343,0.1,10,0.8
13730,343,0.1,11,0.6
13731,343,0.1,12,1.0
13732,343,0.1,13,1.0
13733,343,0.1,14,1.0
13734,343,0.1,15,1.0
13735,343,0.1,16,1.0
13736,343,0.1,17,1.0
13737,343,0.1,18,1.0
13738,343,0.1,19,1.0
13739,343,0.1,20,1.0
13740,343,0.1,21,1.0
13741,343,0.1,22,1.0
13742,343,0.1,23,1.0
13743,343,0.1,24,1.0
13744,343,0.1,25,1.0
13745,343,0.1,26,1.0
13746,343,0.1,27,1.0
13747,343,0.1,28,1.0
13748,343,0.1,29,1.0
13749,343,0.1,30,1.0
13750,343,0.1,31,1.0
13751,343,0.1,32,1.0
13752,343,0.1,33,1.0
13753,343,0.1,34,1.0
13754,343,0.1,35,1.0
13755,343,0.1,36,1.0
13756,343,0.1,37,1.0
13757,343,0.1,38,1.0
13758,343,0.1,39,1.0
13759,343,0.1,40,1.0
13760,344,0.1,1,0.6
13761,344,0.1,2,0.6
13762,344,0.1,3,0.8
13763,344,0.1,4,0.8
13764,344,0.1,5,0.8
13765,344,0.1,6,0.8
13766,344,0.1,7,0.8
13767,344,0.1,8,0.8
13768,344,0.1,9,0.6
13769,344,0.1,10,1.0
13770,344,0.1,11,0.8
13771,344,0.1,12,0.8
13772,344,0.1,13,0.8
13773,344,0.1,14,0.8
13774,344,0.1,15,0.8
13775,344,0.1,16,0.8
13776,344,0.1,17,0.8
13777,344,0.1,18,0.8
13778,344,0.1,19,0.8
13779,344,0.1,20,0.8
13780,344,0.1,21,0.8
13781,344,0.1,22,0.8
13782,344,0.1,23,0.6
13783,344,0.1,24,0.6
13784,344,0.1,25,0.6
13785,344,0.1,26,0.8
13786,344,0.1,27,0.8
13787,344,0.1,28,0.8
13788,344,0.1,29,0.8
13789,344,0.1,30,0.8
13790,344,0.1,31,0.8
13791,344,0.1,32,0.8
13792,344,0.1,33,0.8
13793,344,0.1,34,0.8
13794,344,0.1,35,0.8
13795,344,0.1,36,0.8
13796,344,0.1,37,0.8
13797,344,0.1,38,0.8
13798,344,0.1,39,0.8
13799,344,0.1,40,0.8
13800,345,0.1,1,0.8
13801,345,0.1,2,0.8
13802,345,0.1,3,0.8
13803,345,0.1,4,0.8
13804,345,0.1,5,0.6
13805,345,0.1,6,0.6
13806,345,0.1,7,0.6
13807,345,0.1,8,0.8
13808,345,0.1,9,1.0
13809,345,0.1,10,0.8
13810,345,0.1,11,0.8
13811,345,0.1,12,0.8
13812,345,0.1,13,1.0
13813,345,0.1,14,1.0
13814,345,0.1,15,0.8
13815,345,0.1,16,0.8
13816,345,0.1,17,0.8
13817,345,0.1,18,0.8
13818,345,0.1,19,1.0
13819,345,0.1,20,0.8
13820,345,0.1,21,0.8
13821,345,0.1,22,0.8
13822,345,0.1,23,0.8
13823,345,0.1,24,0.8
13824,345,0.1,25,0.8
13825,345,0.1,26,0.8
13826,345,0.1,27,0.8
13827,345,0.1,28,1.0
13828,345,0.1,29,1.0
13829,345,0.1,30,1.0
13830,345,0.1,31,1.0
13831,345,0.1,32,1.0
13832,345,0.1,33,1.0
13833,345,0.1,34,1.0
13834,345,0.1,35,1.0
13835,345,0.1,36,1.0
13836,345,0.1,37,1.0
13837,345,0.1,38,1.0
13838,345,0.1,39,1.0
13839,345,0.1,40,1.0
13840,346,0.1,1,0.6
13841,346,0.1,2,0.6
13842,346,0.1,3,0.8
13843,346,0.1,4,0.8
13844,346,0.1,5,0.8
13845,346,0.1,6,0.8
13846,346,0.1,7,0.8
13847,346,0.1,8,0.8
13848,346,0.1,9,0.8
13849,346,0.1,10,0.8
13850,346,0.1,11,0.8
13851,346,0.1,12,0.8
13852,346,0.1,13,0.8
13853,346,0.1,14,0.8
13854,346,0.1,15,0.8
13855,346,0.1,16,0.8
13856,346,0.1,17,0.8
13857,346,0.1,18,0.8
13858,346,0.1,19,0.8
13859,346,0.1,20,0.8
13860,346,0.1,21,0.8
13861,346,0.1,22,0.8
13862,346,0.1,23,0.8
13863,346,0.1,24,0.8
13864,346,0.1,25,0.8
13865,346,0.1,26,0.8
13866,346,0.1,27,0.8
13867,346,0.1,28,0.8
13868,346,0.1,29,0.8
13869,346,0.1,30,0.8
13870,346,0.1,31,1.0
13871,346,0.1,32,1.0
13872,346,0.1,33,1.0
13873,346,0.1,34,1.0
13874,346,0.1,35,1.0
13875,346,0.1,36,1.0
13876,346,0.1,37,1.0
13877,346,0.1,38,1.0
13878,346,0.1,39,1.0
13879,346,0.1,40,1.0
13880,347,0.1,1,0.6
13881,347,0.1,2,0.6
13882,347,0.1,3,0.8
13883,347,0.1,4,0.6
13884,347,0.1,5,0.6
13885,347,0.1,6,0.4
13886,347,0.1,7,0.4
13887,347,0.1,8,0.4
13888,347,0.1,9,0.8
13889,347,0.1,10,0.8
13890,347,0.1,11,0.8
13891,347,0.1,12,0.8
13892,347,0.1,13,0.8
13893,347,0.1,14,0.8
13894,347,0.1,15,0.8
13895,347,0.1,16,0.8
13896,347,0.1,17,1.0
13897,347,0.1,18,1.0
13898,347,0.1,19,1.0
13899,347,0.1,20,1.0
13900,347,0.1,21,1.0
13901,347,0.1,22,1.0
13902,347,0.1,23,1.0
13903,347,0.1,24,1.0
13904,347,0.1,25,1.0
13905,347,0.1,26,1.0
13906,347,0.1,27,1.0
13907,347,0.1,28,1.0
13908,347,0.1,29,1.0
13909,347,0.1,30,1.0
13910,347,0.1,31,1.0
13911,347,0.1,32,1.0
13912,347,0.1,33,1.0
13913,347,0.1,34,1.0
13914,347,0.1,35,1.0
13915,347,0.1,36,1.0
13916,347,0.1,37,0.8
13917,347,0.1,38,0.8
13918,347,0.1,39,0.8
13919,347,0.1,40,0.8
13920,348,0.1,1,0.0
13921,348,0.1,2,0.2
13922,348,0.1,3,0.4
13923,348,0.1,4,0.8
13924,348,0.1,5,0.4
13925,348,0.1,6,0.6
13926,348,0.1,7,0.6
13927,348,0.1,8,0.6
13928,348,0.1,9,0.6
13929,348,0.1,10,0.4
13930,348,0.1,11,0.4
13931,348,0.1,12,0.4
13932,348,0.1,13,0.4
13933,348,0.1,14,0.4
13934,348,0.1,15,0.4
13935,348,0.1,16,0.4
13936,348,0.1,17,0.4
13937,348,0.1,18,0.4
13938,348,0.1,19,0.4
13939,348,0.1,20,0.4
13940,348,0.1,21,0.4
13941,348,0.1,22,0.4
13942,348,0.1,23,0.4
13943,348,0.1,24,0.4
13944,348,0.1,25,0.4
13945,348,0.1,26,0.4
13946,348,0.1,27,0.4
13947,348,0.1,28,0.4
13948,348,0.1,29,0.4
13949,348,0.1,30,0.4
13950,348,0.1,31,0.4
13951,348,0.1,32,0.4
13952,348,0.1,33,0.6
13953,348,0.1,34,0.4
13954,348,0.1,35,0.6
13955,348,0.1,36,0.6
13956,348,0.1,37,0.6
13957,348,0.1,38,0.6
13958,348,0.1,39,0.6
13959,348,0.1,40,0.6
13960,349,0.1,1,1.0
13961,349,0.1,2,1.0
13962,349,0.1,3,1.0
13963,349,0.1,4,0.8
13964,349,0.1,5,0.8
13965,349,0.1,6,0.8
13966,349,0.1,7,0.8
13967,349,0.1,8,0.8
13968,349,0.1,9,0.8
13969,349,0.1,10,0.8
13970,349,0.1,11,0.8
13971,349,0.1,12,0.8
13972,349,0.1,13,0.8
13973,349,0.1,14,0.8
13974,349,0.1,15,1.0
13975,349,0.1,16,1.0
13976,349,0.1,17,1.0
13977,349,0.1,18,0.8
13978,349,0.1,19,0.8
13979,349,0.1,20,1.0
13980,349,0.1,21,1.0
13981,349,0.1,22,1.0
13982,349,0.1,23,1.0
13983,349,0.1,24,1.0
13984,349,0.1,25,1.0
13985,349,0.1,26,1.0
13986,349,0.1,27,1.0
13987,349,0.1,28,1.0
13988,349,0.1,29,1.0
13989,349,0.1,30,1.0
13990,349,0.1,31,1.0
13991,349,0.1,32,1.0
13992,349,0.1,33,1.0
13993,349,0.1,34,1.0
13994,349,0.1,35,1.0
13995,349,0.1,36,1.0
13996,349,0.1,37,1.0
13997,349,0.1,38,1.0
13998,349,0.1,39,1.0
13999,349,0.1,40,1.0
14000,350,0.1,1,0.0
14001,350,0.1,2,0.4
14002,350,0.1,3,0.8
14003,350,0.1,4,0.8
14004,350,0.1,5,0.6
14005,350,0.1,6,0.6
14006,350,0.1,7,0.8
14007,350,0.1,8,0.6
14008,350,0.1,9,0.6
14009,350,0.1,10,0.6
14010,350,0.1,11,0.6
14011,350,0.1,12,0.6
14012,350,0.1,13,0.6
14013,350,0.1,14,0.6
14014,350,0.1,15,0.6
14015,350,0.1,16,0.6
14016,350,0.1,17,0.6
14017,350,0.1,18,0.6
14018,350,0.1,19,0.6
14019,350,0.1,20,0.8
14020,350,0.1,21,0.6
14021,350,0.1,22,0.6
14022,350,0.1,23,0.6
14023,350,0.1,24,0.6
14024,350,0.1,25,0.6
14025,350,0.1,26,0.6
14026,350,0.1,27,0.6
14027,350,0.1,28,0.6
14028,350,0.1,29,0.6
14029,350,0.1,30,0.6
14030,350,0.1,31,0.6
14031,350,0.1,32,0.6
14032,350,0.1,33,0.8
14033,350,0.1,34,0.8
14034,350,0.1,35,0.8
14035,350,0.1,36,0.6
14036,350,0.1,37,1.0
14037,350,0.1,38,0.8
14038,350,0.1,39,0.8
14039,350,0.1,40,0.8
14040,351,0.1,1,1.0
14041,351,0.1,2,1.0
14042,351,0.1,3,1.0
14043,351,0.1,4,1.0
14044,351,0.1,5,1.0
14045,351,0.1,6,1.0
14046,351,0.1,7,0.8
14047,351,0.1,8,0.6
14048,351,0.1,9,0.8
14049,351,0.1,10,0.8
14050,351,0.1,11,0.8
14051,351,0.1,12,0.8
14052,351,0.1,13,0.8
14053,351,0.1,14,0.8
14054,351,0.1,15,1.0
14055,351,0.1,16,1.0
14056,351,0.1,17,1.0
14057,351,0.1,18,1.0
14058,351,0.1,19,1.0
14059,351,0.1,20,1.0
14060,351,0.1,21,1.0
14061,351,0.1,22,1.0
14062,351,0.1,23,0.8
14063,351,0.1,24,1.0
14064,351,0.1,25,1.0
14065,351,0.1,26,1.0
14066,351,0.1,27,1.0
14067,351,0.1,28,1.0
14068,351,0.1,29,1.0
14069,351,0.1,30,1.0
14070,351,0.1,31,1.0
14071,351,0.1,32,1.0
14072,351,0.1,33,1.0
14073,351,0.1,34,1.0
14074,351,0.1,35,1.0
14075,351,0.1,36,1.0
14076,351,0.1,37,1.0
14077,351,0.1,38,1.0
14078,351,0.1,39,1.0
14079,351,0.1,40,1.0
14080,352,0.1,1,0.8
14081,352,0.1,2,0.8
14082,352,0.1,3,0.8
14083,352,0.1,4,0.6
14084,352,0.1,5,0.6
14085,352,0.1,6,0.8
14086,352,0.1,7,0.8
14087,352,0.1,8,0.8
14088,352,0.1,9,0.8
14089,352,0.1,10,0.8
14090,352,0.1,11,0.8
14091,352,0.1,12,0.8
14092,352,0.1,13,0.8
14093,352,0.1,14,0.8
14094,352,0.1,15,0.8
14095,352,0.1,16,1.0
14096,352,0.1,17,0.8
14097,352,0.1,18,0.8
14098,352,0.1,19,0.8
14099,352,0.1,20,0.6
14100,352,0.1,21,0.8
14101,352,0.1,22,0.8
14102,352,0.1,23,0.8
14103,352,0.1,24,0.8
14104,352,0.1,25,1.0
14105,352,0.1,26,1.0
14106,352,0.1,27,1.0
14107,352,0.1,28,0.8
14108,352,0.1,29,1.0
14109,352,0.1,30,0.8
14110,352,0.1,31,1.0
14111,352,0.1,32,1.0
14112,352,0.1,33,0.8
14113,352,0.1,34,0.8
14114,352,0.1,35,1.0
14115,352,0.1,36,0.8
14116,352,0.1,37,0.8
14117,352,0.1,38,0.8
14118,352,0.1,39,0.8
14119,352,0.1,40,0.8
14120,353,0.1,1,0.6
14121,353,0.1,2,0.6
14122,353,0.1,3,0.4
14123,353,0.1,4,0.8
14124,353,0.1,5,0.8
14125,353,0.1,6,1.0
14126,353,0.1,7,1.0
14127,353,0.1,8,1.0
14128,353,0.1,9,1.0
14129,353,0.1,10,1.0
14130,353,0.1,11,0.8
14131,353,0.1,12,1.0
14132,353,0.1,13,0.8
14133,353,0.1,14,1.0
14134,353,0.1,15,1.0
14135,353,0.1,16,1.0
14136,353,0.1,17,1.0
14137,353,0.1,18,1.0
14138,353,0.1,19,1.0
14139,353,0.1,20,1.0
14140,353,0.1,21,0.8
14141,353,0.1,22,0.6
14142,353,0.1,23,0.6
14143,353,0.1,24,0.8
14144,353,0.1,25,0.8
14145,353,0.1,26,0.8
14146,353,0.1,27,0.8
14147,353,0.1,28,0.8
14148,353,0.1,29,0.8
14149,353,0.1,30,0.8
14150,353,0.1,31,0.8
14151,353,0.1,32,0.8
14152,353,0.1,33,0.8
14153,353,0.1,34,0.8
14154,353,0.1,35,0.8
14155,353,0.1,36,0.8
14156,353,0.1,37,0.8
14157,353,0.1,38,0.8
14158,353,0.1,39,0.8
14159,353,0.1,40,0.8
14160,354,0.1,1,0.8
14161,354,0.1,2,0.8
14162,354,0.1,3,0.8
14163,354,0.1,4,0.8
14164,354,0.1,5,1.0
14165,354,0.1,6,0.8
14166,354,0.1,7,0.6
14167,354,0.1,8,0.8
14168,354,0.1,9,0.8
14169,354,0.1,10,0.8
14170,354,0.1,11,0.8
14171,354,0.1,12,0.8
14172,354,0.1,13,0.8
14173,354,0.1,14,0.8
14174,354,0.1,15,0.8
14175,354,0.1,16,0.8
14176,354,0.1,17,0.8
14177,354,0.1,18,0.8
14178,354,0.1,19,0.8
14179,354,0.1,20,1.0
14180,354,0.1,21,1.0
14181,354,0.1,22,1.0
14182,354,0.1,23,1.0
14183,354,0.1,24,1.0
14184,354,0.1,25,1.0
14185,354,0.1,26,1.0
14186,354,0.1,27,1.0
14187,354,0.1,28,1.0
14188,354,0.1,29,1.0
14189,354,0.1,30,1.0
14190,354,0.1,31,1.0
14191,354,0.1,32,1.0
14192,354,0.1,33,1.0
14193,354,0.1,34,1.0
14194,354,0.1,35,1.0
14195,354,0.1,36,1.0
14196,354,0.1,37,1.0
14197,354,0.1,38,1.0
14198,354,0.1,39,1.0
14199,354,0.1,40,1.0
14200,355,0.1,1,0.6
14201,355,0.1,2,0.6
14202,355,0.1,3,0.6
14203,355,0.1,4,0.6
14204,355,0.1,5,0.6
14205,355,0.1,6,0.8
14206,355,0.1,7,0.8
14207,355,0.1,8,0.8
14208,355,0.1,9,0.8
14209,355,0.1,10,0.8
14210,355,0.1,11,0.8
14211,355,0.1,12,0.8
14212,355,0.1,13,0.8
14213,355,0.1,14,0.8
14214,355,0.1,15,0.8
14215,355,0.1,16,0.8
14216,355,0.1,17,0.8
14217,355,0.1,18,0.8
14218,355,0.1,19,0.8
14219,355,0.1,20,0.8
14220,355,0.1,21,1.0
14221,355,0.1,22,1.0
14222,355,0.1,23,1.0
14223,355,0.1,24,1.0
14224,355,0.1,25,1.0
14225,355,0.1,26,1.0
14226,355,0.1,27,1.0
14227,355,0.1,28,1.0
14228,355,0.1,29,1.0
14229,355,0.1,30,1.0
14230,355,0.1,31,1.0
14231,355,0.1,32,1.0
14232,355,0.1,33,1.0
14233,355,0.1,34,1.0
14234,355,0.1,35,1.0
14235,355,0.1,36,1.0
14236,355,0.1,37,1.0
14237,355,0.1,38,1.0
14238,355,0.1,39,1.0
14239,355,0.1,40,1.0
14240,356,0.1,1,0.6
14241,356,0.1,2,0.6
14242,356,0.1,3,0.6
14243,356,0.1,4,0.6
14244,356,0.1,5,0.4
14245,356,0.1,6,0.4
14246,356,0.1,7,0.4
14247,356,0.1,8,0.4
14248,356,0.1,9,0.4
14249,356,0.1,10,0.6
14250,356,0.1,11,0.6
14251,356,0.1,12,1.0
14252,356,0.1,13,1.0
14253,356,0.1,14,0.8
14254,356,0.1,15,0.8
14255,356,0.1,16,0.8
14256,356,0.1,17,0.8
14257,356,0.1,18,0.8
14258,356,0.1,19,0.8
14259,356,0.1,20,0.8
14260,356,0.1,21,0.8
14261,356,0.1,22,0.8
14262,356,0.1,23,0.8
14263,356,0.1,24,0.8
14264,356,0.1,25,0.8
14265,356,0.1,26,0.8
14266,356,0.1,27,0.8
14267,356,0.1,28,0.8
14268,356,0.1,29,0.8
14269,356,0.1,30,1.0
14270,356,0.1,31,1.0
14271,356,0.1,32,1.0
14272,356,0.1,33,1.0
14273,356,0.1,34,1.0
14274,356,0.1,35,1.0
14275,356,0.1,36,1.0
14276,356,0.1,37,1.0
14277,356,0.1,38,1.0
14278,356,0.1,39,1.0
14279,356,0.1,40,1.0
14280,357,0.1,1,0.0
14281,357,0.1,2,0.4
14282,357,0.1,3,0.6
14283,357,0.1,4,0.6
14284,357,0.1,5,0.6
14285,357,0.1,6,0.6
14286,357,0.1,7,0.6
14287,357,0.1,8,0.8
14288,357,0.1,9,0.6
14289,357,0.1,10,0.8
14290,357,0.1,11,0.8
14291,357,0.1,12,0.8
14292,357,0.1,13,0.8
14293,357,0.1,14,0.8
14294,357,0.1,15,0.8
14295,357,0.1,16,0.8
14296,357,0.1,17,0.8
14297,357,0.1,18,0.8
14298,357,0.1,19,0.8
14299,357,0.1,20,0.8
14300,357,0.1,21,0.8
14301,357,0.1,22,0.8
14302,357,0.1,23,0.8
14303,357,0.1,24,0.8
14304,357,0.1,25,0.8
14305,357,0.1,26,0.8
14306,357,0.1,27,0.8
14307,357,0.1,28,0.8
14308,357,0.1,29,0.6
14309,357,0.1,30,0.4
14310,357,0.1,31,0.4
14311,357,0.1,32,0.4
14312,357,0.1,33,0.6
14313,357,0.1,34,0.4
14314,357,0.1,35,0.6
14315,357,0.1,36,0.4
14316,357,0.1,37,0.4
14317,357,0.1,38,0.4
14318,357,0.1,39,0.4
14319,357,0.1,40,0.6
14320,358,0.1,1,1.0
14321,358,0.1,2,1.0
14322,358,0.1,3,1.0
14323,358,0.1,4,1.0
14324,358,0.1,5,1.0
14325,358,0.1,6,0.8
14326,358,0.1,7,0.8
14327,358,0.1,8,0.8
14328,358,0.1,9,0.8
14329,358,0.1,10,0.8
14330,358,0.1,11,0.8
14331,358,0.1,12,0.8
14332,358,0.1,13,0.8
14333,358,0.1,14,0.8
14334,358,0.1,15,0.8
14335,358,0.1,16,0.8
14336,358,0.1,17,0.8
14337,358,0.1,18,0.8
14338,358,0.1,19,1.0
14339,358,0.1,20,1.0
14340,358,0.1,21,1.0
14341,358,0.1,22,1.0
14342,358,0.1,23,1.0
14343,358,0.1,24,1.0
14344,358,0.1,25,1.0
14345,358,0.1,26,1.0
14346,358,0.1,27,1.0
14347,358,0.1,28,1.0
14348,358,0.1,29,1.0
14349,358,0.1,30,1.0
14350,358,0.1,31,1.0
14351,358,0.1,32,1.0
14352,358,0.1,33,1.0
14353,358,0.1,34,1.0
14354,358,0.1,35,1.0
14355,358,0.1,36,1.0
14356,358,0.1,37,1.0
14357,358,0.1,38,1.0
14358,358,0.1,39,1.0
14359,358,0.1,40,1.0
14360,359,0.1,1,0.0
14361,359,0.1,2,0.4
14362,359,0.1,3,0.6
14363,359,0.1,4,0.4
14364,359,0.1,5,0.8
14365,359,0.1,6,0.8
14366,359,0.1,7,0.8
14367,359,0.1,8,1.0
14368,359,0.1,9,1.0
14369,359,0.1,10,1.0
14370,359,0.1,11,1.0
14371,359,0.1,12,1.0
14372,359,0.1,13,1.0
14373,359,0.1,14,1.0
14374,359,0.1,15,1.0
14375,359,0.1,16,1.0
14376,359,0.1,17,1.0
14377,359,0.1,18,0.8
14378,359,0.1,19,0.8
14379,359,0.1,20,0.8
14380,359,0.1,21,0.8
14381,359,0.1,22,0.8
14382,359,0.1,23,0.8
14383,359,0.1,24,1.0
14384,359,0.1,25,1.0
14385,359,0.1,26,1.0
14386,359,0.1,27,1.0
14387,359,0.1,28,1.0
14388,359,0.1,29,1.0
14389,359,0.1,30,1.0
14390,359,0.1,31,0.8
14391,359,0.1,32,0.8
14392,359,0.1,33,1.0
14393,359,0.1,34,1.0
14394,359,0.1,35,0.8
14395,359,0.1,36,1.0
14396,359,0.1,37,1.0
14397,359,0.1,38,1.0
14398,359,0.1,39,0.8
14399,359,0.1,40,1.0
14400,360,0.2,1,1.0
14401,360,0.2,2,1.0
14402,360,0.2,3,1.0
14403,360,0.2,4,1.0
14404,360,0.2,5,1.0
14405,360,0.2,6,1.0
14406,360,0.2,7,1.0
14407,360,0.2,8,0.8
14408,360,0.2,9,0.8
14409,360,0.2,10,0.8
14410,360,0.2,11,0.8
14411,360,0.2,12,0.8
14412,360,0.2,13,1.0
14413,360,0.2,14,1.0
14414,360,0.2,15,1.0
14415,360,0.2,16,1.0
14416,360,0.2,17,1.0
14417,360,0.2,18,1.0
14418,360,0.2,19,1.0
14419,360,0.2,20,1.0
14420,360,0.2,21,1.0
14421,360,0.2,22,1.0
14422,360,0.2,23,1.0
14423,360,0.2,24,1.0
14424,360,0.2,25,1.0
14425,360,0.2,26,1.0
14426,360,0.2,27,1.0
14427,360,0.2,28,1.0
14428,360,0.2,29,1.0
14429,360,0.2,30,1.0
14430,360,0.2,31,1.0
14431,360,0.2,32,1.0
14432,360,0.2,33,1.0
14433,360,0.2,34,1.0
14434,360,0.2,35,1.0
14435,360,0.2,36,1.0
14436,360,0.2,37,1.0
14437,360,0.2,38,1.0
14438,360,0.2,39,1.0
14439,360,0.2,40,1.0
14440,361,0.2,1,0.8
14441,361,0.2,2,1.0
14442,361,0.2,3,1.0
14443,361,0.2,4,1.0
14444,361,0.2,5,1.0
14445,361,0.2,6,1.0
14446,361,0.2,7,1.0
14447,361,0.2,8,1.0
14448,361,0.2,9,1.0
14449,361,0.2,10,1.0
14450,361,0.2,11,1.0
14451,361,0.2,12,1.0
14452,361,0.2,13,1.0
14453,361,0.2,14,1.0
14454,361,0.2,15,1.0
14455,361,0.2,16,1.0
14456,361,0.2,17,1.0
14457,361,0.2,18,1.0
14458,361,0.2,19,1.0
14459,361,0.2,20,1.0
14460,361,0.2,21,1.0
14461,361,0.2,22,1.0
14462,361,0.2,23,1.0
14463,361,0.2,24,1.0
14464,361,0.2,25,1.0
14465,361,0.2,26,1.0
14466,361,0.2,27,1.0
14467,361,0.2,28,1.0
14468,361,0.2,29,1.0
14469,361,0.2,30,1.0
14470,361,0.2,31,1.0
14471,361,0.2,32,1.0
14472,361,0.2,33,1.0
14473,361,0.2,34,1.0
14474,361,0.2,35,1.0
14475,361,0.2,36,1.0
14476,361,0.2,37,1.0
14477,361,0.2,38,1.0
14478,361,0.2,39,1.0
14479,361,0.2,40,1.0
14480,362,0.2,1,0.6
14481,362,0.2,2,0.6
14482,362,0.2,3,0.6
14483,362,0.2,4,0.6
14484,362,0.2,5,0.6
14485,362,0.2,6,0.6
14486,362,0.2,7,0.6
14487,362,0.2,8,0.8
14488,362,0.2,9,0.8
14489,362,0.2,10,0.8
14490,362,0.2,11,0.8
14491,362,0.2,12,0.8
14492,362,0.2,13,1.0
14493,362,0.2,14,1.0
14494,362,0.2,15,1.0
14495,362,0.2,16,1.0
14496,362,0.2,17,1.0
14497,362,0.2,18,1.0
14498,362,0.2,19,1.0
14499,362,0.2,20,1.0
14500,362,0.2,21,1.0
14501,362,0.2,22,1.0
14502,362,0.2,23,1.0
14503,362,0.2,24,1.0
14504,362,0.2,25,1.0
14505,362,0.2,26,0.8
14506,362,0.2,27,0.8
14507,362,0.2,28,0.8
14508,362,0.2,29,0.8
14509,362,0.2,30,0.8
14510,362,0.2,31,1.0
14511,362,0.2,32,1.0
14512,362,0.2,33,1.0
14513,362,0.2,34,1.0
14514,362,0.2,35,1.0
14515,362,0.2,36,1.0
14516,362,0.2,37,1.0
14517,362,0.2,38,1.0
14518,362,0.2,39,1.0
14519,362,0.2,40,1.0
14520,363,0.2,1,0.8
14521,363,0.2,2,1.0
14522,363,0.2,3,1.0
14523,363,0.2,4,1.0
14524,363,0.2,5,1.0
14525,363,0.2,6,1.0
14526,363,0.2,7,1.0
14527,363,0.2,8,1.0
14528,363,0.2,9,1.0
14529,363,0.2,10,1.0
14530,363,0.2,11,1.0
14531,363,0.2,12,1.0
14532,363,0.2,13,1.0
14533,363,0.2,14,1.0
14534,363,0.2,15,1.0
14535,363,0.2,16,1.0
14536,363,0.2,17,1.0
14537,363,0.2,18,1.0
14538,363,0.2,19,1.0
14539,363,0.2,20,1.0
14540,363,0.2,21,1.0
14541,363,0.2,22,1.0
14542,363,0.2,23,1.0
14543,363,0.2,24,1.0
14544,363,0.2,25,1.0
14545,363,0.2,26,1.0
14546,363,0.2,27,1.0
14547,363,0.2,28,1.0
14548,363,0.2,29,1.0
14549,363,0.2,30,1.0
14550,363,0.2,31,1.0
14551,363,0.2,32,1.0
14552,363,0.2,33,0.8
14553,363,0.2,34,0.8
14554,363,0.2,35,0.8
14555,363,0.2,36,1.0
14556,363,0.2,37,0.8
14557,363,0.2,38,1.0
14558,363,0.2,39,0.8
14559,363,0.2,40,0.8
14560,364,0.2,1,0.6
14561,364,0.2,2,0.8
14562,364,0.2,3,0.8
14563,364,0.2,4,0.8
14564,364,0.2,5,1.0
14565,364,0.2,6,1.0
14566,364,0.2,7,0.8
14567,364,0.2,8,0.8
14568,364,0.2,9,0.8
14569,364,0.2,10,0.8
14570,364,0.2,11,0.8
14571,364,0.2,12,0.8
14572,364,0.2,13,0.8
14573,364,0.2,14,1.0
14574,364,0.2,15,0.8
14575,364,0.2,16,1.0
14576,364,0.2,17,0.8
14577,364,0.2,18,0.8
14578,364,0.2,19,1.0
14579,364,0.2,20,0.8
14580,364,0.2,21,0.8
14581,364,0.2,22,0.8
14582,364,0.2,23,0.8
14583,364,0.2,24,0.8
14584,364,0.2,25,0.8
14585,364,0.2,26,0.8
14586,364,0.2,27,0.8
14587,364,0.2,28,1.0
14588,364,0.2,29,0.8
14589,364,0.2,30,0.8
14590,364,0.2,31,0.8
14591,364,0.2,32,0.8
14592,364,0.2,33,0.8
14593,364,0.2,34,0.8
14594,364,0.2,35,0.8
14595,364,0.2,36,0.8
14596,364,0.2,37,0.8
14597,364,0.2,38,0.8
14598,364,0.2,39,0.8
14599,364,0.2,40,0.8
14600,365,0.2,1,0.6
14601,365,0.2,2,0.6
14602,365,0.2,3,0.6
14603,365,0.2,4,0.6
14604,365,0.2,5,0.6
14605,365,0.2,6,0.6
14606,365,0.2,7,1.0
14607,365,0.2,8,0.8
14608,365,0.2,9,0.8
14609,365,0.2,10,0.8
14610,365,0.2,11,1.0
14611,365,0.2,12,1.0
14612,365,0.2,13,1.0
14613,365,0.2,14,1.0
14614,365,0.2,15,1.0
14615,365,0.2,16,0.8
14616,365,0.2,17,0.8
14617,365,0.2,18,0.8
14618,365,0.2,19,0.8
14619,365,0.2,20,0.8
14620,365,0.2,21,0.8
14621,365,0.2,22,0.8
14622,365,0.2,23,0.8
14623,365,0.2,24,0.8
14624,365,0.2,25,0.8
14625,365,0.2,26,0.8
14626,365,0.2,27,0.8
14627,365,0.2,28,0.8
14628,365,0.2,29,0.8
14629,365,0.2,30,0.8
14630,365,0.2,31,0.8
14631,365,0.2,32,0.8
14632,365,0.2,33,0.8
14633,365,0.2,34,0.8
14634,365,0.2,35,0.8
14635,365,0.2,36,0.8
14636,365,0.2,37,0.8
14637,365,0.2,38,1.0
14638,365,0.2,39,1.0
14639,365,0.2,40,0.8
14640,366,0.2,1,0.0
14641,366,0.2,2,0.2
14642,366,0.2,3,0.2
14643,366,0.2,4,0.4
14644,366,0.2,5,0.4
14645,366,0.2,6,0.4
14646,366,0.2,7,0.6
14647,366,0.2,8,0.6
14648,366,0.2,9,1.0
14649,366,0.2,10,0.8
14650,366,0.2,11,0.8
14651,366,0.2,12,0.8
14652,366,0.2,13,0.8
14653,366,0.2,14,0.8
14654,366,0.2,15,0.8
14655,366,0.2,16,0.8
14656,366,0.2,17,0.8
14657,366,0.2,18,0.8
14658,366,0.2,19,0.8
14659,366,0.2,20,0.8
14660,366,0.2,21,0.8
14661,366,0.2,22,0.8
14662,366,0.2,23,0.8
14663,366,0.2,24,0.8
14664,366,0.2,25,0.8
14665,366,0.2,26,0.8
14666,366,0.2,27,0.8
14667,366,0.2,28,0.8
14668,366,0.2,29,0.8
14669,366,0.2,30,0.8
14670,366,0.2,31,0.8
14671,366,0.2,32,0.8
14672,366,0.2,33,0.8
14673,366,0.2,34,0.8
14674,366,0.2,35,0.8
14675,366,0.2,36,0.8
14676,366,0.2,37,0.8
14677,366,0.2,38,0.8
14678,366,0.2,39,0.8
14679,366,0.2,40,0.8
14680,367,0.2,1,1.0
14681,367,0.2,2,1.0
14682,367,0.2,3,1.0
14683,367,0.2,4,1.0
14684,367,0.2,5,1.0
14685,367,0.2,6,1.0
14686,367,0.2,7,1.0
14687,367,0.2,8,1.0
14688,367,0.2,9,1.0
14689,367,0.2,10,1.0
14690,367,0.2,11,1.0
14691,367,0.2,12,1.0
14692,367,0.2,13,1.0
14693,367,0.2,14,1.0
14694,367,0.2,15,1.0
14695,367,0.2,16,1.0
14696,367,0.2,17,1.0
14697,367,0.2,18,0.8
14698,367,0.2,19,0.8
14699,367,0.2,20,0.8
14700,367,0.2,21,1.0
14701,367,0.2,22,1.0
14702,367,0.2,23,1.0
14703,367,0.2,24,1.0
14704,367,0.2,25,1.0
14705,367,0.2,26,1.0
14706,367,0.2,27,1.0
14707,367,0.2,28,1.0
14708,367,0.2,29,1.0
14709,367,0.2,30,1.0
14710,367,0.2,31,1.0
14711,367,0.2,32,1.0
14712,367,0.2,33,1.0
14713,367,0.2,34,1.0
14714,367,0.2,35,1.0
14715,367,0.2,36,1.0
14716,367,0.2,37,1.0
14717,367,0.2,38,1.0
14718,367,0.2,39,1.0
14719,367,0.2,40,1.0
14720,368,0.2,1,0.0
14721,368,0.2,2,0.4
14722,368,0.2,3,0.8
14723,368,0.2,4,0.8
14724,368,0.2,5,0.8
14725,368,0.2,6,1.0
14726,368,0.2,7,1.0
14727,368,0.2,8,1.0
14728,368,0.2,9,1.0
14729,368,0.2,10,1.0
14730,368,0.2,11,1.0
14731,368,0.2,12,1.0
14732,368,0.2,13,1.0
14733,368,0.2,14,0.8
14734,368,0.2,15,0.8
14735,368,0.2,16,1.0
14736,368,0.2,17,1.0
14737,368,0.2,18,0.8
14738,368,0.2,19,1.0
14739,368,0.2,20,1.0
14740,368,0.2,21,1.0
14741,368,0.2,22,1.0
14742,368,0.2,23,0.8
14743,368,0.2,24,0.8
14744,368,0.2,25,0.8
14745,368,0.2,26,0.8
14746,368,0.2,27,0.8
14747,368,0.2,28,0.8
14748,368,0.2,29,0.8
14749,368,0.2,30,0.8
14750,368,0.2,31,0.8
14751,368,0.2,32,0.8
14752,368,0.2,33,0.8
14753,368,0.2,34,0.8
14754,368,0.2,35,0.8
14755,368,0.2,36,0.8
14756,368,0.2,37,1.0
14757,368,0.2,38,0.8
14758,368,0.2,39,0.8
14759,368,0.2,40,0.8
14760,369,0.2,1,1.0
14761,369,0.2,2,1.0
14762,369,0.2,3,1.0
14763,369,0.2,4,0.8
14764,369,0.2,5,0.8
14765,369,0.2,6,1.0
14766,369,0.2,7,1.0
14767,369,0.2,8,1.0
14768,369,0.2,9,1.0
14769,369,0.2,10,1.0
14770,369,0.2,11,0.8
14771,369,0.2,12,0.8
14772,369,0.2,13,0.8
14773,369,0.2,14,0.8
14774,369,0.2,15,0.8
14775,369,0.2,16,1.0
14776,369,0.2,17,1.0
14777,369,0.2,18,1.0
14778,369,0.2,19,0.8
14779,369,0.2,20,1.0
14780,369,0.2,21,0.8
14781,369,0.2,22,0.8
14782,369,0.2,23,1.0
14783,369,0.2,24,1.0
14784,369,0.2,25,0.8
14785,369,0.2,26,0.8
14786,369,0.2,27,0.8
14787,369,0.2,28,0.8
14788,369,0.2,29,0.8
14789,369,0.2,30,0.8
14790,369,0.2,31,0.8
14791,369,0.2,32,0.8
14792,369,0.2,33,0.8
14793,369,0.2,34,0.8
14794,369,0.2,35,0.8
14795,369,0.2,36,0.8
14796,369,0.2,37,0.8
14797,369,0.2,38,0.8
14798,369,0.2,39,0.8
14799,369,0.2,40,0.8
14800,370,0.2,1,0.8
14801,370,0.2,2,0.8
14802,370,0.2,3,0.8
14803,370,0.2,4,0.8
14804,370,0.2,5,0.8
14805,370,0.2,6,0.8
14806,370,0.2,7,0.8
14807,370,0.2,8,0.8
14808,370,0.2,9,0.8
14809,370,0.2,10,0.6
14810,370,0.2,11,0.8
14811,370,0.2,12,0.6
14812,370,0.2,13,0.8
14813,370,0.2,14,0.8
14814,370,0.2,15,0.8
14815,370,0.2,16,0.8
14816,370,0.2,17,0.8
14817,370,0.2,18,0.8
14818,370,0.2,19,0.8
14819,370,0.2,20,0.8
14820,370,0.2,21,0.8
14821,370,0.2,22,0.8
14822,370,0.2,23,0.8
14823,370,0.2,24,0.8
14824,370,0.2,25,0.8
14825,370,0.2,26,0.8
14826,370,0.2,27,0.8
14827,370,0.2,28,0.8
14828,370,0.2,29,0.8
14829,370,0.2,30,0.8
14830,370,0.2,31,0.8
14831,370,0.2,32,0.8
14832,370,0.2,33,0.8
14833,370,0.2,34,0.8
14834,370,0.2,35,0.8
14835,370,0.2,36,0.8
14836,370,0.2,37,0.8
14837,370,0.2,38,0.8
14838,370,0.2,39,0.8
14839,370,0.2,40,0.8
14840,371,0.2,1,0.6
14841,371,0.2,2,0.8
14842,371,0.2,3,0.6
14843,371,0.2,4,0.8
14844,371,0.2,5,1.0
14845,371,0.2,6,0.8
14846,371,0.2,7,1.0
14847,371,0.2,8,1.0
14848,371,0.2,9,0.8
14849,371,0.2,10,1.0
14850,371,0.2,11,1.0
14851,371,0.2,12,0.8
14852,371,0.2,13,0.8
14853,371,0.2,14,1.0
14854,371,0.2,15,0.8
14855,371,0.2,16,0.8
14856,371,0.2,17,0.8
14857,371,0.2,18,0.8
14858,371,0.2,19,0.8
14859,371,0.2,20,0.8
14860,371,0.2,21,0.8
14861,371,0.2,22,0.8
14862,371,0.2,23,0.8
14863,371,0.2,24,0.8
14864,371,0.2,25,0.8
14865,371,0.2,26,0.8
14866,371,0.2,27,0.8
14867,371,0.2,28,0.8
14868,371,0.2,29,0.8
14869,371,0.2,30,0.8
14870,371,0.2,31,0.8
14871,371,0.2,32,0.8
14872,371,0.2,33,0.8
14873,371,0.2,34,0.8
14874,371,0.2,35,0.8
14875,371,0.2,36,0.8
14876,371,0.2,37,0.8
14877,371,0.2,38,0.8
14878,371,0.2,39,0.8
14879,371,0.2,40,0.8
14880,372,0.2,1,0.8
14881,372,0.2,2,0.8
14882,372,0.2,3,0.8
14883,372,0.2,4,0.8
14884,372,0.2,5,0.8
14885,372,0.2,6,0.8
14886,372,0.2,7,0.8
14887,372,0.2,8,0.8
14888,372,0.2,9,0.8
14889,372,0.2,10,0.8
14890,372,0.2,11,0.8
14891,372,0.2,12,0.8
14892,372,0.2,13,0.8
14893,372,0.2,14,0.8
14894,372,0.2,15,0.8
14895,372,0.2,16,0.6
14896,372,0.2,17,0.6
14897,372,0.2,18,0.8
14898,372,0.2,19,0.6
14899,372,0.2,20,0.8
14900,372,0.2,21,0.8
14901,372,0.2,22,0.8
14902,372,0.2,23,0.8
14903,372,0.2,24,0.8
14904,372,0.2,25,0.8
14905,372,0.2,26,0.8
14906,372,0.2,27,0.8
14907,372,0.2,28,0.8
14908,372,0.2,29,0.8
14909,372,0.2,30,0.8
14910,372,0.2,31,0.8
14911,372,0.2,32,0.8
14912,372,0.2,33,0.8
14913,372,0.2,34,0.8
14914,372,0.2,35,0.8
14915,372,0.2,36,0.8
14916,372,0.2,37,0.8
14917,372,0.2,38,0.8
14918,372,0.2,39,1.0
14919,372,0.2,40,0.8
14920,373,0.2,1,0.6
14921,373,0.2,2,0.6
14922,373,0.2,3,0.6
14923,373,0.2,4,0.6
14924,373,0.2,5,0.2
14925,373,0.2,6,0.2
14926,373,0.2,7,0.6
14927,373,0.2,8,0.8
14928,373,0.2,9,1.0
14929,373,0.2,10,1.0
14930,373,0.2,11,1.0
14931,373,0.2,12,0.8
14932,373,0.2,13,1.0
14933,373,0.2,14,1.0
14934,373,0.2,15,1.0
14935,373,0.2,16,1.0
14936,373,0.2,17,1.0
14937,373,0.2,18,1.0
14938,373,0.2,19,1.0
14939,373,0.2,20,1.0
14940,373,0.2,21,1.0
14941,373,0.2,22,1.0
14942,373,0.2,23,1.0
14943,373,0.2,24,1.0
14944,373,0.2,25,1.0
14945,373,0.2,26,1.0
14946,373,0.2,27,1.0
14947,373,0.2,28,1.0
14948,373,0.2,29,1.0
14949,373,0.2,30,1.0
14950,373,0.2,31,1.0
14951,373,0.2,32,1.0
14952,373,0.2,33,1.0
14953,373,0.2,34,1.0
14954,373,0.2,35,1.0
14955,373,0.2,36,1.0
14956,373,0.2,37,1.0
14957,373,0.2,38,1.0
14958,373,0.2,39,1.0
14959,373,0.2,40,1.0
14960,374,0.2,1,0.6
14961,374,0.2,2,0.6
14962,374,0.2,3,0.6
14963,374,0.2,4,1.0
14964,374,0.2,5,0.6
14965,374,0.2,6,0.8
14966,374,0.2,7,1.0
14967,374,0.2,8,1.0
14968,374,0.2,9,0.8
14969,374,0.2,10,1.0
14970,374,0.2,11,1.0
14971,374,0.2,12,1.0
14972,374,0.2,13,1.0
14973,374,0.2,14,1.0
14974,374,0.2,15,1.0
14975,374,0.2,16,1.0
14976,374,0.2,17,1.0
14977,374,0.2,18,1.0
14978,374,0.2,19,1.0
14979,374,0.2,20,1.0
14980,374,0.2,21,1.0
14981,374,0.2,22,1.0
14982,374,0.2,23,1.0
14983,374,0.2,24,1.0
14984,374,0.2,25,1.0
14985,374,0.2,26,1.0
14986,374,0.2,27,1.0
14987,374,0.2,28,0.8
14988,374,0.2,29,0.8
14989,374,0.2,30,0.8
14990,374,0.2,31,0.8
14991,374,0.2,32,0.8
14992,374,0.2,33,0.8
14993,374,0.2,34,0.8
14994,374,0.2,35,0.8
14995,374,0.2,36,0.8
14996,374,0.2,37,0.8
14997,374,0.2,38,1.0
14998,374,0.2,39,1.0
14999,374,0.2,40,1.0
15000,375,0.2,1,0.0
15001,375,0.2,2,0.6
15002,375,0.2,3,0.6
15003,375,0.2,4,0.4
15004,375,0.2,5,0.6
15005,375,0.2,6,0.8
15006,375,0.2,7,0.6
15007,375,0.2,8,0.6
15008,375,0.2,9,0.8
15009,375,0.2,10,1.0
15010,375,0.2,11,0.8
15011,375,0.2,12,1.0
15012,375,0.2,13,1.0
15013,375,0.2,14,1.0
15014,375,0.2,15,1.0
15015,375,0.2,16,1.0
15016,375,0.2,17,1.0
15017,375,0.2,18,1.0
15018,375,0.2,19,1.0
15019,375,0.2,20,1.0
15020,375,0.2,21,1.0
15021,375,0.2,22,1.0
15022,375,0.2,23,1.0
15023,375,0.2,24,1.0
15024,375,0.2,25,1.0
15025,375,0.2,26,1.0
15026,375,0.2,27,1.0
15027,375,0.2,28,1.0
15028,375,0.2,29,1.0
15029,375,0.2,30,1.0
15030,375,0.2,31,1.0
15031,375,0.2,32,1.0
15032,375,0.2,33,1.0
15033,375,0.2,34,1.0
15034,375,0.2,35,1.0
15035,375,0.2,36,1.0
15036,375,0.2,37,1.0
15037,375,0.2,38,1.0
15038,375,0.2,39,1.0
15039,375,0.2,40,1.0
15040,376,0.2,1,1.0
15041,376,0.2,2,1.0
15042,376,0.2,3,1.0
15043,376,0.2,4,0.8
15044,376,0.2,5,1.0
15045,376,0.2,6,1.0
15046,376,0.2,7,0.8
15047,376,0.2,8,0.8
15048,376,0.2,9,0.8
15049,376,0.2,10,1.0
15050,376,0.2,11,0.8
15051,376,0.2,12,0.8
15052,376,0.2,13,0.8
15053,376,0.2,14,0.8
15054,376,0.2,15,0.8
15055,376,0.2,16,0.8
15056,376,0.2,17,1.0
15057,376,0.2,18,1.0
15058,376,0.2,19,1.0
15059,376,0.2,20,1.0
15060,376,0.2,21,1.0
15061,376,0.2,22,1.0
15062,376,0.2,23,1.0
15063,376,0.2,24,1.0
15064,376,0.2,25,1.0
15065,376,0.2,26,1.0
15066,376,0.2,27,1.0
15067,376,0.2,28,1.0
15068,376,0.2,29,1.0
15069,376,0.2,30,1.0
15070,376,0.2,31,1.0
15071,376,0.2,32,1.0
15072,376,0.2,33,1.0
15073,376,0.2,34,1.0
15074,376,0.2,35,1.0
15075,376,0.2,36,1.0
15076,376,0.2,37,1.0
15077,376,0.2,38,1.0
15078,376,0.2,39,1.0
15079,376,0.2,40,1.0
15080,377,0.2,1,0.0
15081,377,0.2,2,0.8
15082,377,0.2,3,0.8
15083,377,0.2,4,0.8
15084,377,0.2,5,0.8
15085,377,0.2,6,0.8
15086,377,0.2,7,0.8
15087,377,0.2,8,0.8
15088,377,0.2,9,0.8
15089,377,0.2,10,0.8
15090,377,0.2,11,0.8
15091,377,0.2,12,0.8
15092,377,0.2,13,0.8
15093,377,0.2,14,0.8
15094,377,0.2,15,0.8
15095,377,0.2,16,0.8
15096,377,0.2,17,0.8
15097,377,0.2,18,0.8
15098,377,0.2,19,0.8
15099,377,0.2,20,0.8
15100,377,0.2,21,0.8
15101,377,0.2,22,0.8
15102,377,0.2,23,0.6
15103,377,0.2,24,0.6
15104,377,0.2,25,0.6
15105,377,0.2,26,0.6
15106,377,0.2,27,0.6
15107,377,0.2,28,0.6
15108,377,0.2,29,0.6
15109,377,0.2,30,0.6
15110,377,0.2,31,0.6
15111,377,0.2,32,0.6
15112,377,0.2,33,0.6
15113,377,0.2,34,0.6
15114,377,0.2,35,0.6
15115,377,0.2,36,0.6
15116,377,0.2,37,0.6
15117,377,0.2,38,0.6
15118,377,0.2,39,0.6
15119,377,0.2,40,0.6
15120,378,0.2,1,1.0
15121,378,0.2,2,1.0
15122,378,0.2,3,1.0
15123,378,0.2,4,1.0
15124,378,0.2,5,1.0
15125,378,0.2,6,1.0
15126,378,0.2,7,1.0
15127,378,0.2,8,1.0
15128,378,0.2,9,0.8
15129,378,0.2,10,0.8
15130,378,0.2,11,0.8
15131,378,0.2,12,0.8
15132,378,0.2,13,0.6
15133,378,0.2,14,0.6
15134,378,0.2,15,0.6
15135,378,0.2,16,0.6
15136,378,0.2,17,0.8
15137,378,0.2,18,0.6
15138,378,0.2,19,0.6
15139,378,0.2,20,0.6
15140,378,0.2,21,0.8
15141,378,0.2,22,0.8
15142,378,0.2,23,0.8
15143,378,0.2,24,0.8
15144,378,0.2,25,0.8
15145,378,0.2,26,1.0
15146,378,0.2,27,1.0
15147,378,0.2,28,1.0
15148,378,0.2,29,1.0
15149,378,0.2,30,1.0
15150,378,0.2,31,1.0
15151,378,0.2,32,1.0
15152,378,0.2,33,1.0
15153,378,0.2,34,1.0
15154,378,0.2,35,0.8
15155,378,0.2,36,0.8
15156,378,0.2,37,0.8
15157,378,0.2,38,0.8
15158,378,0.2,39,0.8
15159,378,0.2,40,0.8
15160,379,0.2,1,0.8
15161,379,0.2,2,0.8
15162,379,0.2,3,0.8
15163,379,0.2,4,0.8
15164,379,0.2,5,0.8
15165,379,0.2,6,0.8
15166,379,0.2,7,0.8
15167,379,0.2,8,0.8
15168,379,0.2,9,0.8
15169,379,0.2,10,0.8
15170,379,0.2,11,0.8
15171,379,0.2,12,0.8
15172,379,0.2,13,0.8
15173,379,0.2,14,0.8
15174,379,0.2,15,0.8
15175,379,0.2,16,0.6
15176,379,0.2,17,0.6
15177,379,0.2,18,0.6
15178,379,0.2,19,0.8
15179,379,0.2,20,1.0
15180,379,0.2,21,0.8
15181,379,0.2,22,1.0
15182,379,0.2,23,1.0
15183,379,0.2,24,1.0
15184,379,0.2,25,1.0
15185,379,0.2,26,1.0
15186,379,0.2,27,1.0
15187,379,0.2,28,1.0
15188,379,0.2,29,1.0
15189,379,0.2,30,1.0
15190,379,0.2,31,1.0
15191,379,0.2,32,1.0
15192,379,0.2,33,1.0
15193,379,0.2,34,1.0
15194,379,0.2,35,1.0
15195,379,0.2,36,1.0
15196,379,0.2,37,1.0
15197,379,0.2,38,1.0
15198,379,0.2,39,1.0
15199,379,0.2,40,1.0
15200,380,0.2,1,0.6
15201,380,0.2,2,0.6
15202,380,0.2,3,0.6
15203,380,0.2,4,0.6
15204,380,0.2,5,0.6
15205,380,0.2,6,1.0
15206,380,0.2,7,0.6
15207,380,0.2,8,1.0
15208,380,0.2,9,0.8
15209,380,0.2,10,0.8
15210,380,0.2,11,0.8
15211,380,0.2,12,0.8
15212,380,0.2,13,0.8
15213,380,0.2,14,0.8
15214,380,0.2,15,0.6
15215,380,0.2,16,0.6
15216,380,0.2,17,0.6
15217,380,0.2,18,0.6
15218,380,0.2,19,0.6
15219,380,0.2,20,0.8
15220,380,0.2,21,0.8
15221,380,0.2,22,0.8
15222,380,0.2,23,0.8
15223,380,0.2,24,0.6
15224,380,0.2,25,0.6
15225,380,0.2,26,0.6
15226,380,0.2,27,0.8
15227,380,0.2,28,0.6
15228,380,0.2,29,0.8
15229,380,0.2,30,0.8
15230,380,0.2,31,0.8
15231,380,0.2,32,0.8
15232,380,0.2,33,0.6
15233,380,0.2,34,0.8
15234,380,0.2,35,0.8
15235,380,0.2,36,0.8
15236,380,0.2,37,0.8
15237,380,0.2,38,0.8
15238,380,0.2,39,0.8
15239,380,0.2,40,0.8
15240,381,0.2,1,0.8
15241,381,0.2,2,0.8
15242,381,0.2,3,0.8
15243,381,0.2,4,0.6
15244,381,0.2,5,1.0
15245,381,0.2,6,0.8
15246,381,0.2,7,1.0
15247,381,0.2,8,1.0
15248,381,0.2,9,1.0
15249,381,0.2,10,1.0
15250,381,0.2,11,1.0
15251,381,0.2,12,1.0
15252,381,0.2,13,1.0
15253,381,0.2,14,1.0
15254,381,0.2,15,1.0
15255,381,0.2,16,1.0
15256,381,0.2,17,1.0
15257,381,0.2,18,1.0
15258,381,0.2,19,1.0
15259,381,0.2,20,1.0
15260,381,0.2,21,1.0
15261,381,0.2,22,1.0
15262,381,0.2,23,1.0
15263,381,0.2,24,1.0
15264,381,0.2,25,1.0
15265,381,0.2,26,1.0
15266,381,0.2,27,1.0
15267,381,0.2,28,1.0
15268,381,0.2,29,1.0
15269,381,0.2,30,1.0
15270,381,0.2,31,1.0
15271,381,0.2,32,1.0
15272,381,0.2,33,1.0
15273,381,0.2,34,1.0
15274,381,0.2,35,1.0
15275,381,0.2,36,1.0
15276,381,0.2,37,1.0
15277,381,0.2,38,1.0
15278,381,0.2,39,1.0
15279,381,0.2,40,1.0
15280,382,0.2,1,0.6
15281,382,0.2,2,0.6
15282,382,0.2,3,0.6
15283,382,0.2,4,0.6
15284,382,0.2,5,0.6
15285,382,0.2,6,0.6
15286,382,0.2,7,0.6
15287,382,0.2,8,0.6
15288,382,0.2,9,0.6
15289,382,0.2,10,0.6
15290,382,0.2,11,0.6
15291,382,0.2,12,0.4
15292,382,0.2,13,0.4
15293,382,0.2,14,0.4
15294,382,0.2,15,0.6
15295,382,0.2,16,0.6
15296,382,0.2,17,0.8
15297,382,0.2,18,0.4
15298,382,0.2,19,0.4
15299,382,0.2,20,0.4
15300,382,0.2,21,0.8
15301,382,0.2,22,1.0
15302,382,0.2,23,0.8
15303,382,0.2,24,0.8
15304,382,0.2,25,0.8
15305,382,0.2,26,0.8
15306,382,0.2,27,0.6
15307,382,0.2,28,0.6
15308,382,0.2,29,0.4
15309,382,0.2,30,0.6
15310,382,0.2,31,0.8
15311,382,0.2,32,0.6
15312,382,0.2,33,0.6
15313,382,0.2,34,0.8
15314,382,0.2,35,0.8
15315,382,0.2,36,0.8
15316,382,0.2,37,0.8
15317,382,0.2,38,0.8
15318,382,0.2,39,0.8
15319,382,0.2,40,0.8
15320,383,0.2,1,0.6
15321,383,0.2,2,0.8
15322,383,0.2,3,0.8
15323,383,0.2,4,0.8
15324,383,0.2,5,0.8
15325,383,0.2,6,0.8
15326,383,0.2,7,0.8
15327,383,0.2,8,0.8
15328,383,0.2,9,0.6
15329,383,0.2,10,0.8
15330,383,0.2,11,0.8
15331,383,0.2,12,0.8
15332,383,0.2,13,0.8
15333,383,0.2,14,0.8
15334,383,0.2,15,0.8
15335,383,0.2,16,0.8
15336,383,0.2,17,0.8
15337,383,0.2,18,0.8
15338,383,0.2,19,0.8
15339,383,0.2,20,0.6
15340,383,0.2,21,0.8
15341,383,0.2,22,0.8
15342,383,0.2,23,0.8
15343,383,0.2,24,0.8
15344,383,0.2,25,0.8
15345,383,0.2,26,0.8
15346,383,0.2,27,0.8
15347,383,0.2,28,0.8
15348,383,0.2,29,0.8
15349,383,0.2,30,0.8
15350,383,0.2,31,0.8
15351,383,0.2,32,0.8
15352,383,0.2,33,0.8
15353,383,0.2,34,0.8
15354,383,0.2,35,0.8
15355,383,0.2,36,0.8
15356,383,0.2,37,0.8
15357,383,0.2,38,0.8
15358,383,0.2,39,0.8
15359,383,0.2,40,0.8
15360,384,0.2,1,0.0
15361,384,0.2,2,0.4
15362,384,0.2,3,0.4
15363,384,0.2,4,1.0
15364,384,0.2,5,1.0
15365,384,0.2,6,1.0
15366,384,0.2,7,1.0
15367,384,0.2,8,1.0
15368,384,0.2,9,1.0
15369,384,0.2,10,0.8
15370,384,0.2,11,0.8
15371,384,0.2,12,0.8
15372,384,0.2,13,0.8
15373,384,0.2,14,0.8
15374,384,0.2,15,0.8
15375,384,0.2,16,0.8
15376,384,0.2,17,0.6
15377,384,0.2,18,0.6
15378,384,0.2,19,0.6
15379,384,0.2,20,0.6
15380,384,0.2,21,0.6
15381,384,0.2,22,0.6
15382,384,0.2,23,0.6
15383,384,0.2,24,0.6
15384,384,0.2,25,0.6
15385,384,0.2,26,0.6
15386,384,0.2,27,0.6
15387,384,0.2,28,0.6
15388,384,0.2,29,1.0
15389,384,0.2,30,1.0
15390,384,0.2,31,1.0
15391,384,0.2,32,1.0
15392,384,0.2,33,1.0
15393,384,0.2,34,1.0
15394,384,0.2,35,1.0
15395,384,0.2,36,1.0
15396,384,0.2,37,1.0
15397,384,0.2,38,1.0
15398,384,0.2,39,1.0
15399,384,0.2,40,1.0
15400,385,0.2,1,1.0
15401,385,0.2,2,1.0
15402,385,0.2,3,1.0
15403,385,0.2,4,0.8
15404,385,0.2,5,0.8
15405,385,0.2,6,0.8
15406,385,0.2,7,0.8
15407,385,0.2,8,0.8
15408,385,0.2,9,0.8
15409,385,0.2,10,0.8
15410,385,0.2,11,0.6
15411,385,0.2,12,0.6
15412,385,0.2,13,0.6
15413,385,0.2,14,0.6
15414,385,0.2,15,0.8
15415,385,0.2,16,1.0
15416,385,0.2,17,0.8
15417,385,0.2,18,1.0
15418,385,0.2,19,0.8
15419,385,0.2,20,0.8
15420,385,0.2,21,0.8
15421,385,0.2,22,0.8
15422,385,0.2,23,0.8
15423,385,0.2,24,0.8
15424,385,0.2,25,0.8
15425,385,0.2,26,0.8
15426,385,0.2,27,0.8
15427,385,0.2,28,0.8
15428,385,0.2,29,0.8
15429,385,0.2,30,0.8
15430,385,0.2,31,0.8
15431,385,0.2,32,0.8
15432,385,0.2,33,0.8
15433,385,0.2,34,0.8
15434,385,0.2,35,0.8
15435,385,0.2,36,0.8
15436,385,0.2,37,0.8
15437,385,0.2,38,0.8
15438,385,0.2,39,0.8
15439,385,0.2,40,0.8
15440,386,0.2,1,0.0
15441,386,0.2,2,0.4
15442,386,0.2,3,0.6
15443,386,0.2,4,0.4
15444,386,0.2,5,0.4
15445,386,0.2,6,0.4
15446,386,0.2,7,0.4
15447,386,0.2,8,0.4
15448,386,0.2,9,0.4
15449,386,0.2,10,0.4
15450,386,0.2,11,0.4
15451,386,0.2,12,0.4
15452,386,0.2,13,0.4
15453,386,0.2,14,0.4
15454,386,0.2,15,0.4
15455,386,0.2,16,0.6
15456,386,0.2,17,0.6
15457,386,0.2,18,0.6
15458,386,0.2,19,0.8
15459,386,0.2,20,0.8
15460,386,0.2,21,0.8
15461,386,0.2,22,0.8
15462,386,0.2,23,0.8
15463,386,0.2,24,0.8
15464,386,0.2,25,0.8
15465,386,0.2,26,0.8
15466,386,0.2,27,0.8
15467,386,0.2,28,0.8
15468,386,0.2,29,0.8
15469,386,0.2,30,0.8
15470,386,0.2,31,0.8
15471,386,0.2,32,0.8
15472,386,0.2,33,0.8
15473,386,0.2,34,0.8
15474,386,0.2,35,0.8
15475,386,0.2,36,0.8
15476,386,0.2,37,0.8
15477,386,0.2,38,0.8
15478,386,0.2,39,0.8
15479,386,0.2,40,0.8
15480,387,0.2,1,1.0
15481,387,0.2,2,1.0
15482,387,0.2,3,1.0
15483,387,0.2,4,0.8
15484,387,0.2,5,1.0
15485,387,0.2,6,1.0
15486,387,0.2,7,1.0
15487,387,0.2,8,1.0
15488,387,0.2,9,1.0
15489,387,0.2,10,1.0
15490,387,0.2,11,1.0
15491,387,0.2,12,1.0
15492,387,0.2,13,1.0
15493,387,0.2,14,1.0
15494,387,0.2,15,1.0
15495,387,0.2,16,1.0
15496,387,0.2,17,1.0
15497,387,0.2,18,1.0
15498,387,0.2,19,1.0
15499,387,0.2,20,1.0
15500,387,0.2,21,1.0
15501,387,0.2,22,1.0
15502,387,0.2,23,1.0
15503,387,0.2,24,1.0
15504,387,0.2,25,1.0
15505,387,0.2,26,1.0
15506,387,0.2,27,1.0
15507,387,0.2,28,1.0
15508,387,0.2,29,1.0
15509,387,0.2,30,1.0
15510,387,0.2,31,1.0
15511,387,0.2,32,1.0
15512,387,0.2,33,1.0
15513,387,0.2,34,1.0
15514,387,0.2,35,1.0
15515,387,0.2,36,1.0
15516,387,0.2,37,1.0
15517,387,0.2,38,1.0
15518,387,0.2,39,1.0
15519,387,0.2,40,1.0
15520,388,0.2,1,0.8
15521,388,0.2,2,0.8
15522,388,0.2,3,0.8
15523,388,0.2,4,0.6
15524,388,0.2,5,0.6
15525,388,0.2,6,0.6
15526,388,0.2,7,0.6
15527,388,0.2,8,0.6
15528,388,0.2,9,0.6
15529,388,0.2,10,0.6
15530,388,0.2,11,0.6
15531,388,0.2,12,0.6
15532,388,0.2,13,0.4
15533,388,0.2,14,0.4
15534,388,0.2,15,0.4
15535,388,0.2,16,0.8
15536,388,0.2,17,0.8
15537,388,0.2,18,0.8
15538,388,0.2,19,1.0
15539,388,0.2,20,1.0
15540,388,0.2,21,1.0
15541,388,0.2,22,1.0
15542,388,0.2,23,1.0
15543,388,0.2,24,1.0
15544,388,0.2,25,1.0
15545,388,0.2,26,1.0
15546,388,0.2,27,1.0
15547,388,0.2,28,1.0
15548,388,0.2,29,1.0
15549,388,0.2,30,1.0
15550,388,0.2,31,1.0
15551,388,0.2,32,1.0
15552,388,0.2,33,1.0
15553,388,0.2,34,1.0
15554,388,0.2,35,1.0
15555,388,0.2,36,1.0
15556,388,0.2,37,1.0
15557,388,0.2,38,1.0
15558,388,0.2,39,1.0
15559,388,0.2,40,1.0
15560,389,0.2,1,0.6
15561,389,0.2,2,0.6
15562,389,0.2,3,0.6
15563,389,0.2,4,0.4
15564,389,0.2,5,0.6
15565,389,0.2,6,0.6
15566,389,0.2,7,0.6
15567,389,0.2,8,0.6
15568,389,0.2,9,0.4
15569,389,0.2,10,0.4
15570,389,0.2,11,0.6
15571,389,0.2,12,0.4
15572,389,0.2,13,0.4
15573,389,0.2,14,0.4
15574,389,0.2,15,0.4
15575,389,0.2,16,0.6
15576,389,0.2,17,0.6
15577,389,0.2,18,0.6
15578,389,0.2,19,0.6
15579,389,0.2,20,0.8
15580,389,0.2,21,0.8
15581,389,0.2,22,0.8
15582,389,0.2,23,0.8
15583,389,0.2,24,0.8
15584,389,0.2,25,0.8
15585,389,0.2,26,0.8
15586,389,0.2,27,0.8
15587,389,0.2,28,0.8
15588,389,0.2,29,0.8
15589,389,0.2,30,0.8
15590,389,0.2,31,0.8
15591,389,0.2,32,0.8
15592,389,0.2,33,0.8
15593,389,0.2,34,0.8
15594,389,0.2,35,0.8
15595,389,0.2,36,0.8
15596,389,0.2,37,0.8
15597,389,0.2,38,0.8
15598,389,0.2,39,0.8
15599,389,0.2,40,0.8
15600,390,0.2,1,0.8
15601,390,0.2,2,0.8
15602,390,0.2,3,0.8
15603,390,0.2,4,0.8
15604,390,0.2,5,0.8
15605,390,0.2,6,0.8
15606,390,0.2,7,1.0
15607,390,0.2,8,0.8
15608,390,0.2,9,0.8
15609,390,0.2,10,0.8
15610,390,0.2,11,0.8
15611,390,0.2,12,0.8
15612,390,0.2,13,0.8
15613,390,0.2,14,0.8
15614,390,0.2,15,0.8
15615,390,0.2,16,0.8
15616,390,0.2,17,0.8
15617,390,0.2,18,0.8
15618,390,0.2,19,0.8
15619,390,0.2,20,0.8
15620,390,0.2,21,0.8
15621,390,0.2,22,0.8
15622,390,0.2,23,0.8
15623,390,0.2,24,0.8
15624,390,0.2,25,0.8
15625,390,0.2,26,0.8
15626,390,0.2,27,0.8
15627,390,0.2,28,0.8
15628,390,0.2,29,0.8
15629,390,0.2,30,0.8
15630,390,0.2,31,0.8
15631,390,0.2,32,0.8
15632,390,0.2,33,0.8
15633,390,0.2,34,0.8
15634,390,0.2,35,0.8
15635,390,0.2,36,0.8
15636,390,0.2,37,0.8
15637,390,0.2,38,0.8
15638,390,0.2,39,0.8
15639,390,0.2,40,0.8
15640,391,0.2,1,0.6
15641,391,0.2,2,0.6
15642,391,0.2,3,0.8
15643,391,0.2,4,0.8
15644,391,0.2,5,0.8
15645,391,0.2,6,1.0
15646,391,0.2,7,0.8
15647,391,0.2,8,0.8
15648,391,0.2,9,0.8
15649,391,0.2,10,1.0
15650,391,0.2,11,1.0
15651,391,0.2,12,1.0
15652,391,0.2,13,0.8
15653,391,0.2,14,0.8
15654,391,0.2,15,0.8
15655,391,0.2,16,0.8
15656,391,0.2,17,0.8
15657,391,0.2,18,1.0
15658,391,0.2,19,0.8
15659,391,0.2,20,1.0
15660,391,0.2,21,0.8
15661,391,0.2,22,0.8
15662,391,0.2,23,0.8
15663,391,0.2,24,0.8
15664,391,0.2,25,1.0
15665,391,0.2,26,0.8
15666,391,0.2,27,0.8
15667,391,0.2,28,0.8
15668,391,0.2,29,0.8
15669,391,0.2,30,0.8
15670,391,0.2,31,0.8
15671,391,0.2,32,1.0
15672,391,0.2,33,1.0
15673,391,0.2,34,1.0
15674,391,0.2,35,1.0
15675,391,0.2,36,1.0
15676,391,0.2,37,1.0
15677,391,0.2,38,1.0
15678,391,0.2,39,1.0
15679,391,0.2,40,1.0
15680,392,0.2,1,0.6
15681,392,0.2,2,0.4
15682,392,0.2,3,0.2
15683,392,0.2,4,0.6
15684,392,0.2,5,0.6
15685,392,0.2,6,0.6
15686,392,0.2,7,0.6
15687,392,0.2,8,0.6
15688,392,0.2,9,0.6
15689,392,0.2,10,0.6
15690,392,0.2,11,0.6
15691,392,0.2,12,0.6
15692,392,0.2,13,0.6
15693,392,0.2,14,0.6
15694,392,0.2,15,0.6
15695,392,0.2,16,0.6
15696,392,0.2,17,0.6
15697,392,0.2,18,1.0
15698,392,0.2,19,1.0
15699,392,0.2,20,1.0
15700,392,0.2,21,1.0
15701,392,0.2,22,1.0
15702,392,0.2,23,1.0
15703,392,0.2,24,1.0
15704,392,0.2,25,1.0
15705,392,0.2,26,1.0
15706,392,0.2,27,1.0
15707,392,0.2,28,0.8
15708,392,0.2,29,1.0
15709,392,0.2,30,1.0
15710,392,0.2,31,1.0
15711,392,0.2,32,1.0
15712,392,0.2,33,1.0
15713,392,0.2,34,1.0
15714,392,0.2,35,1.0
15715,392,0.2,36,1.0
15716,392,0.2,37,1.0
15717,392,0.2,38,1.0
15718,392,0.2,39,1.0
15719,392,0.2,40,1.0
15720,393,0.2,1,0.0
15721,393,0.2,2,0.4
15722,393,0.2,3,0.4
15723,393,0.2,4,0.6
15724,393,0.2,5,0.6
15725,393,0.2,6,0.6
15726,393,0.2,7,0.6
15727,393,0.2,8,0.4
15728,393,0.2,9,0.4
15729,393,0.2,10,0.4
15730,393,0.2,11,0.6
15731,393,0.2,12,0.6
15732,393,0.2,13,0.6
15733,393,0.2,14,0.6
15734,393,0.2,15,0.6
15735,393,0.2,16,0.6
15736,393,0.2,17,0.6
15737,393,0.2,18,0.6
15738,393,0.2,19,0.6
15739,393,0.2,20,1.0
15740,393,0.2,21,0.8
15741,393,0.2,22,0.8
15742,393,0.2,23,0.8
15743,393,0.2,24,0.6
15744,393,0.2,25,0.6
15745,393,0.2,26,0.6
15746,393,0.2,27,0.8
15747,393,0.2,28,0.8
15748,393,0.2,29,1.0
15749,393,0.2,30,0.8
15750,393,0.2,31,0.8
15751,393,0.2,32,1.0
15752,393,0.2,33,1.0
15753,393,0.2,34,1.0
15754,393,0.2,35,1.0
15755,393,0.2,36,1.0
15756,393,0.2,37,1.0
15757,393,0.2,38,0.8
15758,393,0.2,39,0.8
15759,393,0.2,40,0.8
15760,394,0.2,1,1.0
15761,394,0.2,2,1.0
15762,394,0.2,3,1.0
15763,394,0.2,4,1.0
15764,394,0.2,5,0.8
15765,394,0.2,6,0.8
15766,394,0.2,7,0.8
15767,394,0.2,8,0.8
15768,394,0.2,9,0.8
15769,394,0.2,10,0.8
15770,394,0.2,11,0.8
15771,394,0.2,12,0.8
15772,394,0.2,13,0.8
15773,394,0.2,14,0.8
15774,394,0.2,15,0.8
15775,394,0.2,16,0.8
15776,394,0.2,17,0.8
15777,394,0.2,18,0.8
15778,394,0.2,19,0.8
15779,394,0.2,20,0.8
15780,394,0.2,21,0.8
15781,394,0.2,22,0.8
15782,394,0.2,23,0.8
15783,394,0.2,24,0.8
15784,394,0.2,25,0.8
15785,394,0.2,26,1.0
15786,394,0.2,27,0.8
15787,394,0.2,28,0.8
15788,394,0.2,29,0.8
15789,394,0.2,30,1.0
15790,394,0.2,31,1.0
15791,394,0.2,32,1.0
15792,394,0.2,33,1.0
15793,394,0.2,34,1.0
15794,394,0.2,35,1.0
15795,394,0.2,36,1.0
15796,394,0.2,37,1.0
15797,394,0.2,38,1.0
15798,394,0.2,39,1.0
15799,394,0.2,40,1.0
15800,395,0.2,1,0.0
15801,395,0.2,2,0.4
15802,395,0.2,3,0.4
15803,395,0.2,4,0.4
15804,395,0.2,5,0.4
15805,395,0.2,6,0.4
15806,395,0.2,7,0.4
15807,395,0.2,8,0.4
15808,395,0.2,9,0.8
15809,395,0.2,10,0.8
15810,395,0.2,11,0.6
15811,395,0.2,12,0.8
15812,395,0.2,13,0.8
15813,395,0.2,14,0.6
15814,395,0.2,15,0.8
15815,395,0.2,16,0.8
15816,395,0.2,17,0.8
15817,395,0.2,18,0.8
15818,395,0.2,19,0.8
15819,395,0.2,20,0.8
15820,395,0.2,21,0.8
15821,395,0.2,22,0.8
15822,395,0.2,23,0.8
15823,395,0.2,24,0.8
15824,395,0.2,25,0.8
15825,395,0.2,26,0.8
15826,395,0.2,27,0.8
15827,395,0.2,28,0.8
15828,395,0.2,29,0.8
15829,395,0.2,30,0.8
15830,395,0.2,31,0.8
15831,395,0.2,32,0.8
15832,395,0.2,33,0.8
15833,395,0.2,34,0.8
15834,395,0.2,35,0.8
15835,395,0.2,36,0.8
15836,395,0.2,37,0.8
15837,395,0.2,38,0.8
15838,395,0.2,39,0.8
15839,395,0.2,40,0.8
15840,396,0.2,1,1.0
15841,396,0.2,2,1.0
15842,396,0.2,3,1.0
15843,396,0.2,4,0.6
15844,396,0.2,5,0.6
15845,396,0.2,6,0.6
15846,396,0.2,7,0.6
15847,396,0.2,8,0.8
15848,396,0.2,9,1.0
15849,396,0.2,10,1.0
15850,396,0.2,11,0.8
15851,396,0.2,12,0.8
15852,396,0.2,13,0.8
15853,396,0.2,14,0.8
15854,396,0.2,15,0.8
15855,396,0.2,16,0.8
15856,396,0.2,17,0.8
15857,396,0.2,18,0.8
15858,396,0.2,19,0.8
15859,396,0.2,20,0.8
15860,396,0.2,21,0.8
15861,396,0.2,22,0.8
15862,396,0.2,23,0.8
15863,396,0.2,24,0.8
15864,396,0.2,25,0.8
15865,396,0.2,26,0.8
15866,396,0.2,27,0.8
15867,396,0.2,28,0.8
15868,396,0.2,29,0.8
15869,396,0.2,30,0.8
15870,396,0.2,31,0.8
15871,396,0.2,32,0.8
15872,396,0.2,33,0.8
15873,396,0.2,34,0.8
15874,396,0.2,35,0.8
15875,396,0.2,36,0.8
15876,396,0.2,37,0.8
15877,396,0.2,38,0.8
15878,396,0.2,39,0.8
15879,396,0.2,40,0.8
15880,397,0.2,1,0.8
15881,397,0.2,2,0.8
15882,397,0.2,3,0.8
15883,397,0.2,4,0.8
15884,397,0.2,5,0.6
15885,397,0.2,6,0.8
15886,397,0.2,7,0.8
15887,397,0.2,8,0.6
15888,397,0.2,9,0.6
15889,397,0.2,10,0.6
15890,397,0.2,11,0.6
15891,397,0.2,12,0.6
15892,397,0.2,13,0.4
15893,397,0.2,14,0.6
15894,397,0.2,15,0.6
15895,397,0.2,16,0.6
15896,397,0.2,17,0.6
15897,397,0.2,18,0.6
15898,397,0.2,19,0.6
15899,397,0.2,20,0.8
15900,397,0.2,21,0.6
15901,397,0.2,22,0.6
15902,397,0.2,23,0.6
15903,397,0.2,24,0.6
15904,397,0.2,25,0.6
15905,397,0.2,26,0.6
15906,397,0.2,27,0.6
15907,397,0.2,28,0.6
15908,397,0.2,29,0.6
15909,397,0.2,30,0.8
15910,397,0.2,31,0.8
15911,397,0.2,32,0.8
15912,397,0.2,33,0.8
15913,397,0.2,34,1.0
15914,397,0.2,35,1.0
15915,397,0.2,36,1.0
15916,397,0.2,37,1.0
15917,397,0.2,38,1.0
15918,397,0.2,39,1.0
15919,397,0.2,40,1.0
15920,398,0.2,1,0.6
15921,398,0.2,2,0.6
15922,398,0.2,3,0.4
15923,398,0.2,4,0.8
15924,398,0.2,5,0.4
15925,398,0.2,6,1.0
15926,398,0.2,7,1.0
15927,398,0.2,8,1.0
15928,398,0.2,9,0.8
15929,398,0.2,10,0.8
15930,398,0.2,11,0.8
15931,398,0.2,12,0.8
15932,398,0.2,13,0.8
15933,398,0.2,14,0.8
15934,398,0.2,15,1.0
15935,398,0.2,16,1.0
15936,398,0.2,17,1.0
15937,398,0.2,18,1.0
15938,398,0.2,19,1.0
15939,398,0.2,20,1.0
15940,398,0.2,21,0.8
15941,398,0.2,22,0.8
15942,398,0.2,23,0.8
15943,398,0.2,24,0.8
15944,398,0.2,25,0.8
15945,398,0.2,26,0.6
15946,398,0.2,27,0.6
15947,398,0.2,28,0.6
15948,398,0.2,29,0.8
15949,398,0.2,30,0.8
15950,398,0.2,31,0.8
15951,398,0.2,32,0.6
15952,398,0.2,33,0.6
15953,398,0.2,34,0.6
15954,398,0.2,35,0.6
15955,398,0.2,36,0.6
15956,398,0.2,37,0.6
15957,398,0.2,38,0.6
15958,398,0.2,39,0.6
15959,398,0.2,40,0.6
15960,399,0.2,1,0.8
15961,399,0.2,2,0.8
15962,399,0.2,3,0.8
15963,399,0.2,4,0.8
15964,399,0.2,5,0.8
15965,399,0.2,6,0.6
15966,399,0.2,7,0.6
15967,399,0.2,8,0.4
15968,399,0.2,9,0.4
15969,399,0.2,10,1.0
15970,399,0.2,11,1.0
15971,399,0.2,12,1.0
15972,399,0.2,13,0.8
15973,399,0.2,14,0.8
15974,399,0.2,15,0.8
15975,399,0.2,16,0.8
15976,399,0.2,17,0.8
15977,399,0.2,18,0.8
15978,399,0.2,19,0.8
15979,399,0.2,20,0.8
15980,399,0.2,21,0.8
15981,399,0.2,22,1.0
15982,399,0.2,23,1.0
15983,399,0.2,24,0.8
15984,399,0.2,25,0.8
15985,399,0.2,26,0.8
15986,399,0.2,27,1.0
15987,399,0.2,28,1.0
15988,399,0.2,29,1.0
15989,399,0.2,30,1.0
15990,399,0.2,31,1.0
15991,399,0.2,32,1.0
15992,399,0.2,33,1.0
15993,399,0.2,34,1.0
15994,399,0.2,35,0.8
15995,399,0.2,36,1.0
15996,399,0.2,37,1.0
15997,399,0.2,38,1.0
15998,399,0.2,39,1.0
15999,399,0.2,40,1.0
16000,400,0.2,1,0.6
16001,400,0.2,2,0.8
16002,400,0.2,3,1.0
16003,400,0.2,4,1.0
16004,400,0.2,5,0.8
16005,400,0.2,6,1.0
16006,400,0.2,7,1.0
16007,400,0.2,8,1.0
16008,400,0.2,9,1.0
16009,400,0.2,10,1.0
16010,400,0.2,11,1.0
16011,400,0.2,12,1.0
16012,400,0.2,13,1.0
16013,400,0.2,14,1.0
16014,400,0.2,15,0.8
16015,400,0.2,16,0.8
16016,400,0.2,17,0.8
16017,400,0.2,18,0.8
16018,400,0.2,19,1.0
16019,400,0.2,20,0.8
16020,400,0.2,21,0.8
16021,400,0.2,22,0.8
16022,400,0.2,23,0.8
16023,400,0.2,24,0.8
16024,400,0.2,25,0.8
16025,400,0.2,26,0.8
16026,400,0.2,27,0.8
16027,400,0.2,28,0.8
16028,400,0.2,29,0.6
16029,400,0.2,30,0.6
16030,400,0.2,31,0.6
16031,400,0.2,32,0.4
16032,400,0.2,33,0.6
16033,400,0.2,34,0.8
16034,400,0.2,35,0.8
16035,400,0.2,36,0.8
16036,400,0.2,37,0.8
16037,400,0.2,38,0.8
16038,400,0.2,39,0.8
16039,400,0.2,40,0.8
16040,401,0.2,1,0.6
16041,401,0.2,2,0.6
16042,401,0.2,3,0.6
16043,401,0.2,4,0.6
16044,401,0.2,5,0.6
16045,401,0.2,6,0.6
16046,401,0.2,7,0.4
16047,401,0.2,8,0.4
16048,401,0.2,9,0.4
16049,401,0.2,10,0.4
16050,401,0.2,11,0.4
16051,401,0.2,12,0.4
16052,401,0.2,13,0.4
16053,401,0.2,14,0.6
16054,401,0.2,15,0.6
16055,401,0.2,16,0.8
16056,401,0.2,17,0.8
16057,401,0.2,18,0.8
16058,401,0.2,19,0.8
16059,401,0.2,20,1.0
16060,401,0.2,21,1.0
16061,401,0.2,22,1.0
16062,401,0.2,23,1.0
16063,401,0.2,24,1.0
16064,401,0.2,25,0.8
16065,401,0.2,26,1.0
16066,401,0.2,27,1.0
16067,401,0.2,28,1.0
16068,401,0.2,29,1.0
16069,401,0.2,30,1.0
16070,401,0.2,31,1.0
16071,401,0.2,32,0.8
16072,401,0.2,33,1.0
16073,401,0.2,34,1.0
16074,401,0.2,35,1.0
16075,401,0.2,36,0.8
16076,401,0.2,37,0.8
16077,401,0.2,38,1.0
16078,401,0.2,39,0.8
16079,401,0.2,40,0.8
16080,402,0.2,1,0.0
16081,402,0.2,2,0.6
16082,402,0.2,3,0.6
16083,402,0.2,4,1.0
16084,402,0.2,5,0.6
16085,402,0.2,6,0.8
16086,402,0.2,7,1.0
16087,402,0.2,8,0.8
16088,402,0.2,9,0.8
16089,402,0.2,10,1.0
16090,402,0.2,11,1.0
16091,402,0.2,12,1.0
16092,402,0.2,13,1.0
16093,402,0.2,14,1.0
16094,402,0.2,15,1.0
16095,402,0.2,16,1.0
16096,402,0.2,17,1.0
16097,402,0.2,18,1.0
16098,402,0.2,19,1.0
16099,402,0.2,20,1.0
16100,402,0.2,21,1.0
16101,402,0.2,22,1.0
16102,402,0.2,23,1.0
16103,402,0.2,24,1.0
16104,402,0.2,25,1.0
16105,402,0.2,26,1.0
16106,402,0.2,27,1.0
16107,402,0.2,28,1.0
16108,402,0.2,29,1.0
16109,402,0.2,30,1.0
16110,402,0.2,31,1.0
16111,402,0.2,32,1.0
16112,402,0.2,33,1.0
16113,402,0.2,34,1.0
16114,402,0.2,35,1.0
16115,402,0.2,36,1.0
16116,402,0.2,37,1.0
16117,402,0.2,38,1.0
16118,402,0.2,39,1.0
16119,402,0.2,40,1.0
16120,403,0.2,1,1.0
16121,403,0.2,2,1.0
16122,403,0.2,3,1.0
16123,403,0.2,4,1.0
16124,403,0.2,5,0.6
16125,403,0.2,6,0.8
16126,403,0.2,7,0.8
16127,403,0.2,8,0.8
16128,403,0.2,9,0.8
16129,403,0.2,10,0.8
16130,403,0.2,11,0.6
16131,403,0.2,12,0.6
16132,403,0.2,13,0.6
16133,403,0.2,14,0.6
16134,403,0.2,15,0.8
16135,403,0.2,16,0.8
16136,403,0.2,17,0.8
16137,403,0.2,18,0.8
16138,403,0.2,19,0.8
16139,403,0.2,20,0.8
16140,403,0.2,21,0.8
16141,403,0.2,22,0.8
16142,403,0.2,23,0.8
16143,403,0.2,24,0.8
16144,403,0.2,25,0.8
16145,403,0.2,26,0.8
16146,403,0.2,27,0.8
16147,403,0.2,28,0.8
16148,403,0.2,29,0.8
16149,403,0.2,30,0.8
16150,403,0.2,31,0.8
16151,403,0.2,32,0.8
16152,403,0.2,33,0.8
16153,403,0.2,34,0.8
16154,403,0.2,35,0.8
16155,403,0.2,36,0.8
16156,403,0.2,37,0.8
16157,403,0.2,38,0.8
16158,403,0.2,39,0.8
16159,403,0.2,40,0.8
16160,404,0.2,1,0.0
16161,404,0.2,2,0.2
16162,404,0.2,3,0.2
16163,404,0.2,4,0.2
16164,404,0.2,5,0.6
16165,404,0.2,6,0.6
16166,404,0.2,7,0.6
16167,404,0.2,8,0.4
16168,404,0.2,9,0.2
16169,404,0.2,10,0.4
16170,404,0.2,11,0.2
16171,404,0.2,12,0.8
16172,404,0.2,13,0.8
16173,404,0.2,14,0.8
16174,404,0.2,15,0.8
16175,404,0.2,16,0.8
16176,404,0.2,17,0.8
16177,404,0.2,18,0.8
16178,404,0.2,19,1.0
16179,404,0.2,20,0.8
16180,404,0.2,21,1.0
16181,404,0.2,22,0.8
16182,404,0.2,23,0.8
16183,404,0.2,24,0.8
16184,404,0.2,25,0.8
16185,404,0.2,26,0.8
16186,404,0.2,27,0.8
16187,404,0.2,28,0.8
16188,404,0.2,29,0.8
16189,404,0.2,30,0.8
16190,404,0.2,31,0.8
16191,404,0.2,32,0.8
16192,404,0.2,33,0.8
16193,404,0.2,34,0.8
16194,404,0.2,35,0.8
16195,404,0.2,36,0.8
16196,404,0.2,37,0.8
16197,404,0.2,38,0.8
16198,404,0.2,39,0.8
16199,404,0.2,40,0.8
16200,405,0.2,1,1.0
16201,405,0.2,2,1.0
16202,405,0.2,3,1.0
16203,405,0.2,4,0.8
16204,405,0.2,5,0.8
16205,405,0.2,6,0.8
16206,405,0.2,7,0.8
16207,405,0.2,8,0.8
16208,405,0.2,9,0.8
16209,405,0.2,10,0.8
16210,405,0.2,11,0.8
16211,405,0.2,12,0.6
16212,405,0.2,13,1.0
16213,405,0.2,14,1.0
16214,405,0.2,15,0.8
16215,405,0.2,16,0.8
16216,405,0.2,17,0.8
16217,405,0.2,18,0.8
16218,405,0.2,19,0.8
16219,405,0.2,20,0.8
16220,405,0.2,21,0.8
16221,405,0.2,22,0.8
16222,405,0.2,23,0.8
16223,405,0.2,24,0.8
16224,405,0.2,25,0.8
16225,405,0.2,26,0.8
16226,405,0.2,27,0.8
16227,405,0.2,28,0.8
16228,405,0.2,29,0.8
16229,405,0.2,30,0.8
16230,405,0.2,31,0.8
16231,405,0.2,32,0.8
16232,405,0.2,33,0.8
16233,405,0.2,34,0.8
16234,405,0.2,35,0.8
16235,405,0.2,36,0.8
16236,405,0.2,37,0.8
16237,405,0.2,38,0.8
16238,405,0.2,39,0.8
16239,405,0.2,40,0.8
16240,406,0.2,1,0.8
16241,406,0.2,2,0.8
16242,406,0.2,3,0.8
16243,406,0.2,4,0.4
16244,406,0.2,5,0.4
16245,406,0.2,6,1.0
16246,406,0.2,7,1.0
16247,406,0.2,8,1.0
16248,406,0.2,9,0.8
16249,406,0.2,10,0.8
16250,406,0.2,11,0.8
16251,406,0.2,12,0.8
16252,406,0.2,13,0.4
16253,406,0.2,14,0.4
16254,406,0.2,15,0.4
16255,406,0.2,16,0.4
16256,406,0.2,17,0.6
16257,406,0.2,18,0.6
16258,406,0.2,19,0.4
16259,406,0.2,20,0.4
16260,406,0.2,21,0.4
16261,406,0.2,22,0.4
16262,406,0.2,23,0.6
16263,406,0.2,24,0.6
16264,406,0.2,25,0.6
16265,406,0.2,26,0.6
16266,406,0.2,27,0.6
16267,406,0.2,28,0.4
16268,406,0.2,29,0.4
16269,406,0.2,30,0.6
16270,406,0.2,31,0.6
16271,406,0.2,32,0.4
16272,406,0.2,33,0.4
16273,406,0.2,34,0.8
16274,406,0.2,35,0.8
16275,406,0.2,36,0.8
16276,406,0.2,37,0.8
16277,406,0.2,38,1.0
16278,406,0.2,39,1.0
16279,406,0.2,40,1.0
16280,407,0.2,1,0.6
16281,407,0.2,2,0.6
16282,407,0.2,3,0.8
16283,407,0.2,4,0.8
16284,407,0.2,5,0.8
16285,407,0.2,6,0.6
16286,407,0.2,7,0.6
16287,407,0.2,8,0.8
16288,407,0.2,9,0.6
16289,407,0.2,10,0.8
16290,407,0.2,11,1.0
16291,407,0.2,12,1.0
16292,407,0.2,13,1.0
16293,407,0.2,14,1.0
16294,407,0.2,15,1.0
16295,407,0.2,16,1.0
16296,407,0.2,17,1.0
16297,407,0.2,18,0.8
16298,407,0.2,19,0.8
16299,407,0.2,20,0.8
16300,407,0.2,21,0.8
16301,407,0.2,22,1.0
16302,407,0.2,23,0.8
16303,407,0.2,24,1.0
16304,407,0.2,25,1.0
16305,407,0.2,26,0.8
16306,407,0.2,27,1.0
16307,407,0.2,28,1.0
16308,407,0.2,29,1.0
16309,407,0.2,30,1.0
16310,407,0.2,31,1.0
16311,407,0.2,32,1.0
16312,407,0.2,33,1.0
16313,407,0.2,34,1.0
16314,407,0.2,35,1.0
16315,407,0.2,36,1.0
16316,407,0.2,37,1.0
16317,407,0.2,38,1.0
16318,407,0.2,39,1.0
16319,407,0.2,40,1.0
16320,408,0.2,1,0.8
16321,408,0.2,2,0.8
16322,408,0.2,3,0.8
16323,408,0.2,4,0.4
16324,408,0.2,5,0.4
16325,408,0.2,6,0.6
16326,408,0.2,7,0.8
16327,408,0.2,8,0.6
16328,408,0.2,9,0.6
16329,408,0.2,10,0.6
16330,408,0.2,11,0.6
16331,408,0.2,12,0.6
16332,408,0.2,13,0.8
16333,408,0.2,14,0.6
16334,408,0.2,15,0.6
16335,408,0.2,16,0.6
16336,408,0.2,17,0.6
16337,408,0.2,18,1.0
16338,408,0.2,19,1.0
16339,408,0.2,20,1.0
16340,408,0.2,21,1.0
16341,408,0.2,22,1.0
16342,408,0.2,23,1.0
16343,408,0.2,24,1.0
16344,408,0.2,25,1.0
16345,408,0.2,26,1.0
16346,408,0.2,27,1.0
16347,408,0.2,28,1.0
16348,408,0.2,29,1.0
16349,408,0.2,30,1.0
16350,408,0.2,31,1.0
16351,408,0.2,32,1.0
16352,408,0.2,33,1.0
16353,408,0.2,34,1.0
16354,408,0.2,35,1.0
16355,408,0.2,36,1.0
16356,408,0.2,37,1.0
16357,408,0.2,38,1.0
16358,408,0.2,39,1.0
16359,408,0.2,40,1.0
16360,409,0.2,1,0.6
16361,409,0.2,2,0.6
16362,409,0.2,3,0.6
16363,409,0.2,4,0.6
16364,409,0.2,5,0.6
16365,409,0.2,6,0.6
16366,409,0.2,7,0.6
16367,409,0.2,8,0.6
16368,409,0.2,9,0.6
16369,409,0.2,10,0.6
16370,409,0.2,11,0.6
16371,409,0.2,12,0.6
16372,409,0.2,13,0.6
16373,409,0.2,14,0.6
16374,409,0.2,15,0.6
16375,409,0.2,16,0.8
16376,409,0.2,17,0.6
16377,409,0.2,18,0.8
16378,409,0.2,19,0.6
16379,409,0.2,20,0.8
16380,409,0.2,21,0.8
16381,409,0.2,22,0.8
16382,409,0.2,23,0.8
16383,409,0.2,24,0.8
16384,409,0.2,25,1.0
16385,409,0.2,26,1.0
16386,409,0.2,27,1.0
16387,409,0.2,28,1.0
16388,409,0.2,29,1.0
16389,409,0.2,30,1.0
16390,409,0.2,31,1.0
16391,409,0.2,32,1.0
16392,409,0.2,33,1.0
16393,409,0.2,34,1.0
16394,409,0.2,35,1.0
16395,409,0.2,36,1.0
16396,409,0.2,37,1.0
16397,409,0.2,38,1.0
16398,409,0.2,39,1.0
16399,409,0.2,40,1.0
16400,410,0.2,1,0.6
16401,410,0.2,2,0.6
16402,410,0.2,3,0.6
16403,410,0.2,4,0.6
16404,410,0.2,5,0.4
16405,410,0.2,6,0.6
16406,410,0.2,7,0.6
16407,410,0.2,8,0.8
16408,410,0.2,9,0.8
16409,410,0.2,10,0.6
16410,410,0.2,11,0.6
16411,410,0.2,12,0.8
16412,410,0.2,13,0.6
16413,410,0.2,14,0.6
16414,410,0.2,15,0.6
16415,410,0.2,16,0.8
16416,410,0.2,17,0.8
16417,410,0.2,18,0.8
16418,410,0.2,19,0.8
16419,410,0.2,20,1.0
16420,410,0.2,21,1.0
16421,410,0.2,22,1.0
16422,410,0.2,23,0.8
16423,410,0.2,24,0.8
16424,410,0.2,25,0.8
16425,410,0.2,26,0.8
16426,410,0.2,27,0.8
16427,410,0.2,28,0.8
16428,410,0.2,29,0.8
16429,410,0.2,30,0.8
16430,410,0.2,31,0.8
16431,410,0.2,32,0.8
16432,410,0.2,33,0.8
16433,410,0.2,34,0.8
16434,410,0.2,35,0.8
16435,410,0.2,36,0.8
16436,410,0.2,37,0.8
16437,410,0.2,38,0.8
16438,410,0.2,39,0.8
16439,410,0.2,40,0.8
16440,411,0.2,1,0.0
16441,411,0.2,2,0.6
16442,411,0.2,3,0.6
16443,411,0.2,4,0.6
16444,411,0.2,5,0.6
16445,411,0.2,6,0.4
16446,411,0.2,7,0.6
16447,411,0.2,8,0.6
16448,411,0.2,9,0.6
16449,411,0.2,10,0.6
16450,411,0.2,11,0.6
16451,411,0.2,12,0.6
16452,411,0.2,13,0.6
16453,411,0.2,14,0.6
16454,411,0.2,15,0.6
16455,411,0.2,16,1.0
16456,411,0.2,17,0.8
16457,411,0.2,18,0.8
16458,411,0.2,19,1.0
16459,411,0.2,20,1.0
16460,411,0.2,21,1.0
16461,411,0.2,22,1.0
16462,411,0.2,23,1.0
16463,411,0.2,24,1.0
16464,411,0.2,25,1.0
16465,411,0.2,26,1.0
16466,411,0.2,27,1.0
16467,411,0.2,28,1.0
16468,411,0.2,29,1.0
16469,411,0.2,30,1.0
16470,411,0.2,31,1.0
16471,411,0.2,32,1.0
16472,411,0.2,33,1.0
16473,411,0.2,34,1.0
16474,411,0.2,35,1.0
16475,411,0.2,36,1.0
16476,411,0.2,37,1.0
16477,411,0.2,38,1.0
16478,411,0.2,39,1.0
16479,411,0.2,40,1.0
16480,412,0.2,1,1.0
16481,412,0.2,2,1.0
16482,412,0.2,3,1.0
16483,412,0.2,4,1.0
16484,412,0.2,5,1.0
16485,412,0.2,6,0.8
16486,412,0.2,7,0.8
16487,412,0.2,8,0.8
16488,412,0.2,9,1.0
16489,412,0.2,10,1.0
16490,412,0.2,11,1.0
16491,412,0.2,12,1.0
16492,412,0.2,13,1.0
16493,412,0.2,14,1.0
16494,412,0.2,15,1.0
16495,412,0.2,16,1.0
16496,412,0.2,17,1.0
16497,412,0.2,18,1.0
16498,412,0.2,19,1.0
16499,412,0.2,20,1.0
16500,412,0.2,21,1.0
16501,412,0.2,22,1.0
16502,412,0.2,23,1.0
16503,412,0.2,24,1.0
16504,412,0.2,25,1.0
16505,412,0.2,26,1.0
16506,412,0.2,27,1.0
16507,412,0.2,28,0.8
16508,412,0.2,29,0.8
16509,412,0.2,30,0.8
16510,412,0.2,31,0.8
16511,412,0.2,32,0.8
16512,412,0.2,33,0.8
16513,412,0.2,34,0.8
16514,412,0.2,35,0.8
16515,412,0.2,36,0.8
16516,412,0.2,37,0.8
16517,412,0.2,38,0.8
16518,412,0.2,39,0.8
16519,412,0.2,40,1.0
16520,413,0.2,1,0.0
16521,413,0.2,2,0.2
16522,413,0.2,3,0.4
16523,413,0.2,4,0.4
16524,413,0.2,5,1.0
16525,413,0.2,6,0.8
16526,413,0.2,7,0.8
16527,413,0.2,8,0.8
16528,413,0.2,9,1.0
16529,413,0.2,10,0.8
16530,413,0.2,11,1.0
16531,413,0.2,12,0.8
16532,413,0.2,13,0.8
16533,413,0.2,14,0.8
16534,413,0.2,15,0.8
16535,413,0.2,16,0.8
16536,413,0.2,17,0.8
16537,413,0.2,18,0.8
16538,413,0.2,19,0.8
16539,413,0.2,20,0.8
16540,413,0.2,21,0.8
16541,413,0.2,22,0.8
16542,413,0.2,23,0.8
16543,413,0.2,24,1.0
16544,413,0.2,25,0.8
16545,413,0.2,26,0.8
16546,413,0.2,27,0.8
16547,413,0.2,28,0.8
16548,413,0.2,29,0.8
16549,413,0.2,30,0.8
16550,413,0.2,31,0.8
16551,413,0.2,32,0.8
16552,413,0.2,33,0.8
16553,413,0.2,34,0.8
16554,413,0.2,35,0.8
16555,413,0.2,36,0.8
16556,413,0.2,37,0.8
16557,413,0.2,38,1.0
16558,413,0.2,39,0.8
16559,413,0.2,40,1.0
16560,414,0.2,1,1.0
16561,414,0.2,2,1.0
16562,414,0.2,3,1.0
16563,414,0.2,4,1.0
16564,414,0.2,5,0.8
16565,414,0.2,6,1.0
16566,414,0.2,7,1.0
16567,414,0.2,8,1.0
16568,414,0.2,9,1.0
16569,414,0.2,10,1.0
16570,414,0.2,11,1.0
16571,414,0.2,12,1.0
16572,414,0.2,13,1.0
16573,414,0.2,14,1.0
16574,414,0.2,15,1.0
16575,414,0.2,16,1.0
16576,414,0.2,17,1.0
16577,414,0.2,18,1.0
16578,414,0.2,19,1.0
16579,414,0.2,20,1.0
16580,414,0.2,21,0.8
16581,414,0.2,22,0.8
16582,414,0.2,23,0.8
16583,414,0.2,24,0.8
16584,414,0.2,25,0.8
16585,414,0.2,26,0.8
16586,414,0.2,27,0.8
16587,414,0.2,28,0.8
16588,414,0.2,29,0.8
16589,414,0.2,30,0.8
16590,414,0.2,31,0.8
16591,414,0.2,32,0.8
16592,414,0.2,33,0.8
16593,414,0.2,34,0.8
16594,414,0.2,35,0.8
16595,414,0.2,36,0.8
16596,414,0.2,37,0.8
16597,414,0.2,38,0.8
16598,414,0.2,39,0.8
16599,414,0.2,40,0.8
16600,415,0.2,1,0.8
16601,415,0.2,2,0.8
16602,415,0.2,3,0.8
16603,415,0.2,4,0.6
16604,415,0.2,5,0.6
16605,415,0.2,6,0.6
16606,415,0.2,7,0.8
16607,415,0.2,8,0.8
16608,415,0.2,9,0.8
16609,415,0.2,10,1.0
16610,415,0.2,11,1.0
16611,415,0.2,12,1.0
16612,415,0.2,13,1.0
16613,415,0.2,14,1.0
16614,415,0.2,15,1.0
16615,415,0.2,16,1.0
16616,415,0.2,17,1.0
16617,415,0.2,18,1.0
16618,415,0.2,19,1.0
16619,415,0.2,20,1.0
16620,415,0.2,21,0.8
16621,415,0.2,22,1.0
16622,415,0.2,23,1.0
16623,415,0.2,24,1.0
16624,415,0.2,25,1.0
16625,415,0.2,26,1.0
16626,415,0.2,27,1.0
16627,415,0.2,28,1.0
16628,415,0.2,29,0.8
16629,415,0.2,30,1.0
16630,415,0.2,31,1.0
16631,415,0.2,32,1.0
16632,415,0.2,33,1.0
16633,415,0.2,34,1.0
16634,415,0.2,35,1.0
16635,415,0.2,36,1.0
16636,415,0.2,37,1.0
16637,415,0.2,38,1.0
16638,415,0.2,39,1.0
16639,415,0.2,40,1.0
16640,416,0.2,1,0.6
16641,416,0.2,2,0.6
16642,416,0.2,3,0.6
16643,416,0.2,4,0.8
16644,416,0.2,5,0.6
16645,416,0.2,6,0.6
16646,416,0.2,7,0.8
16647,416,0.2,8,0.6
16648,416,0.2,9,0.6
16649,416,0.2,10,0.6
16650,416,0.2,11,1.0
16651,416,0.2,12,1.0
16652,416,0.2,13,1.0
16653,416,0.2,14,1.0
16654,416,0.2,15,1.0
16655,416,0.2,16,0.8
16656,416,0.2,17,1.0
16657,416,0.2,18,1.0
16658,416,0.2,19,1.0
16659,416,0.2,20,1.0
16660,416,0.2,21,1.0
16661,416,0.2,22,1.0
16662,416,0.2,23,1.0
16663,416,0.2,24,1.0
16664,416,0.2,25,1.0
16665,416,0.2,26,1.0
16666,416,0.2,27,1.0
16667,416,0.2,28,1.0
16668,416,0.2,29,1.0
16669,416,0.2,30,1.0
16670,416,0.2,31,1.0
16671,416,0.2,32,1.0
16672,416,0.2,33,1.0
16673,416,0.2,34,1.0
16674,416,0.2,35,1.0
16675,416,0.2,36,1.0
16676,416,0.2,37,1.0
16677,416,0.2,38,1.0
16678,416,0.2,39,1.0
16679,416,0.2,40,1.0
16680,417,0.2,1,0.8
16681,417,0.2,2,0.8
16682,417,0.2,3,0.8
16683,417,0.2,4,0.8
16684,417,0.2,5,0.8
16685,417,0.2,6,0.6
16686,417,0.2,7,0.6
16687,417,0.2,8,0.8
16688,417,0.2,9,0.8
16689,417,0.2,10,0.8
16690,417,0.2,11,0.6
16691,417,0.2,12,0.4
16692,417,0.2,13,0.6
16693,417,0.2,14,0.6
16694,417,0.2,15,0.4
16695,417,0.2,16,0.8
16696,417,0.2,17,0.6
16697,417,0.2,18,0.8
16698,417,0.2,19,0.8
16699,417,0.2,20,0.8
16700,417,0.2,21,0.8
16701,417,0.2,22,0.8
16702,417,0.2,23,0.8
16703,417,0.2,24,0.8
16704,417,0.2,25,0.8
16705,417,0.2,26,0.8
16706,417,0.2,27,0.8
16707,417,0.2,28,0.8
16708,417,0.2,29,1.0
16709,417,0.2,30,0.8
16710,417,0.2,31,0.8
16711,417,0.2,32,1.0
16712,417,0.2,33,1.0
16713,417,0.2,34,0.8
16714,417,0.2,35,0.8
16715,417,0.2,36,0.8
16716,417,0.2,37,0.8
16717,417,0.2,38,0.8
16718,417,0.2,39,0.8
16719,417,0.2,40,0.8
16720,418,0.2,1,0.6
16721,418,0.2,2,0.6
16722,418,0.2,3,0.6
16723,418,0.2,4,0.8
16724,418,0.2,5,0.6
16725,418,0.2,6,0.4
16726,418,0.2,7,0.4
16727,418,0.2,8,0.4
16728,418,0.2,9,0.4
16729,418,0.2,10,0.4
16730,418,0.2,11,0.4
16731,418,0.2,12,0.2
16732,418,0.2,13,0.2
16733,418,0.2,14,0.6
16734,418,0.2,15,0.2
16735,418,0.2,16,0.2
16736,418,0.2,17,0.2
16737,418,0.2,18,0.4
16738,418,0.2,19,0.4
16739,418,0.2,20,0.2
16740,418,0.2,21,0.2
16741,418,0.2,22,0.2
16742,418,0.2,23,0.4
16743,418,0.2,24,0.4
16744,418,0.2,25,0.6
16745,418,0.2,26,1.0
16746,418,0.2,27,1.0
16747,418,0.2,28,1.0
16748,418,0.2,29,1.0
16749,418,0.2,30,1.0
16750,418,0.2,31,1.0
16751,418,0.2,32,1.0
16752,418,0.2,33,1.0
16753,418,0.2,34,1.0
16754,418,0.2,35,1.0
16755,418,0.2,36,1.0
16756,418,0.2,37,1.0
16757,418,0.2,38,1.0
16758,418,0.2,39,1.0
16759,418,0.2,40,1.0
16760,419,0.2,1,0.6
16761,419,0.2,2,0.6
16762,419,0.2,3,0.6
16763,419,0.2,4,1.0
16764,419,0.2,5,1.0
16765,419,0.2,6,1.0
16766,419,0.2,7,1.0
16767,419,0.2,8,1.0
16768,419,0.2,9,1.0
16769,419,0.2,10,1.0
16770,419,0.2,11,1.0
16771,419,0.2,12,1.0
16772,419,0.2,13,1.0
16773,419,0.2,14,1.0
16774,419,0.2,15,1.0
16775,419,0.2,16,1.0
16776,419,0.2,17,1.0
16777,419,0.2,18,1.0
16778,419,0.2,19,1.0
16779,419,0.2,20,1.0
16780,419,0.2,21,1.0
16781,419,0.2,22,1.0
16782,419,0.2,23,1.0
16783,419,0.2,24,1.0
16784,419,0.2,25,1.0
16785,419,0.2,26,1.0
16786,419,0.2,27,1.0
16787,419,0.2,28,1.0
16788,419,0.2,29,1.0
16789,419,0.2,30,1.0
16790,419,0.2,31,1.0
16791,419,0.2,32,1.0
16792,419,0.2,33,1.0
16793,419,0.2,34,1.0
16794,419,0.2,35,1.0
16795,419,0.2,36,1.0
16796,419,0.2,37,1.0
16797,419,0.2,38,1.0
16798,419,0.2,39,1.0
16799,419,0.2,40,1.0
16800,420,0.2,1,0.0
16801,420,0.2,2,0.8
16802,420,0.2,3,0.8
16803,420,0.2,4,0.8
16804,420,0.2,5,0.8
16805,420,0.2,6,0.6
16806,420,0.2,7,0.6
16807,420,0.2,8,0.8
16808,420,0.2,9,1.0
16809,420,0.2,10,0.8
16810,420,0.2,11,1.0
16811,420,0.2,12,1.0
16812,420,0.2,13,1.0
16813,420,0.2,14,1.0
16814,420,0.2,15,1.0
16815,420,0.2,16,1.0
16816,420,0.2,17,1.0
16817,420,0.2,18,1.0
16818,420,0.2,19,0.8
16819,420,0.2,20,0.8
16820,420,0.2,21,0.8
16821,420,0.2,22,0.8
16822,420,0.2,23,0.8
16823,420,0.2,24,1.0
16824,420,0.2,25,0.8
16825,420,0.2,26,1.0
16826,420,0.2,27,0.8
16827,420,0.2,28,0.8
16828,420,0.2,29,0.8
16829,420,0.2,30,0.8
16830,420,0.2,31,0.8
16831,420,0.2,32,0.8
16832,420,0.2,33,0.8
16833,420,0.2,34,0.8
16834,420,0.2,35,0.8
16835,420,0.2,36,0.8
16836,420,0.2,37,0.8
16837,420,0.2,38,0.8
16838,420,0.2,39,0.8
16839,420,0.2,40,0.8
16840,421,0.2,1,1.0
16841,421,0.2,2,1.0
16842,421,0.2,3,1.0
16843,421,0.2,4,1.0
16844,421,0.2,5,1.0
16845,421,0.2,6,1.0
16846,421,0.2,7,1.0
16847,421,0.2,8,1.0
16848,421,0.2,9,1.0
16849,421,0.2,10,1.0
16850,421,0.2,11,1.0
16851,421,0.2,12,1.0
16852,421,0.2,13,1.0
16853,421,0.2,14,1.0
16854,421,0.2,15,1.0
16855,421,0.2,16,1.0
16856,421,0.2,17,1.0
16857,421,0.2,18,1.0
16858,421,0.2,19,1.0
16859,421,0.2,20,1.0
16860,421,0.2,21,1.0
16861,421,0.2,22,1.0
16862,421,0.2,23,0.8
16863,421,0.2,24,0.8
16864,421,0.2,25,0.8
16865,421,0.2,26,0.8
16866,421,0.2,27,0.8
16867,421,0.2,28,0.8
16868,421,0.2,29,1.0
16869,421,0.2,30,1.0
16870,421,0.2,31,1.0
16871,421,0.2,32,1.0
16872,421,0.2,33,1.0
16873,421,0.2,34,1.0
16874,421,0.2,35,1.0
16875,421,0.2,36,1.0
16876,421,0.2,37,1.0
16877,421,0.2,38,1.0
16878,421,0.2,39,1.0
16879,421,0.2,40,1.0
16880,422,0.2,1,0.0
16881,422,0.2,2,0.6
16882,422,0.2,3,0.6
16883,422,0.2,4,0.6
16884,422,0.2,5,0.4
16885,422,0.2,6,0.6
16886,422,0.2,7,0.6
16887,422,0.2,8,0.2
16888,422,0.2,9,0.2
16889,422,0.2,10,0.8
16890,422,0.2,11,0.8
16891,422,0.2,12,1.0
16892,422,0.2,13,0.8
16893,422,0.2,14,1.0
16894,422,0.2,15,0.8
16895,422,0.2,16,0.8
16896,422,0.2,17,0.8
16897,422,0.2,18,0.8
16898,422,0.2,19,1.0
16899,422,0.2,20,1.0
16900,422,0.2,21,1.0
16901,422,0.2,22,1.0
16902,422,0.2,23,1.0
16903,422,0.2,24,1.0
16904,422,0.2,25,1.0
16905,422,0.2,26,1.0
16906,422,0.2,27,1.0
16907,422,0.2,28,1.0
16908,422,0.2,29,1.0
16909,422,0.2,30,1.0
16910,422,0.2,31,1.0
16911,422,0.2,32,1.0
16912,422,0.2,33,1.0
16913,422,0.2,34,1.0
16914,422,0.2,35,1.0
16915,422,0.2,36,1.0
16916,422,0.2,37,1.0
16917,422,0.2,38,1.0
16918,422,0.2,39,1.0
16919,422,0.2,40,1.0
16920,423,0.2,1,1.0
16921,423,0.2,2,1.0
16922,423,0.2,3,1.0
16923,423,0.2,4,1.0
16924,423,0.2,5,1.0
16925,423,0.2,6,1.0
16926,423,0.2,7,1.0
16927,423,0.2,8,1.0
16928,423,0.2,9,0.8
16929,423,0.2,10,0.8
16930,423,0.2,11,0.8
16931,423,0.2,12,1.0
16932,423,0.2,13,1.0
16933,423,0.2,14,0.8
16934,423,0.2,15,0.8
16935,423,0.2,16,0.8
16936,423,0.2,17,0.8
16937,423,0.2,18,0.8
16938,423,0.2,19,1.0
16939,423,0.2,20,0.8
16940,423,0.2,21,0.8
16941,423,0.2,22,0.8
16942,423,0.2,23,1.0
16943,423,0.2,24,1.0
16944,423,0.2,25,1.0
16945,423,0.2,26,1.0
16946,423,0.2,27,1.0
16947,423,0.2,28,1.0
16948,423,0.2,29,1.0
16949,423,0.2,30,1.0
16950,423,0.2,31,1.0
16951,423,0.2,32,1.0
16952,423,0.2,33,1.0
16953,423,0.2,34,1.0
16954,423,0.2,35,1.0
16955,423,0.2,36,1.0
16956,423,0.2,37,1.0
16957,423,0.2,38,1.0
16958,423,0.2,39,1.0
16959,423,0.2,40,1.0
16960,424,0.2,1,0.8
16961,424,0.2,2,0.8
16962,424,0.2,3,0.8
16963,424,0.2,4,0.8
16964,424,0.2,5,0.8
16965,424,0.2,6,0.8
16966,424,0.2,7,1.0
16967,424,0.2,8,1.0
16968,424,0.2,9,1.0
16969,424,0.2,10,0.8
16970,424,0.2,11,1.0
16971,424,0.2,12,1.0
16972,424,0.2,13,0.8
16973,424,0.2,14,0.8
16974,424,0.2,15,0.8
16975,424,0.2,16,0.8
16976,424,0.2,17,0.8
16977,424,0.2,18,1.0
16978,424,0.2,19,1.0
16979,424,0.2,20,1.0
16980,424,0.2,21,0.8
16981,424,0.2,22,1.0
16982,424,0.2,23,1.0
16983,424,0.2,24,1.0
16984,424,0.2,25,1.0
16985,424,0.2,26,1.0
16986,424,0.2,27,1.0
16987,424,0.2,28,1.0
16988,424,0.2,29,1.0
16989,424,0.2,30,1.0
16990,424,0.2,31,1.0
16991,424,0.2,32,1.0
16992,424,0.2,33,1.0
16993,424,0.2,34,1.0
16994,424,0.2,35,1.0
16995,424,0.2,36,1.0
16996,424,0.2,37,1.0
16997,424,0.2,38,1.0
16998,424,0.2,39,1.0
16999,424,0.2,40,1.0
17000,425,0.2,1,0.6
17001,425,0.2,2,0.6
17002,425,0.2,3,0.4
17003,425,0.2,4,0.6
17004,425,0.2,5,0.4
17005,425,0.2,6,0.6
17006,425,0.2,7,0.6
17007,425,0.2,8,0.2
17008,425,0.2,9,0.4
17009,425,0.2,10,0.4
17010,425,0.2,11,0.6
17011,425,0.2,12,0.6
17012,425,0.2,13,0.8
17013,425,0.2,14,0.8
17014,425,0.2,15,0.6
17015,425,0.2,16,0.6
17016,425,0.2,17,0.6
17017,425,0.2,18,1.0
17018,425,0.2,19,1.0
17019,425,0.2,20,1.0
17020,425,0.2,21,0.8
17021,425,0.2,22,1.0
17022,425,0.2,23,1.0
17023,425,0.2,24,0.8
17024,425,0.2,25,0.8
17025,425,0.2,26,0.8
17026,425,0.2,27,0.8
17027,425,0.2,28,0.8
17028,425,0.2,29,0.8
17029,425,0.2,30,0.8
17030,425,0.2,31,0.8
17031,425,0.2,32,0.8
17032,425,0.2,33,0.8
17033,425,0.2,34,0.8
17034,425,0.2,35,1.0
17035,425,0.2,36,0.8
17036,425,0.2,37,0.8
17037,425,0.2,38,1.0
17038,425,0.2,39,0.8
17039,425,0.2,40,1.0
17040,426,0.2,1,0.8
17041,426,0.2,2,0.8
17042,426,0.2,3,0.8
17043,426,0.2,4,0.8
17044,426,0.2,5,0.8
17045,426,0.2,6,0.8
17046,426,0.2,7,0.8
17047,426,0.2,8,0.8
17048,426,0.2,9,0.8
17049,426,0.2,10,0.8
17050,426,0.2,11,0.8
17051,426,0.2,12,0.8
17052,426,0.2,13,0.8
17053,426,0.2,14,0.8
17054,426,0.2,15,0.8
17055,426,0.2,16,0.8
17056,426,0.2,17,0.8
17057,426,0.2,18,0.8
17058,426,0.2,19,0.8
17059,426,0.2,20,0.8
17060,426,0.2,21,0.8
17061,426,0.2,22,0.6
17062,426,0.2,23,0.6
17063,426,0.2,24,0.8
17064,426,0.2,25,1.0
17065,426,0.2,26,1.0
17066,426,0.2,27,1.0
17067,426,0.2,28,1.0
17068,426,0.2,29,1.0
17069,426,0.2,30,1.0
17070,426,0.2,31,1.0
17071,426,0.2,32,1.0
17072,426,0.2,33,1.0
17073,426,0.2,34,1.0
17074,426,0.2,35,1.0
17075,426,0.2,36,1.0
17076,426,0.2,37,1.0
17077,426,0.2,38,1.0
17078,426,0.2,39,1.0
17079,426,0.2,40,1.0
17080,427,0.2,1,0.6
17081,427,0.2,2,0.6
17082,427,0.2,3,0.6
17083,427,0.2,4,0.6
17084,427,0.2,5,0.6
17085,427,0.2,6,1.0
17086,427,0.2,7,1.0
17087,427,0.2,8,0.8
17088,427,0.2,9,1.0
17089,427,0.2,10,1.0
17090,427,0.2,11,1.0
17091,427,0.2,12,1.0
17092,427,0.2,13,1.0
17093,427,0.2,14,1.0
17094,427,0.2,15,1.0
17095,427,0.2,16,1.0
17096,427,0.2,17,1.0
17097,427,0.2,18,1.0
17098,427,0.2,19,1.0
17099,427,0.2,20,1.0
17100,427,0.2,21,1.0
17101,427,0.2,22,1.0
17102,427,0.2,23,1.0
17103,427,0.2,24,1.0
17104,427,0.2,25,1.0
17105,427,0.2,26,1.0
17106,427,0.2,27,1.0
17107,427,0.2,28,1.0
17108,427,0.2,29,1.0
17109,427,0.2,30,1.0
17110,427,0.2,31,1.0
17111,427,0.2,32,1.0
17112,427,0.2,33,1.0
17113,427,0.2,34,1.0
17114,427,0.2,35,1.0
17115,427,0.2,36,1.0
17116,427,0.2,37,1.0
17117,427,0.2,38,1.0
17118,427,0.2,39,1.0
17119,427,0.2,40,1.0
17120,428,0.2,1,0.6
17121,428,0.2,2,0.6
17122,428,0.2,3,0.8
17123,428,0.2,4,0.8
17124,428,0.2,5,0.6
17125,428,0.2,6,0.6
17126,428,0.2,7,0.8
17127,428,0.2,8,1.0
17128,428,0.2,9,0.8
17129,428,0.2,10,0.8
17130,428,0.2,11,0.8
17131,428,0.2,12,0.8
17132,428,0.2,13,1.0
17133,428,0.2,14,1.0
17134,428,0.2,15,1.0
17135,428,0.2,16,1.0
17136,428,0.2,17,1.0
17137,428,0.2,18,1.0
17138,428,0.2,19,1.0
17139,428,0.2,20,1.0
17140,428,0.2,21,1.0
17141,428,0.2,22,1.0
17142,428,0.2,23,1.0
17143,428,0.2,24,1.0
17144,428,0.2,25,1.0
17145,428,0.2,26,1.0
17146,428,0.2,27,1.0
17147,428,0.2,28,1.0
17148,428,0.2,29,1.0
17149,428,0.2,30,1.0
17150,428,0.2,31,1.0
17151,428,0.2,32,1.0
17152,428,0.2,33,1.0
17153,428,0.2,34,1.0
17154,428,0.2,35,1.0
17155,428,0.2,36,1.0
17156,428,0.2,37,1.0
17157,428,0.2,38,1.0
17158,428,0.2,39,1.0
17159,428,0.2,40,1.0
17160,429,0.2,1,0.0
17161,429,0.2,2,0.2
17162,429,0.2,3,0.6
17163,429,0.2,4,0.6
17164,429,0.2,5,0.6
17165,429,0.2,6,0.6
17166,429,0.2,7,0.6
17167,429,0.2,8,0.6
17168,429,0.2,9,0.6
17169,429,0.2,10,0.6
17170,429,0.2,11,0.6
17171,429,0.2,12,0.6
17172,429,0.2,13,0.6
17173,429,0.2,14,0.8
17174,429,0.2,15,0.6
17175,429,0.2,16,0.8
17176,429,0.2,17,0.8
17177,429,0.2,18,0.8
17178,429,0.2,19,0.8
17179,429,0.2,20,0.6
17180,429,0.2,21,0.6
17181,429,0.2,22,0.6
17182,429,0.2,23,0.6
17183,429,0.2,24,0.6
17184,429,0.2,25,0.6
17185,429,0.2,26,0.8
17186,429,0.2,27,0.8
17187,429,0.2,28,0.8
17188,429,0.2,29,0.8
17189,429,0.2,30,0.8
17190,429,0.2,31,0.8
17191,429,0.2,32,1.0
17192,429,0.2,33,1.0
17193,429,0.2,34,1.0
17194,429,0.2,35,1.0
17195,429,0.2,36,1.0
17196,429,0.2,37,1.0
17197,429,0.2,38,1.0
17198,429,0.2,39,1.0
17199,429,0.2,40,1.0
17200,430,0.2,1,1.0
17201,430,0.2,2,1.0
17202,430,0.2,3,1.0
17203,430,0.2,4,1.0
17204,430,0.2,5,1.0
17205,430,0.2,6,0.8
17206,430,0.2,7,0.8
17207,430,0.2,8,0.8
17208,430,0.2,9,0.8
17209,430,0.2,10,0.8
17210,430,0.2,11,0.8
17211,430,0.2,12,0.8
17212,430,0.2,13,0.8
17213,430,0.2,14,0.8
17214,430,0.2,15,0.8
17215,430,0.2,16,0.8
17216,430,0.2,17,0.8
17217,430,0.2,18,1.0
17218,430,0.2,19,1.0
17219,430,0.2,20,1.0
17220,430,0.2,21,1.0
17221,430,0.2,22,1.0
17222,430,0.2,23,1.0
17223,430,0.2,24,1.0
17224,430,0.2,25,1.0
17225,430,0.2,26,1.0
17226,430,0.2,27,0.8
17227,430,0.2,28,0.8
17228,430,0.2,29,0.8
17229,430,0.2,30,0.8
17230,430,0.2,31,0.8
17231,430,0.2,32,0.8
17232,430,0.2,33,0.8
17233,430,0.2,34,0.8
17234,430,0.2,35,0.8
17235,430,0.2,36,0.8
17236,430,0.2,37,0.8
17237,430,0.2,38,0.8
17238,430,0.2,39,0.8
17239,430,0.2,40,0.8
17240,431,0.2,1,0.0
17241,431,0.2,2,0.8
17242,431,0.2,3,0.8
17243,431,0.2,4,1.0
17244,431,0.2,5,1.0
17245,431,0.2,6,1.0
17246,431,0.2,7,1.0
17247,431,0.2,8,1.0
17248,431,0.2,9,1.0
17249,431,0.2,10,1.0
17250,431,0.2,11,0.8
17251,431,0.2,12,1.0
17252,431,0.2,13,1.0
17253,431,0.2,14,1.0
17254,431,0.2,15,1.0
17255,431,0.2,16,1.0
17256,431,0.2,17,1.0
17257,431,0.2,18,1.0
17258,431,0.2,19,1.0
17259,431,0.2,20,1.0
17260,431,0.2,21,1.0
17261,431,0.2,22,1.0
17262,431,0.2,23,1.0
17263,431,0.2,24,1.0
17264,431,0.2,25,1.0
17265,431,0.2,26,1.0
17266,431,0.2,27,1.0
17267,431,0.2,28,1.0
17268,431,0.2,29,1.0
17269,431,0.2,30,1.0
17270,431,0.2,31,1.0
17271,431,0.2,32,1.0
17272,431,0.2,33,1.0
17273,431,0.2,34,1.0
17274,431,0.2,35,1.0
17275,431,0.2,36,1.0
17276,431,0.2,37,1.0
17277,431,0.2,38,1.0
17278,431,0.2,39,1.0
17279,431,0.2,40,1.0
17280,432,0.2,1,1.0
17281,432,0.2,2,1.0
17282,432,0.2,3,1.0
17283,432,0.2,4,1.0
17284,432,0.2,5,1.0
17285,432,0.2,6,1.0
17286,432,0.2,7,1.0
17287,432,0.2,8,1.0
17288,432,0.2,9,1.0
17289,432,0.2,10,0.8
17290,432,0.2,11,0.8
17291,432,0.2,12,0.8
17292,432,0.2,13,0.8
17293,432,0.2,14,0.8
17294,432,0.2,15,1.0
17295,432,0.2,16,0.8
17296,432,0.2,17,0.8
17297,432,0.2,18,0.8
17298,432,0.2,19,0.8
17299,432,0.2,20,0.8
17300,432,0.2,21,0.6
17301,432,0.2,22,0.8
17302,432,0.2,23,0.8
17303,432,0.2,24,0.8
17304,432,0.2,25,0.8
17305,432,0.2,26,0.8
17306,432,0.2,27,0.8
17307,432,0.2,28,0.8
17308,432,0.2,29,0.8
17309,432,0.2,30,0.8
17310,432,0.2,31,0.8
17311,432,0.2,32,0.8
17312,432,0.2,33,0.8
17313,432,0.2,34,0.8
17314,432,0.2,35,0.8
17315,432,0.2,36,0.8
17316,432,0.2,37,0.6
17317,432,0.2,38,0.6
17318,432,0.2,39,0.6
17319,432,0.2,40,0.6
17320,433,0.2,1,0.8
17321,433,0.2,2,0.8
17322,433,0.2,3,0.6
17323,433,0.2,4,0.6
17324,433,0.2,5,0.6
17325,433,0.2,6,0.6
17326,433,0.2,7,0.6
17327,433,0.2,8,0.6
17328,433,0.2,9,0.6
17329,433,0.2,10,0.6
17330,433,0.2,11,0.6
17331,433,0.2,12,0.6
17332,433,0.2,13,0.6
17333,433,0.2,14,0.6
17334,433,0.2,15,0.6
17335,433,0.2,16,0.6
17336,433,0.2,17,0.6
17337,433,0.2,18,0.6
17338,433,0.2,19,0.6
17339,433,0.2,20,0.6
17340,433,0.2,21,0.6
17341,433,0.2,22,0.6
17342,433,0.2,23,0.6
17343,433,0.2,24,0.6
17344,433,0.2,25,0.6
17345,433,0.2,26,0.6
17346,433,0.2,27,0.8
17347,433,0.2,28,0.8
17348,433,0.2,29,0.8
17349,433,0.2,30,0.8
17350,433,0.2,31,0.8
17351,433,0.2,32,0.8
17352,433,0.2,33,0.8
17353,433,0.2,34,0.8
17354,433,0.2,35,0.8
17355,433,0.2,36,0.8
17356,433,0.2,37,0.8
17357,433,0.2,38,0.8
17358,433,0.2,39,0.8
17359,433,0.2,40,0.8
17360,434,0.2,1,0.6
17361,434,0.2,2,0.6
17362,434,0.2,3,0.8
17363,434,0.2,4,0.6
17364,434,0.2,5,0.6
17365,434,0.2,6,0.6
17366,434,0.2,7,0.8
17367,434,0.2,8,1.0
17368,434,0.2,9,1.0
17369,434,0.2,10,1.0
17370,434,0.2,11,1.0
17371,434,0.2,12,1.0
17372,434,0.2,13,1.0
17373,434,0.2,14,1.0
17374,434,0.2,15,1.0
17375,434,0.2,16,1.0
17376,434,0.2,17,1.0
17377,434,0.2,18,1.0
17378,434,0.2,19,0.8
17379,434,0.2,20,1.0
17380,434,0.2,21,1.0
17381,434,0.2,22,1.0
17382,434,0.2,23,1.0
17383,434,0.2,24,1.0
17384,434,0.2,25,1.0
17385,434,0.2,26,0.8
17386,434,0.2,27,0.8
17387,434,0.2,28,0.8
17388,434,0.2,29,1.0
17389,434,0.2,30,1.0
17390,434,0.2,31,1.0
17391,434,0.2,32,1.0
17392,434,0.2,33,0.8
17393,434,0.2,34,0.8
17394,434,0.2,35,0.8
17395,434,0.2,36,0.8
17396,434,0.2,37,0.8
17397,434,0.2,38,0.8
17398,434,0.2,39,0.8
17399,434,0.2,40,1.0
17400,435,0.2,1,0.8
17401,435,0.2,2,0.8
17402,435,0.2,3,1.0
17403,435,0.2,4,0.8
17404,435,0.2,5,0.8
17405,435,0.2,6,0.6
17406,435,0.2,7,0.6
17407,435,0.2,8,0.8
17408,435,0.2,9,1.0
17409,435,0.2,10,1.0
17410,435,0.2,11,1.0
17411,435,0.2,12,0.8
17412,435,0.2,13,1.0
17413,435,0.2,14,1.0
17414,435,0.2,15,1.0
17415,435,0.2,16,1.0
17416,435,0.2,17,1.0
17417,435,0.2,18,1.0
17418,435,0.2,19,1.0
17419,435,0.2,20,1.0
17420,435,0.2,21,1.0
17421,435,0.2,22,1.0
17422,435,0.2,23,1.0
17423,435,0.2,24,1.0
17424,435,0.2,25,1.0
17425,435,0.2,26,1.0
17426,435,0.2,27,1.0
17427,435,0.2,28,1.0
17428,435,0.2,29,1.0
17429,435,0.2,30,1.0
17430,435,0.2,31,1.0
17431,435,0.2,32,1.0
17432,435,0.2,33,1.0
17433,435,0.2,34,1.0
17434,435,0.2,35,1.0
17435,435,0.2,36,1.0
17436,435,0.2,37,1.0
17437,435,0.2,38,1.0
17438,435,0.2,39,1.0
17439,435,0.2,40,1.0
17440,436,0.2,1,0.6
17441,436,0.2,2,0.6
17442,436,0.2,3,0.6
17443,436,0.2,4,0.4
17444,436,0.2,5,0.6
17445,436,0.2,6,0.6
17446,436,0.2,7,0.8
17447,436,0.2,8,0.8
17448,436,0.2,9,0.6
17449,436,0.2,10,0.4
17450,436,0.2,11,0.4
17451,436,0.2,12,0.4
17452,436,0.2,13,0.6
17453,436,0.2,14,0.6
17454,436,0.2,15,0.6
17455,436,0.2,16,0.4
17456,436,0.2,17,0.4
17457,436,0.2,18,0.4
17458,436,0.2,19,0.4
17459,436,0.2,20,0.4
17460,436,0.2,21,0.4
17461,436,0.2,22,0.4
17462,436,0.2,23,0.4
17463,436,0.2,24,0.4
17464,436,0.2,25,0.4
17465,436,0.2,26,0.8
17466,436,0.2,27,1.0
17467,436,0.2,28,1.0
17468,436,0.2,29,1.0
17469,436,0.2,30,1.0
17470,436,0.2,31,1.0
17471,436,0.2,32,1.0
17472,436,0.2,33,1.0
17473,436,0.2,34,1.0
17474,436,0.2,35,1.0
17475,436,0.2,36,1.0
17476,436,0.2,37,1.0
17477,436,0.2,38,1.0
17478,436,0.2,39,1.0
17479,436,0.2,40,1.0
17480,437,0.2,1,0.6
17481,437,0.2,2,0.6
17482,437,0.2,3,0.6
17483,437,0.2,4,0.4
17484,437,0.2,5,0.4
17485,437,0.2,6,0.4
17486,437,0.2,7,0.4
17487,437,0.2,8,0.4
17488,437,0.2,9,0.4
17489,437,0.2,10,0.4
17490,437,0.2,11,0.4
17491,437,0.2,12,0.4
17492,437,0.2,13,0.6
17493,437,0.2,14,0.4
17494,437,0.2,15,0.4
17495,437,0.2,16,0.6
17496,437,0.2,17,0.6
17497,437,0.2,18,0.8
17498,437,0.2,19,0.8
17499,437,0.2,20,0.8
17500,437,0.2,21,1.0
17501,437,0.2,22,0.8
17502,437,0.2,23,0.8
17503,437,0.2,24,0.6
17504,437,0.2,25,1.0
17505,437,0.2,26,1.0
17506,437,0.2,27,1.0
17507,437,0.2,28,1.0
17508,437,0.2,29,1.0
17509,437,0.2,30,1.0
17510,437,0.2,31,0.8
17511,437,0.2,32,0.8
17512,437,0.2,33,0.8
17513,437,0.2,34,0.8
17514,437,0.2,35,1.0
17515,437,0.2,36,0.8
17516,437,0.2,37,1.0
17517,437,0.2,38,1.0
17518,437,0.2,39,1.0
17519,437,0.2,40,1.0
17520,438,0.2,1,0.0
17521,438,0.2,2,0.4
17522,438,0.2,3,0.4
17523,438,0.2,4,0.4
17524,438,0.2,5,0.4
17525,438,0.2,6,0.4
17526,438,0.2,7,0.4
17527,438,0.2,8,0.4
17528,438,0.2,9,0.4
17529,438,0.2,10,1.0
17530,438,0.2,11,1.0
17531,438,0.2,12,1.0
17532,438,0.2,13,1.0
17533,438,0.2,14,1.0
17534,438,0.2,15,1.0
17535,438,0.2,16,1.0
17536,438,0.2,17,1.0
17537,438,0.2,18,1.0
17538,438,0.2,19,1.0
17539,438,0.2,20,1.0
17540,438,0.2,21,1.0
17541,438,0.2,22,1.0
17542,438,0.2,23,1.0
17543,438,0.2,24,1.0
17544,438,0.2,25,1.0
17545,438,0.2,26,0.8
17546,438,0.2,27,0.8
17547,438,0.2,28,1.0
17548,438,0.2,29,1.0
17549,438,0.2,30,1.0
17550,438,0.2,31,1.0
17551,438,0.2,32,1.0
17552,438,0.2,33,1.0
17553,438,0.2,34,1.0
17554,438,0.2,35,0.8
17555,438,0.2,36,1.0
17556,438,0.2,37,0.8
17557,438,0.2,38,1.0
17558,438,0.2,39,0.8
17559,438,0.2,40,0.8
17560,439,0.2,1,1.0
17561,439,0.2,2,1.0
17562,439,0.2,3,0.8
17563,439,0.2,4,0.8
17564,439,0.2,5,0.8
17565,439,0.2,6,0.8
17566,439,0.2,7,0.8
17567,439,0.2,8,0.8
17568,439,0.2,9,0.8
17569,439,0.2,10,0.8
17570,439,0.2,11,0.8
17571,439,0.2,12,0.8
17572,439,0.2,13,0.8
17573,439,0.2,14,0.8
17574,439,0.2,15,0.8
17575,439,0.2,16,0.8
17576,439,0.2,17,0.8
17577,439,0.2,18,0.8
17578,439,0.2,19,0.8
17579,439,0.2,20,0.8
17580,439,0.2,21,0.8
17581,439,0.2,22,0.8
17582,439,0.2,23,0.8
17583,439,0.2,24,0.8
17584,439,0.2,25,0.8
17585,439,0.2,26,0.8
17586,439,0.2,27,0.8
17587,439,0.2,28,0.8
17588,439,0.2,29,0.8
17589,439,0.2,30,0.8
17590,439,0.2,31,0.8
17591,439,0.2,32,0.8
17592,439,0.2,33,0.8
17593,439,0.2,34,0.8
17594,439,0.2,35,0.8
17595,439,0.2,36,0.8
17596,439,0.2,37,0.8
17597,439,0.2,38,0.8
17598,439,0.2,39,0.8
17599,439,0.2,40,0.8
17600,440,0.2,1,0.0
17601,440,0.2,2,1.0
17602,440,0.2,3,0.8
17603,440,0.2,4,0.8
17604,440,0.2,5,0.8
17605,440,0.2,6,0.8
17606,440,0.2,7,0.8
17607,440,0.2,8,0.8
17608,440,0.2,9,0.8
17609,440,0.2,10,0.8
17610,440,0.2,11,0.8
17611,440,0.2,12,0.8
17612,440,0.2,13,0.8
17613,440,0.2,14,0.8
17614,440,0.2,15,0.8
17615,440,0.2,16,0.8
17616,440,0.2,17,0.8
17617,440,0.2,18,0.8
17618,440,0.2,19,0.8
17619,440,0.2,20,0.8
17620,440,0.2,21,0.8
17621,440,0.2,22,0.8
17622,440,0.2,23,0.8
17623,440,0.2,24,0.8
17624,440,0.2,25,0.8
17625,440,0.2,26,0.8
17626,440,0.2,27,0.8
17627,440,0.2,28,0.8
17628,440,0.2,29,0.8
17629,440,0.2,30,0.8
17630,440,0.2,31,0.8
17631,440,0.2,32,0.8
17632,440,0.2,33,0.8
17633,440,0.2,34,0.8
17634,440,0.2,35,0.8
17635,440,0.2,36,0.8
17636,440,0.2,37,0.8
17637,440,0.2,38,0.8
17638,440,0.2,39,0.8
17639,440,0.2,40,0.8
17640,441,0.2,1,1.0
17641,441,0.2,2,1.0
17642,441,0.2,3,1.0
17643,441,0.2,4,1.0
17644,441,0.2,5,1.0
17645,441,0.2,6,0.8
17646,441,0.2,7,0.8
17647,441,0.2,8,0.6
17648,441,0.2,9,0.8
17649,441,0.2,10,0.8
17650,441,0.2,11,0.8
17651,441,0.2,12,0.8
17652,441,0.2,13,0.8
17653,441,0.2,14,0.8
17654,441,0.2,15,0.8
17655,441,0.2,16,0.8
17656,441,0.2,17,0.8
17657,441,0.2,18,0.8
17658,441,0.2,19,0.8
17659,441,0.2,20,0.8
17660,441,0.2,21,0.8
17661,441,0.2,22,0.8
17662,441,0.2,23,0.8
17663,441,0.2,24,0.8
17664,441,0.2,25,1.0
17665,441,0.2,26,0.8
17666,441,0.2,27,0.8
17667,441,0.2,28,0.8
17668,441,0.2,29,0.8
17669,441,0.2,30,0.8
17670,441,0.2,31,0.8
17671,441,0.2,32,0.8
17672,441,0.2,33,0.8
17673,441,0.2,34,0.8
17674,441,0.2,35,0.8
17675,441,0.2,36,0.8
17676,441,0.2,37,0.8
17677,441,0.2,38,0.8
17678,441,0.2,39,0.8
17679,441,0.2,40,0.8
17680,442,0.2,1,0.8
17681,442,0.2,2,0.8
17682,442,0.2,3,0.8
17683,442,0.2,4,1.0
17684,442,0.2,5,0.6
17685,442,0.2,6,0.6
17686,442,0.2,7,0.6
17687,442,0.2,8,0.8
17688,442,0.2,9,0.6
17689,442,0.2,10,0.6
17690,442,0.2,11,0.8
17691,442,0.2,12,0.8
17692,442,0.2,13,0.6
17693,442,0.2,14,1.0
17694,442,0.2,15,1.0
17695,442,0.2,16,1.0
17696,442,0.2,17,1.0
17697,442,0.2,18,1.0
17698,442,0.2,19,1.0
17699,442,0.2,20,1.0
17700,442,0.2,21,1.0
17701,442,0.2,22,1.0
17702,442,0.2,23,1.0
17703,442,0.2,24,1.0
17704,442,0.2,25,1.0
17705,442,0.2,26,1.0
17706,442,0.2,27,1.0
17707,442,0.2,28,1.0
17708,442,0.2,29,1.0
17709,442,0.2,30,1.0
17710,442,0.2,31,1.0
17711,442,0.2,32,1.0
17712,442,0.2,33,1.0
17713,442,0.2,34,1.0
17714,442,0.2,35,1.0
17715,442,0.2,36,1.0
17716,442,0.2,37,1.0
17717,442,0.2,38,1.0
17718,442,0.2,39,1.0
17719,442,0.2,40,1.0
17720,443,0.2,1,0.6
17721,443,0.2,2,0.6
17722,443,0.2,3,0.6
17723,443,0.2,4,0.6
17724,443,0.2,5,0.6
17725,443,0.2,6,0.4
17726,443,0.2,7,0.4
17727,443,0.2,8,0.4
17728,443,0.2,9,0.4
17729,443,0.2,10,0.4
17730,443,0.2,11,0.4
17731,443,0.2,12,0.4
17732,443,0.2,13,0.6
17733,443,0.2,14,0.6
17734,443,0.2,15,0.6
17735,443,0.2,16,0.6
17736,443,0.2,17,0.4
17737,443,0.2,18,0.4
17738,443,0.2,19,0.4
17739,443,0.2,20,0.4
17740,443,0.2,21,0.4
17741,443,0.2,22,0.8
17742,443,0.2,23,0.8
17743,443,0.2,24,0.6
17744,443,0.2,25,0.8
17745,443,0.2,26,0.8
17746,443,0.2,27,0.8
17747,443,0.2,28,0.8
17748,443,0.2,29,1.0
17749,443,0.2,30,1.0
17750,443,0.2,31,0.8
17751,443,0.2,32,1.0
17752,443,0.2,33,1.0
17753,443,0.2,34,1.0
17754,443,0.2,35,1.0
17755,443,0.2,36,1.0
17756,443,0.2,37,0.8
17757,443,0.2,38,0.8
17758,443,0.2,39,0.8
17759,443,0.2,40,0.8
17760,444,0.2,1,0.8
17761,444,0.2,2,0.8
17762,444,0.2,3,0.8
17763,444,0.2,4,0.6
17764,444,0.2,5,0.6
17765,444,0.2,6,0.6
17766,444,0.2,7,0.6
17767,444,0.2,8,0.6
17768,444,0.2,9,0.6
17769,444,0.2,10,0.6
17770,444,0.2,11,0.6
17771,444,0.2,12,1.0
17772,444,0.2,13,1.0
17773,444,0.2,14,0.6
17774,444,0.2,15,0.8
17775,444,0.2,16,0.8
17776,444,0.2,17,0.8
17777,444,0.2,18,0.8
17778,444,0.2,19,0.8
17779,444,0.2,20,0.8
17780,444,0.2,21,0.6
17781,444,0.2,22,0.6
17782,444,0.2,23,0.6
17783,444,0.2,24,0.6
17784,444,0.2,25,0.6
17785,444,0.2,26,0.6
17786,444,0.2,27,0.6
17787,444,0.2,28,0.6
17788,444,0.2,29,0.6
17789,444,0.2,30,0.6
17790,444,0.2,31,0.6
17791,444,0.2,32,0.6
17792,444,0.2,33,0.6
17793,444,0.2,34,0.6
17794,444,0.2,35,0.6
17795,444,0.2,36,0.8
17796,444,0.2,37,0.8
17797,444,0.2,38,0.8
17798,444,0.2,39,0.8
17799,444,0.2,40,0.8
17800,445,0.2,1,0.6
17801,445,0.2,2,0.6
17802,445,0.2,3,0.6
17803,445,0.2,4,0.6
17804,445,0.2,5,0.6
17805,445,0.2,6,0.8
17806,445,0.2,7,0.6
17807,445,0.2,8,0.8
17808,445,0.2,9,0.8
17809,445,0.2,10,0.8
17810,445,0.2,11,0.8
17811,445,0.2,12,0.8
17812,445,0.2,13,0.8
17813,445,0.2,14,0.8
17814,445,0.2,15,0.8
17815,445,0.2,16,0.8
17816,445,0.2,17,0.8
17817,445,0.2,18,0.8
17818,445,0.2,19,0.6
17819,445,0.2,20,0.6
17820,445,0.2,21,0.6
17821,445,0.2,22,0.6
17822,445,0.2,23,0.6
17823,445,0.2,24,0.6
17824,445,0.2,25,0.6
17825,445,0.2,26,0.6
17826,445,0.2,27,0.6
17827,445,0.2,28,0.6
17828,445,0.2,29,0.6
17829,445,0.2,30,0.6
17830,445,0.2,31,0.6
17831,445,0.2,32,0.6
17832,445,0.2,33,0.6
17833,445,0.2,34,0.6
17834,445,0.2,35,0.6
17835,445,0.2,36,0.6
17836,445,0.2,37,0.6
17837,445,0.2,38,0.6
17838,445,0.2,39,0.8
17839,445,0.2,40,0.8
17840,446,0.2,1,0.6
17841,446,0.2,2,0.6
17842,446,0.2,3,0.6
17843,446,0.2,4,0.8
17844,446,0.2,5,1.0
17845,446,0.2,6,0.8
17846,446,0.2,7,0.6
17847,446,0.2,8,0.8
17848,446,0.2,9,0.8
17849,446,0.2,10,0.8
17850,446,0.2,11,0.8
17851,446,0.2,12,1.0
17852,446,0.2,13,0.8
17853,446,0.2,14,0.6
17854,446,0.2,15,0.6
17855,446,0.2,16,1.0
17856,446,0.2,17,1.0
17857,446,0.2,18,1.0
17858,446,0.2,19,1.0
17859,446,0.2,20,0.8
17860,446,0.2,21,0.6
17861,446,0.2,22,0.6
17862,446,0.2,23,0.6
17863,446,0.2,24,0.8
17864,446,0.2,25,0.8
17865,446,0.2,26,0.8
17866,446,0.2,27,0.8
17867,446,0.2,28,1.0
17868,446,0.2,29,0.6
17869,446,0.2,30,0.8
17870,446,0.2,31,0.8
17871,446,0.2,32,0.8
17872,446,0.2,33,0.8
17873,446,0.2,34,0.8
17874,446,0.2,35,0.8
17875,446,0.2,36,0.8
17876,446,0.2,37,0.8
17877,446,0.2,38,0.8
17878,446,0.2,39,0.8
17879,446,0.2,40,0.8
17880,447,0.2,1,0.0
17881,447,0.2,2,0.6
17882,447,0.2,3,0.6
17883,447,0.2,4,0.6
17884,447,0.2,5,0.6
17885,447,0.2,6,0.6
17886,447,0.2,7,0.4
17887,447,0.2,8,0.4
17888,447,0.2,9,0.6
17889,447,0.2,10,0.6
17890,447,0.2,11,0.6
17891,447,0.2,12,0.6
17892,447,0.2,13,0.6
17893,447,0.2,14,0.8
17894,447,0.2,15,0.8
17895,447,0.2,16,0.8
17896,447,0.2,17,1.0
17897,447,0.2,18,0.8
17898,447,0.2,19,0.8
17899,447,0.2,20,0.8
17900,447,0.2,21,0.8
17901,447,0.2,22,0.8
17902,447,0.2,23,0.8
17903,447,0.2,24,1.0
17904,447,0.2,25,0.8
17905,447,0.2,26,0.8
17906,447,0.2,27,0.8
17907,447,0.2,28,0.8
17908,447,0.2,29,0.8
17909,447,0.2,30,0.8
17910,447,0.2,31,0.8
17911,447,0.2,32,0.8
17912,447,0.2,33,0.8
17913,447,0.2,34,0.8
17914,447,0.2,35,0.8
17915,447,0.2,36,0.8
17916,447,0.2,37,0.8
17917,447,0.2,38,0.8
17918,447,0.2,39,0.8
17919,447,0.2,40,0.8
17920,448,0.2,1,1.0
17921,448,0.2,2,0.6
17922,448,0.2,3,0.8
17923,448,0.2,4,0.8
17924,448,0.2,5,1.0
17925,448,0.2,6,1.0
17926,448,0.2,7,1.0
17927,448,0.2,8,1.0
17928,448,0.2,9,1.0
17929,448,0.2,10,1.0
17930,448,0.2,11,1.0
17931,448,0.2,12,1.0
17932,448,0.2,13,1.0
17933,448,0.2,14,1.0
17934,448,0.2,15,1.0
17935,448,0.2,16,1.0
17936,448,0.2,17,1.0
17937,448,0.2,18,1.0
17938,448,0.2,19,1.0
17939,448,0.2,20,1.0
17940,448,0.2,21,1.0
17941,448,0.2,22,1.0
17942,448,0.2,23,1.0
17943,448,0.2,24,1.0
17944,448,0.2,25,1.0
17945,448,0.2,26,0.8
17946,448,0.2,27,0.8
17947,448,0.2,28,0.8
17948,448,0.2,29,0.8
17949,448,0.2,30,0.8
17950,448,0.2,31,0.8
17951,448,0.2,32,1.0
17952,448,0.2,33,0.8
17953,448,0.2,34,0.8
17954,448,0.2,35,0.8
17955,448,0.2,36,1.0
17956,448,0.2,37,1.0
17957,448,0.2,38,1.0
17958,448,0.2,39,1.0
17959,448,0.2,40,1.0
17960,449,0.2,1,0.0
17961,449,0.2,2,0.6
17962,449,0.2,3,0.6
17963,449,0.2,4,0.4
17964,449,0.2,5,0.6
17965,449,0.2,6,0.4
17966,449,0.2,7,0.4
17967,449,0.2,8,0.4
17968,449,0.2,9,0.4
17969,449,0.2,10,0.4
17970,449,0.2,11,0.4
17971,449,0.2,12,0.6
17972,449,0.2,13,0.6
17973,449,0.2,14,0.6
17974,449,0.2,15,0.8
17975,449,0.2,16,0.8
17976,449,0.2,17,0.8
17977,449,0.2,18,0.8
17978,449,0.2,19,0.8
17979,449,0.2,20,0.8
17980,449,0.2,21,0.8
17981,449,0.2,22,0.8
17982,449,0.2,23,0.8
17983,449,0.2,24,0.8
17984,449,0.2,25,0.8
17985,449,0.2,26,0.8
17986,449,0.2,27,0.8
17987,449,0.2,28,0.8
17988,449,0.2,29,0.8
17989,449,0.2,30,0.8
17990,449,0.2,31,0.8
17991,449,0.2,32,0.8
17992,449,0.2,33,0.8
17993,449,0.2,34,0.8
17994,449,0.2,35,0.8
17995,449,0.2,36,0.8
17996,449,0.2,37,0.8
17997,449,0.2,38,0.8
17998,449,0.2,39,0.8
17999,449,0.2,40,0.8
18000,450,0.2,1,1.0
18001,450,0.2,2,1.0
18002,450,0.2,3,1.0
18003,450,0.2,4,0.8
18004,450,0.2,5,0.6
18005,450,0.2,6,0.6
18006,450,0.2,7,1.0
18007,450,0.2,8,1.0
18008,450,0.2,9,0.8
18009,450,0.2,10,0.8
18010,450,0.2,11,0.8
18011,450,0.2,12,0.8
18012,450,0.2,13,0.8
18013,450,0.2,14,0.8
18014,450,0.2,15,1.0
18015,450,0.2,16,1.0
18016,450,0.2,17,1.0
18017,450,0.2,18,1.0
18018,450,0.2,19,1.0
18019,450,0.2,20,1.0
18020,450,0.2,21,1.0
18021,450,0.2,22,1.0
18022,450,0.2,23,1.0
18023,450,0.2,24,1.0
18024,450,0.2,25,1.0
18025,450,0.2,26,1.0
18026,450,0.2,27,1.0
18027,450,0.2,28,1.0
18028,450,0.2,29,1.0
18029,450,0.2,30,1.0
18030,450,0.2,31,1.0
18031,450,0.2,32,1.0
18032,450,0.2,33,1.0
18033,450,0.2,34,1.0
18034,450,0.2,35,1.0
18035,450,0.2,36,1.0
18036,450,0.2,37,1.0
18037,450,0.2,38,1.0
18038,450,0.2,39,1.0
18039,450,0.2,40,1.0
18040,451,0.2,1,0.8
18041,451,0.2,2,0.8
18042,451,0.2,3,0.8
18043,451,0.2,4,0.8
18044,451,0.2,5,0.8
18045,451,0.2,6,0.8
18046,451,0.2,7,0.8
18047,451,0.2,8,0.8
18048,451,0.2,9,0.8
18049,451,0.2,10,0.8
18050,451,0.2,11,0.8
18051,451,0.2,12,0.8
18052,451,0.2,13,0.8
18053,451,0.2,14,1.0
18054,451,0.2,15,1.0
18055,451,0.2,16,1.0
18056,451,0.2,17,1.0
18057,451,0.2,18,1.0
18058,451,0.2,19,0.8
18059,451,0.2,20,0.8
18060,451,0.2,21,1.0
18061,451,0.2,22,1.0
18062,451,0.2,23,1.0
18063,451,0.2,24,1.0
18064,451,0.2,25,1.0
18065,451,0.2,26,0.8
18066,451,0.2,27,0.8
18067,451,0.2,28,0.8
18068,451,0.2,29,0.8
18069,451,0.2,30,0.8
18070,451,0.2,31,0.8
18071,451,0.2,32,0.8
18072,451,0.2,33,0.8
18073,451,0.2,34,0.8
18074,451,0.2,35,1.0
18075,451,0.2,36,1.0
18076,451,0.2,37,1.0
18077,451,0.2,38,1.0
18078,451,0.2,39,1.0
18079,451,0.2,40,1.0
18080,452,0.2,1,0.6
18081,452,0.2,2,0.6
18082,452,0.2,3,0.8
18083,452,0.2,4,0.8
18084,452,0.2,5,0.6
18085,452,0.2,6,0.4
18086,452,0.2,7,0.6
18087,452,0.2,8,0.4
18088,452,0.2,9,0.6
18089,452,0.2,10,0.6
18090,452,0.2,11,0.6
18091,452,0.2,12,0.6
18092,452,0.2,13,0.8
18093,452,0.2,14,0.8
18094,452,0.2,15,0.8
18095,452,0.2,16,0.8
18096,452,0.2,17,1.0
18097,452,0.2,18,0.8
18098,452,0.2,19,0.8
18099,452,0.2,20,0.8
18100,452,0.2,21,0.8
18101,452,0.2,22,0.8
18102,452,0.2,23,1.0
18103,452,0.2,24,1.0
18104,452,0.2,25,0.8
18105,452,0.2,26,1.0
18106,452,0.2,27,1.0
18107,452,0.2,28,1.0
18108,452,0.2,29,0.8
18109,452,0.2,30,0.8
18110,452,0.2,31,0.8
18111,452,0.2,32,0.8
18112,452,0.2,33,0.8
18113,452,0.2,34,0.8
18114,452,0.2,35,0.8
18115,452,0.2,36,0.8
18116,452,0.2,37,0.8
18117,452,0.2,38,0.8
18118,452,0.2,39,0.8
18119,452,0.2,40,0.8
18120,453,0.2,1,0.8
18121,453,0.2,2,0.8
18122,453,0.2,3,0.8
18123,453,0.2,4,0.8
18124,453,0.2,5,0.8
18125,453,0.2,6,1.0
18126,453,0.2,7,0.8
18127,453,0.2,8,0.8
18128,453,0.2,9,0.8
18129,453,0.2,10,0.8
18130,453,0.2,11,1.0
18131,453,0.2,12,1.0
18132,453,0.2,13,1.0
18133,453,0.2,14,1.0
18134,453,0.2,15,1.0
18135,453,0.2,16,1.0
18136,453,0.2,17,1.0
18137,453,0.2,18,1.0
18138,453,0.2,19,1.0
18139,453,0.2,20,1.0
18140,453,0.2,21,1.0
18141,453,0.2,22,1.0
18142,453,0.2,23,1.0
18143,453,0.2,24,1.0
18144,453,0.2,25,1.0
18145,453,0.2,26,1.0
18146,453,0.2,27,1.0
18147,453,0.2,28,1.0
18148,453,0.2,29,1.0
18149,453,0.2,30,1.0
18150,453,0.2,31,1.0
18151,453,0.2,32,1.0
18152,453,0.2,33,1.0
18153,453,0.2,34,1.0
18154,453,0.2,35,1.0
18155,453,0.2,36,1.0
18156,453,0.2,37,1.0
18157,453,0.2,38,1.0
18158,453,0.2,39,1.0
18159,453,0.2,40,1.0
18160,454,0.2,1,0.6
18161,454,0.2,2,0.6
18162,454,0.2,3,0.6
18163,454,0.2,4,0.6
18164,454,0.2,5,0.8
18165,454,0.2,6,0.6
18166,454,0.2,7,0.8
18167,454,0.2,8,1.0
18168,454,0.2,9,1.0
18169,454,0.2,10,1.0
18170,454,0.2,11,1.0
18171,454,0.2,12,1.0
18172,454,0.2,13,1.0
18173,454,0.2,14,1.0
18174,454,0.2,15,0.8
18175,454,0.2,16,0.8
18176,454,0.2,17,0.8
18177,454,0.2,18,0.8
18178,454,0.2,19,0.8
18179,454,0.2,20,0.8
18180,454,0.2,21,0.8
18181,454,0.2,22,1.0
18182,454,0.2,23,1.0
18183,454,0.2,24,1.0
18184,454,0.2,25,1.0
18185,454,0.2,26,0.8
18186,454,0.2,27,0.8
18187,454,0.2,28,1.0
18188,454,0.2,29,1.0
18189,454,0.2,30,1.0
18190,454,0.2,31,0.8
18191,454,0.2,32,0.8
18192,454,0.2,33,0.8
18193,454,0.2,34,1.0
18194,454,0.2,35,1.0
18195,454,0.2,36,1.0
18196,454,0.2,37,1.0
18197,454,0.2,38,1.0
18198,454,0.2,39,0.8
18199,454,0.2,40,0.8
18200,455,0.2,1,0.6
18201,455,0.2,2,0.6
18202,455,0.2,3,0.6
18203,455,0.2,4,0.6
18204,455,0.2,5,0.6
18205,455,0.2,6,0.6
18206,455,0.2,7,0.6
18207,455,0.2,8,0.6
18208,455,0.2,9,0.6
18209,455,0.2,10,0.6
18210,455,0.2,11,0.6
18211,455,0.2,12,0.6
18212,455,0.2,13,0.6
18213,455,0.2,14,0.6
18214,455,0.2,15,1.0
18215,455,0.2,16,1.0
18216,455,0.2,17,1.0
18217,455,0.2,18,1.0
18218,455,0.2,19,1.0
18219,455,0.2,20,0.8
18220,455,0.2,21,1.0
18221,455,0.2,22,1.0
18222,455,0.2,23,1.0
18223,455,0.2,24,1.0
18224,455,0.2,25,1.0
18225,455,0.2,26,1.0
18226,455,0.2,27,1.0
18227,455,0.2,28,0.8
18228,455,0.2,29,0.8
18229,455,0.2,30,1.0
18230,455,0.2,31,1.0
18231,455,0.2,32,1.0
18232,455,0.2,33,1.0
18233,455,0.2,34,1.0
18234,455,0.2,35,1.0
18235,455,0.2,36,1.0
18236,455,0.2,37,1.0
18237,455,0.2,38,1.0
18238,455,0.2,39,1.0
18239,455,0.2,40,1.0
18240,456,0.2,1,0.0
18241,456,0.2,2,0.2
18242,456,0.2,3,0.8
18243,456,0.2,4,0.8
18244,456,0.2,5,0.8
18245,456,0.2,6,0.8
18246,456,0.2,7,0.8
18247,456,0.2,8,0.8
18248,456,0.2,9,0.8
18249,456,0.2,10,0.8
18250,456,0.2,11,0.8
18251,456,0.2,12,0.8
18252,456,0.2,13,0.8
18253,456,0.2,14,0.8
18254,456,0.2,15,0.8
18255,456,0.2,16,0.8
18256,456,0.2,17,0.8
18257,456,0.2,18,0.8
18258,456,0.2,19,0.8
18259,456,0.2,20,0.8
18260,456,0.2,21,0.8
18261,456,0.2,22,0.8
18262,456,0.2,23,0.8
18263,456,0.2,24,0.8
18264,456,0.2,25,0.8
18265,456,0.2,26,0.8
18266,456,0.2,27,0.8
18267,456,0.2,28,0.8
18268,456,0.2,29,0.8
18269,456,0.2,30,0.8
18270,456,0.2,31,0.8
18271,456,0.2,32,0.8
18272,456,0.2,33,0.8
18273,456,0.2,34,0.8
18274,456,0.2,35,0.8
18275,456,0.2,36,0.8
18276,456,0.2,37,0.8
18277,456,0.2,38,0.8
18278,456,0.2,39,0.8
18279,456,0.2,40,0.8
18280,457,0.2,1,1.0
18281,457,0.2,2,1.0
18282,457,0.2,3,1.0
18283,457,0.2,4,1.0
18284,457,0.2,5,1.0
18285,457,0.2,6,1.0
18286,457,0.2,7,1.0
18287,457,0.2,8,0.8
18288,457,0.2,9,1.0
18289,457,0.2,10,1.0
18290,457,0.2,11,0.8
18291,457,0.2,12,0.8
18292,457,0.2,13,0.8
18293,457,0.2,14,0.8
18294,457,0.2,15,0.8
18295,457,0.2,16,0.8
18296,457,0.2,17,0.8
18297,457,0.2,18,0.8
18298,457,0.2,19,0.8
18299,457,0.2,20,0.8
18300,457,0.2,21,0.8
18301,457,0.2,22,0.8
18302,457,0.2,23,0.8
18303,457,0.2,24,0.8
18304,457,0.2,25,0.6
18305,457,0.2,26,0.6
18306,457,0.2,27,0.6
18307,457,0.2,28,0.6
18308,457,0.2,29,0.6
18309,457,0.2,30,0.6
18310,457,0.2,31,0.8
18311,457,0.2,32,0.6
18312,457,0.2,33,0.6
18313,457,0.2,34,0.8
18314,457,0.2,35,0.6
18315,457,0.2,36,0.6
18316,457,0.2,37,0.6
18317,457,0.2,38,0.8
18318,457,0.2,39,0.8
18319,457,0.2,40,0.8
18320,458,0.2,1,0.0
18321,458,0.2,2,0.4
18322,458,0.2,3,0.4
18323,458,0.2,4,0.6
18324,458,0.2,5,0.6
18325,458,0.2,6,0.8
18326,458,0.2,7,0.6
18327,458,0.2,8,0.8
18328,458,0.2,9,0.8
18329,458,0.2,10,0.8
18330,458,0.2,11,0.4
18331,458,0.2,12,0.4
18332,458,0.2,13,0.6
18333,458,0.2,14,0.4
18334,458,0.2,15,0.8
18335,458,0.2,16,0.6
18336,458,0.2,17,0.6
18337,458,0.2,18,0.8
18338,458,0.2,19,0.8
18339,458,0.2,20,0.8
18340,458,0.2,21,0.8
18341,458,0.2,22,0.8
18342,458,0.2,23,0.8
18343,458,0.2,24,0.6
18344,458,0.2,25,0.6
18345,458,0.2,26,0.8
18346,458,0.2,27,0.8
18347,458,0.2,28,0.8
18348,458,0.2,29,0.8
18349,458,0.2,30,1.0
18350,458,0.2,31,1.0
18351,458,0.2,32,1.0
18352,458,0.2,33,1.0
18353,458,0.2,34,1.0
18354,458,0.2,35,1.0
18355,458,0.2,36,1.0
18356,458,0.2,37,1.0
18357,458,0.2,38,1.0
18358,458,0.2,39,1.0
18359,458,0.2,40,1.0
18360,459,0.2,1,1.0
18361,459,0.2,2,1.0
18362,459,0.2,3,1.0
18363,459,0.2,4,0.6
18364,459,0.2,5,0.6
18365,459,0.2,6,0.6
18366,459,0.2,7,1.0
18367,459,0.2,8,1.0
18368,459,0.2,9,0.8
18369,459,0.2,10,1.0
18370,459,0.2,11,1.0
18371,459,0.2,12,1.0
18372,459,0.2,13,1.0
18373,459,0.2,14,1.0
18374,459,0.2,15,0.8
18375,459,0.2,16,1.0
18376,459,0.2,17,1.0
18377,459,0.2,18,0.8
18378,459,0.2,19,0.8
18379,459,0.2,20,1.0
18380,459,0.2,21,1.0
18381,459,0.2,22,1.0
18382,459,0.2,23,1.0
18383,459,0.2,24,1.0
18384,459,0.2,25,1.0
18385,459,0.2,26,0.8
18386,459,0.2,27,0.8
18387,459,0.2,28,0.8
18388,459,0.2,29,0.6
18389,459,0.2,30,0.8
18390,459,0.2,31,0.8
18391,459,0.2,32,1.0
18392,459,0.2,33,1.0
18393,459,0.2,34,1.0
18394,459,0.2,35,1.0
18395,459,0.2,36,1.0
18396,459,0.2,37,1.0
18397,459,0.2,38,1.0
18398,459,0.2,39,1.0
18399,459,0.2,40,1.0
18400,460,0.2,1,0.8
18401,460,0.2,2,0.8
18402,460,0.2,3,0.4
18403,460,0.2,4,0.4
18404,460,0.2,5,0.8
18405,460,0.2,6,0.8
18406,460,0.2,7,0.8
18407,460,0.2,8,0.8
18408,460,0.2,9,0.8
18409,460,0.2,10,0.8
18410,460,0.2,11,0.8
18411,460,0.2,12,0.8
18412,460,0.2,13,0.8
18413,460,0.2,14,1.0
18414,460,0.2,15,1.0
18415,460,0.2,16,1.0
18416,460,0.2,17,1.0
18417,460,0.2,18,1.0
18418,460,0.2,19,1.0
18419,460,0.2,20,1.0
18420,460,0.2,21,1.0
18421,460,0.2,22,1.0
18422,460,0.2,23,1.0
18423,460,0.2,24,1.0
18424,460,0.2,25,1.0
18425,460,0.2,26,1.0
18426,460,0.2,27,1.0
18427,460,0.2,28,1.0
18428,460,0.2,29,1.0
18429,460,0.2,30,1.0
18430,460,0.2,31,1.0
18431,460,0.2,32,1.0
18432,460,0.2,33,1.0
18433,460,0.2,34,1.0
18434,460,0.2,35,1.0
18435,460,0.2,36,1.0
18436,460,0.2,37,1.0
18437,460,0.2,38,1.0
18438,460,0.2,39,1.0
18439,460,0.2,40,1.0
18440,461,0.2,1,0.6
18441,461,0.2,2,0.6
18442,461,0.2,3,0.4
18443,461,0.2,4,0.6
18444,461,0.2,5,0.4
18445,461,0.2,6,0.4
18446,461,0.2,7,0.4
18447,461,0.2,8,0.6
18448,461,0.2,9,0.8
18449,461,0.2,10,0.8
18450,461,0.2,11,0.6
18451,461,0.2,12,0.6
18452,461,0.2,13,0.8
18453,461,0.2,14,0.6
18454,461,0.2,15,0.6
18455,461,0.2,16,1.0
18456,461,0.2,17,0.8
18457,461,0.2,18,0.8
18458,461,0.2,19,0.8
18459,461,0.2,20,0.8
18460,461,0.2,21,0.8
18461,461,0.2,22,0.8
18462,461,0.2,23,1.0
18463,461,0.2,24,1.0
18464,461,0.2,25,0.8
18465,461,0.2,26,1.0
18466,461,0.2,27,1.0
18467,461,0.2,28,1.0
18468,461,0.2,29,1.0
18469,461,0.2,30,1.0
18470,461,0.2,31,1.0
18471,461,0.2,32,1.0
18472,461,0.2,33,1.0
18473,461,0.2,34,1.0
18474,461,0.2,35,1.0
18475,461,0.2,36,1.0
18476,461,0.2,37,1.0
18477,461,0.2,38,1.0
18478,461,0.2,39,1.0
18479,461,0.2,40,1.0
18480,462,0.2,1,0.8
18481,462,0.2,2,0.8
18482,462,0.2,3,0.8
18483,462,0.2,4,0.8
18484,462,0.2,5,0.6
18485,462,0.2,6,0.6
18486,462,0.2,7,0.8
18487,462,0.2,8,0.6
18488,462,0.2,9,0.6
18489,462,0.2,10,1.0
18490,462,0.2,11,1.0
18491,462,0.2,12,1.0
18492,462,0.2,13,1.0
18493,462,0.2,14,1.0
18494,462,0.2,15,1.0
18495,462,0.2,16,1.0
18496,462,0.2,17,1.0
18497,462,0.2,18,1.0
18498,462,0.2,19,1.0
18499,462,0.2,20,1.0
18500,462,0.2,21,1.0
18501,462,0.2,22,1.0
18502,462,0.2,23,1.0
18503,462,0.2,24,1.0
18504,462,0.2,25,1.0
18505,462,0.2,26,1.0
18506,462,0.2,27,1.0
18507,462,0.2,28,1.0
18508,462,0.2,29,1.0
18509,462,0.2,30,1.0
18510,462,0.2,31,1.0
18511,462,0.2,32,1.0
18512,462,0.2,33,1.0
18513,462,0.2,34,1.0
18514,462,0.2,35,1.0
18515,462,0.2,36,1.0
18516,462,0.2,37,1.0
18517,462,0.2,38,1.0
18518,462,0.2,39,1.0
18519,462,0.2,40,1.0
18520,463,0.2,1,0.6
18521,463,0.2,2,0.6
18522,463,0.2,3,0.8
18523,463,0.2,4,0.8
18524,463,0.2,5,0.8
18525,463,0.2,6,0.6
18526,463,0.2,7,1.0
18527,463,0.2,8,0.8
18528,463,0.2,9,1.0
18529,463,0.2,10,1.0
18530,463,0.2,11,1.0
18531,463,0.2,12,1.0
18532,463,0.2,13,1.0
18533,463,0.2,14,1.0
18534,463,0.2,15,1.0
18535,463,0.2,16,1.0
18536,463,0.2,17,1.0
18537,463,0.2,18,1.0
18538,463,0.2,19,1.0
18539,463,0.2,20,1.0
18540,463,0.2,21,1.0
18541,463,0.2,22,1.0
18542,463,0.2,23,1.0
18543,463,0.2,24,1.0
18544,463,0.2,25,1.0
18545,463,0.2,26,1.0
18546,463,0.2,27,1.0
18547,463,0.2,28,1.0
18548,463,0.2,29,1.0
18549,463,0.2,30,1.0
18550,463,0.2,31,1.0
18551,463,0.2,32,1.0
18552,463,0.2,33,1.0
18553,463,0.2,34,1.0
18554,463,0.2,35,1.0
18555,463,0.2,36,1.0
18556,463,0.2,37,1.0
18557,463,0.2,38,1.0
18558,463,0.2,39,1.0
18559,463,0.2,40,1.0
18560,464,0.2,1,0.6
18561,464,0.2,2,0.6
18562,464,0.2,3,0.6
18563,464,0.2,4,0.6
18564,464,0.2,5,0.6
18565,464,0.2,6,0.8
18566,464,0.2,7,0.8
18567,464,0.2,8,0.8
18568,464,0.2,9,1.0
18569,464,0.2,10,1.0
18570,464,0.2,11,1.0
18571,464,0.2,12,1.0
18572,464,0.2,13,1.0
18573,464,0.2,14,1.0
18574,464,0.2,15,1.0
18575,464,0.2,16,1.0
18576,464,0.2,17,1.0
18577,464,0.2,18,1.0
18578,464,0.2,19,1.0
18579,464,0.2,20,1.0
18580,464,0.2,21,1.0
18581,464,0.2,22,1.0
18582,464,0.2,23,1.0
18583,464,0.2,24,1.0
18584,464,0.2,25,1.0
18585,464,0.2,26,1.0
18586,464,0.2,27,1.0
18587,464,0.2,28,1.0
18588,464,0.2,29,1.0
18589,464,0.2,30,1.0
18590,464,0.2,31,1.0
18591,464,0.2,32,1.0
18592,464,0.2,33,1.0
18593,464,0.2,34,1.0
18594,464,0.2,35,1.0
18595,464,0.2,36,1.0
18596,464,0.2,37,1.0
18597,464,0.2,38,1.0
18598,464,0.2,39,1.0
18599,464,0.2,40,1.0
18600,465,0.2,1,0.0
18601,465,0.2,2,0.6
18602,465,0.2,3,0.6
18603,465,0.2,4,0.6
18604,465,0.2,5,1.0
18605,465,0.2,6,1.0
18606,465,0.2,7,1.0
18607,465,0.2,8,1.0
18608,465,0.2,9,1.0
18609,465,0.2,10,1.0
18610,465,0.2,11,1.0
18611,465,0.2,12,1.0
18612,465,0.2,13,1.0
18613,465,0.2,14,1.0
18614,465,0.2,15,1.0
18615,465,0.2,16,1.0
18616,465,0.2,17,1.0
18617,465,0.2,18,1.0
18618,465,0.2,19,1.0
18619,465,0.2,20,1.0
18620,465,0.2,21,1.0
18621,465,0.2,22,1.0
18622,465,0.2,23,1.0
18623,465,0.2,24,1.0
18624,465,0.2,25,1.0
18625,465,0.2,26,1.0
18626,465,0.2,27,1.0
18627,465,0.2,28,1.0
18628,465,0.2,29,1.0
18629,465,0.2,30,1.0
18630,465,0.2,31,1.0
18631,465,0.2,32,1.0
18632,465,0.2,33,1.0
18633,465,0.2,34,1.0
18634,465,0.2,35,1.0
18635,465,0.2,36,1.0
18636,465,0.2,37,1.0
18637,465,0.2,38,1.0
18638,465,0.2,39,1.0
18639,465,0.2,40,1.0
18640,466,0.2,1,1.0
18641,466,0.2,2,1.0
18642,466,0.2,3,1.0
18643,466,0.2,4,1.0
18644,466,0.2,5,1.0
18645,466,0.2,6,0.8
18646,466,0.2,7,1.0
18647,466,0.2,8,0.8
18648,466,0.2,9,0.6
18649,466,0.2,10,0.6
18650,466,0.2,11,0.6
18651,466,0.2,12,0.6
18652,466,0.2,13,0.6
18653,466,0.2,14,0.6
18654,466,0.2,15,0.6
18655,466,0.2,16,0.4
18656,466,0.2,17,0.6
18657,466,0.2,18,0.4
18658,466,0.2,19,0.6
18659,466,0.2,20,0.6
18660,466,0.2,21,0.6
18661,466,0.2,22,0.6
18662,466,0.2,23,0.6
18663,466,0.2,24,0.6
18664,466,0.2,25,0.6
18665,466,0.2,26,0.6
18666,466,0.2,27,0.6
18667,466,0.2,28,0.6
18668,466,0.2,29,0.6
18669,466,0.2,30,0.6
18670,466,0.2,31,0.6
18671,466,0.2,32,0.6
18672,466,0.2,33,0.6
18673,466,0.2,34,0.8
18674,466,0.2,35,0.6
18675,466,0.2,36,0.8
18676,466,0.2,37,0.8
18677,466,0.2,38,0.8
18678,466,0.2,39,0.8
18679,466,0.2,40,0.6
18680,467,0.2,1,0.0
18681,467,0.2,2,0.2
18682,467,0.2,3,0.6
18683,467,0.2,4,0.8
18684,467,0.2,5,0.8
18685,467,0.2,6,0.8
18686,467,0.2,7,1.0
18687,467,0.2,8,0.8
18688,467,0.2,9,0.8
18689,467,0.2,10,0.8
18690,467,0.2,11,0.8
18691,467,0.2,12,0.8
18692,467,0.2,13,0.8
18693,467,0.2,14,0.6
18694,467,0.2,15,0.8
18695,467,0.2,16,0.8
18696,467,0.2,17,0.8
18697,467,0.2,18,0.8
18698,467,0.2,19,0.8
18699,467,0.2,20,0.8
18700,467,0.2,21,0.8
18701,467,0.2,22,0.8
18702,467,0.2,23,0.8
18703,467,0.2,24,0.8
18704,467,0.2,25,0.8
18705,467,0.2,26,0.8
18706,467,0.2,27,0.8
18707,467,0.2,28,0.8
18708,467,0.2,29,0.8
18709,467,0.2,30,0.8
18710,467,0.2,31,0.8
18711,467,0.2,32,0.8
18712,467,0.2,33,0.8
18713,467,0.2,34,0.8
18714,467,0.2,35,0.8
18715,467,0.2,36,0.8
18716,467,0.2,37,0.8
18717,467,0.2,38,0.8
18718,467,0.2,39,0.8
18719,467,0.2,40,0.8
18720,468,0.2,1,1.0
18721,468,0.2,2,1.0
18722,468,0.2,3,1.0
18723,468,0.2,4,0.8
18724,468,0.2,5,1.0
18725,468,0.2,6,1.0
18726,468,0.2,7,1.0
18727,468,0.2,8,1.0
18728,468,0.2,9,1.0
18729,468,0.2,10,1.0
18730,468,0.2,11,1.0
18731,468,0.2,12,0.8
18732,468,0.2,13,0.8
18733,468,0.2,14,0.8
18734,468,0.2,15,0.8
18735,468,0.2,16,1.0
18736,468,0.2,17,1.0
18737,468,0.2,18,1.0
18738,468,0.2,19,1.0
18739,468,0.2,20,1.0
18740,468,0.2,21,1.0
18741,468,0.2,22,1.0
18742,468,0.2,23,1.0
18743,468,0.2,24,1.0
18744,468,0.2,25,1.0
18745,468,0.2,26,1.0
18746,468,0.2,27,1.0
18747,468,0.2,28,1.0
18748,468,0.2,29,1.0
18749,468,0.2,30,1.0
18750,468,0.2,31,1.0
18751,468,0.2,32,1.0
18752,468,0.2,33,1.0
18753,468,0.2,34,1.0
18754,468,0.2,35,1.0
18755,468,0.2,36,1.0
18756,468,0.2,37,1.0
18757,468,0.2,38,1.0
18758,468,0.2,39,1.0
18759,468,0.2,40,1.0
18760,469,0.2,1,0.8
18761,469,0.2,2,0.8
18762,469,0.2,3,0.8
18763,469,0.2,4,1.0
18764,469,0.2,5,1.0
18765,469,0.2,6,1.0
18766,469,0.2,7,1.0
18767,469,0.2,8,0.8
18768,469,0.2,9,0.6
18769,469,0.2,10,0.6
18770,469,0.2,11,0.8
18771,469,0.2,12,0.8
18772,469,0.2,13,0.8
18773,469,0.2,14,0.6
18774,469,0.2,15,0.8
18775,469,0.2,16,0.8
18776,469,0.2,17,0.8
18777,469,0.2,18,0.6
18778,469,0.2,19,0.6
18779,469,0.2,20,0.8
18780,469,0.2,21,0.8
18781,469,0.2,22,0.8
18782,469,0.2,23,0.8
18783,469,0.2,24,0.8
18784,469,0.2,25,0.8
18785,469,0.2,26,0.8
18786,469,0.2,27,0.8
18787,469,0.2,28,0.8
18788,469,0.2,29,0.8
18789,469,0.2,30,0.8
18790,469,0.2,31,0.8
18791,469,0.2,32,0.8
18792,469,0.2,33,0.8
18793,469,0.2,34,0.8
18794,469,0.2,35,0.8
18795,469,0.2,36,0.8
18796,469,0.2,37,0.8
18797,469,0.2,38,0.8
18798,469,0.2,39,0.8
18799,469,0.2,40,0.8
18800,470,0.2,1,0.6
18801,470,0.2,2,0.6
18802,470,0.2,3,0.8
18803,470,0.2,4,1.0
18804,470,0.2,5,1.0
18805,470,0.2,6,0.8
18806,470,0.2,7,1.0
18807,470,0.2,8,1.0
18808,470,0.2,9,1.0
18809,470,0.2,10,1.0
18810,470,0.2,11,0.8
18811,470,0.2,12,0.8
18812,470,0.2,13,1.0
18813,470,0.2,14,1.0
18814,470,0.2,15,1.0
18815,470,0.2,16,1.0
18816,470,0.2,17,1.0
18817,470,0.2,18,1.0
18818,470,0.2,19,1.0
18819,470,0.2,20,1.0
18820,470,0.2,21,1.0
18821,470,0.2,22,1.0
18822,470,0.2,23,1.0
18823,470,0.2,24,0.8
18824,470,0.2,25,0.8
18825,470,0.2,26,0.8
18826,470,0.2,27,1.0
18827,470,0.2,28,1.0
18828,470,0.2,29,1.0
18829,470,0.2,30,1.0
18830,470,0.2,31,1.0
18831,470,0.2,32,1.0
18832,470,0.2,33,1.0
18833,470,0.2,34,0.8
18834,470,0.2,35,0.8
18835,470,0.2,36,0.8
18836,470,0.2,37,1.0
18837,470,0.2,38,1.0
18838,470,0.2,39,0.8
18839,470,0.2,40,0.8
18840,471,0.2,1,0.8
18841,471,0.2,2,0.8
18842,471,0.2,3,0.6
18843,471,0.2,4,0.6
18844,471,0.2,5,0.6
18845,471,0.2,6,0.6
18846,471,0.2,7,0.6
18847,471,0.2,8,0.8
18848,471,0.2,9,0.8
18849,471,0.2,10,0.6
18850,471,0.2,11,0.8
18851,471,0.2,12,0.8
18852,471,0.2,13,0.8
18853,471,0.2,14,0.8
18854,471,0.2,15,0.8
18855,471,0.2,16,0.8
18856,471,0.2,17,0.8
18857,471,0.2,18,0.8
18858,471,0.2,19,0.8
18859,471,0.2,20,0.8
18860,471,0.2,21,1.0
18861,471,0.2,22,1.0
18862,471,0.2,23,1.0
18863,471,0.2,24,1.0
18864,471,0.2,25,1.0
18865,471,0.2,26,1.0
18866,471,0.2,27,1.0
18867,471,0.2,28,1.0
18868,471,0.2,29,1.0
18869,471,0.2,30,1.0
18870,471,0.2,31,1.0
18871,471,0.2,32,1.0
18872,471,0.2,33,1.0
18873,471,0.2,34,1.0
18874,471,0.2,35,1.0
18875,471,0.2,36,1.0
18876,471,0.2,37,1.0
18877,471,0.2,38,1.0
18878,471,0.2,39,1.0
18879,471,0.2,40,1.0
18880,472,0.2,1,0.6
18881,472,0.2,2,0.6
18882,472,0.2,3,0.4
18883,472,0.2,4,0.4
18884,472,0.2,5,0.6
18885,472,0.2,6,0.8
18886,472,0.2,7,0.8
18887,472,0.2,8,0.8
18888,472,0.2,9,1.0
18889,472,0.2,10,1.0
18890,472,0.2,11,1.0
18891,472,0.2,12,1.0
18892,472,0.2,13,1.0
18893,472,0.2,14,1.0
18894,472,0.2,15,1.0
18895,472,0.2,16,1.0
18896,472,0.2,17,1.0
18897,472,0.2,18,0.8
18898,472,0.2,19,1.0
18899,472,0.2,20,1.0
18900,472,0.2,21,0.8
18901,472,0.2,22,0.6
18902,472,0.2,23,0.6
18903,472,0.2,24,0.8
18904,472,0.2,25,0.8
18905,472,0.2,26,0.6
18906,472,0.2,27,0.8
18907,472,0.2,28,0.6
18908,472,0.2,29,0.8
18909,472,0.2,30,0.6
18910,472,0.2,31,0.6
18911,472,0.2,32,0.6
18912,472,0.2,33,0.6
18913,472,0.2,34,0.6
18914,472,0.2,35,0.4
18915,472,0.2,36,0.4
18916,472,0.2,37,0.4
18917,472,0.2,38,0.4
18918,472,0.2,39,0.4
18919,472,0.2,40,0.4
18920,473,0.2,1,0.6
18921,473,0.2,2,0.6
18922,473,0.2,3,0.8
18923,473,0.2,4,0.8
18924,473,0.2,5,0.8
18925,473,0.2,6,1.0
18926,473,0.2,7,1.0
18927,473,0.2,8,1.0
18928,473,0.2,9,1.0
18929,473,0.2,10,1.0
18930,473,0.2,11,1.0
18931,473,0.2,12,1.0
18932,473,0.2,13,1.0
18933,473,0.2,14,1.0
18934,473,0.2,15,1.0
18935,473,0.2,16,1.0
18936,473,0.2,17,1.0
18937,473,0.2,18,1.0
18938,473,0.2,19,1.0
18939,473,0.2,20,0.8
18940,473,0.2,21,1.0
18941,473,0.2,22,1.0
18942,473,0.2,23,1.0
18943,473,0.2,24,1.0
18944,473,0.2,25,1.0
18945,473,0.2,26,1.0
18946,473,0.2,27,1.0
18947,473,0.2,28,1.0
18948,473,0.2,29,1.0
18949,473,0.2,30,1.0
18950,473,0.2,31,0.8
18951,473,0.2,32,1.0
18952,473,0.2,33,1.0
18953,473,0.2,34,1.0
18954,473,0.2,35,1.0
18955,473,0.2,36,1.0
18956,473,0.2,37,1.0
18957,473,0.2,38,1.0
18958,473,0.2,39,1.0
18959,473,0.2,40,1.0
18960,474,0.2,1,0.0
18961,474,0.2,2,0.4
18962,474,0.2,3,0.4
18963,474,0.2,4,0.2
18964,474,0.2,5,0.2
18965,474,0.2,6,0.2
18966,474,0.2,7,0.2
18967,474,0.2,8,0.2
18968,474,0.2,9,0.2
18969,474,0.2,10,0.4
18970,474,0.2,11,0.4
18971,474,0.2,12,0.4
18972,474,0.2,13,0.6
18973,474,0.2,14,0.6
18974,474,0.2,15,0.6
18975,474,0.2,16,0.6
18976,474,0.2,17,0.6
18977,474,0.2,18,0.6
18978,474,0.2,19,0.6
18979,474,0.2,20,0.8
18980,474,0.2,21,0.8
18981,474,0.2,22,0.6
18982,474,0.2,23,0.4
18983,474,0.2,24,0.4
18984,474,0.2,25,0.4
18985,474,0.2,26,0.4
18986,474,0.2,27,0.6
18987,474,0.2,28,0.6
18988,474,0.2,29,0.8
18989,474,0.2,30,0.8
18990,474,0.2,31,0.6
18991,474,0.2,32,0.6
18992,474,0.2,33,0.6
18993,474,0.2,34,0.6
18994,474,0.2,35,0.6
18995,474,0.2,36,0.6
18996,474,0.2,37,0.8
18997,474,0.2,38,0.8
18998,474,0.2,39,0.8
18999,474,0.2,40,0.8
19000,475,0.2,1,1.0
19001,475,0.2,2,1.0
19002,475,0.2,3,1.0
19003,475,0.2,4,0.8
19004,475,0.2,5,0.8
19005,475,0.2,6,0.8
19006,475,0.2,7,0.8
19007,475,0.2,8,1.0
19008,475,0.2,9,1.0
19009,475,0.2,10,1.0
19010,475,0.2,11,1.0
19011,475,0.2,12,0.8
19012,475,0.2,13,0.8
19013,475,0.2,14,0.8
19014,475,0.2,15,0.8
19015,475,0.2,16,1.0
19016,475,0.2,17,1.0
19017,475,0.2,18,1.0
19018,475,0.2,19,1.0
19019,475,0.2,20,1.0
19020,475,0.2,21,1.0
19021,475,0.2,22,1.0
19022,475,0.2,23,1.0
19023,475,0.2,24,1.0
19024,475,0.2,25,1.0
19025,475,0.2,26,1.0
19026,475,0.2,27,1.0
19027,475,0.2,28,1.0
19028,475,0.2,29,1.0
19029,475,0.2,30,1.0
19030,475,0.2,31,1.0
19031,475,0.2,32,1.0
19032,475,0.2,33,1.0
19033,475,0.2,34,1.0
19034,475,0.2,35,1.0
19035,475,0.2,36,1.0
19036,475,0.2,37,1.0
19037,475,0.2,38,1.0
19038,475,0.2,39,1.0
19039,475,0.2,40,1.0
19040,476,0.2,1,0.0
19041,476,0.2,2,0.4
19042,476,0.2,3,0.4
19043,476,0.2,4,0.4
19044,476,0.2,5,0.4
19045,476,0.2,6,0.4
19046,476,0.2,7,0.6
19047,476,0.2,8,0.4
19048,476,0.2,9,0.4
19049,476,0.2,10,0.4
19050,476,0.2,11,0.4
19051,476,0.2,12,0.4
19052,476,0.2,13,0.6
19053,476,0.2,14,0.4
19054,476,0.2,15,0.6
19055,476,0.2,16,0.6
19056,476,0.2,17,0.6
19057,476,0.2,18,0.6
19058,476,0.2,19,0.6
19059,476,0.2,20,0.6
19060,476,0.2,21,0.6
19061,476,0.2,22,0.4
19062,476,0.2,23,0.4
19063,476,0.2,24,0.6
19064,476,0.2,25,0.6
19065,476,0.2,26,0.6
19066,476,0.2,27,0.6
19067,476,0.2,28,0.6
19068,476,0.2,29,0.8
19069,476,0.2,30,0.6
19070,476,0.2,31,0.6
19071,476,0.2,32,0.6
19072,476,0.2,33,0.6
19073,476,0.2,34,0.8
19074,476,0.2,35,1.0
19075,476,0.2,36,0.8
19076,476,0.2,37,0.8
19077,476,0.2,38,0.8
19078,476,0.2,39,0.8
19079,476,0.2,40,0.8
19080,477,0.2,1,1.0
19081,477,0.2,2,1.0
19082,477,0.2,3,1.0
19083,477,0.2,4,1.0
19084,477,0.2,5,1.0
19085,477,0.2,6,1.0
19086,477,0.2,7,1.0
19087,477,0.2,8,1.0
19088,477,0.2,9,1.0
19089,477,0.2,10,1.0
19090,477,0.2,11,0.8
19091,477,0.2,12,0.8
19092,477,0.2,13,0.8
19093,477,0.2,14,0.8
19094,477,0.2,15,0.8
19095,477,0.2,16,0.8
19096,477,0.2,17,0.8
19097,477,0.2,18,0.8
19098,477,0.2,19,0.8
19099,477,0.2,20,0.8
19100,477,0.2,21,0.8
19101,477,0.2,22,1.0
19102,477,0.2,23,1.0
19103,477,0.2,24,1.0
19104,477,0.2,25,1.0
19105,477,0.2,26,1.0
19106,477,0.2,27,1.0
19107,477,0.2,28,1.0
19108,477,0.2,29,1.0
19109,477,0.2,30,1.0
19110,477,0.2,31,0.8
19111,477,0.2,32,0.6
19112,477,0.2,33,0.6
19113,477,0.2,34,0.6
19114,477,0.2,35,0.6
19115,477,0.2,36,0.6
19116,477,0.2,37,0.6
19117,477,0.2,38,0.6
19118,477,0.2,39,0.6
19119,477,0.2,40,0.6
19120,478,0.2,1,0.8
19121,478,0.2,2,0.8
19122,478,0.2,3,0.8
19123,478,0.2,4,0.8
19124,478,0.2,5,0.8
19125,478,0.2,6,0.6
19126,478,0.2,7,0.6
19127,478,0.2,8,0.8
19128,478,0.2,9,0.8
19129,478,0.2,10,1.0
19130,478,0.2,11,1.0
19131,478,0.2,12,1.0
19132,478,0.2,13,1.0
19133,478,0.2,14,1.0
19134,478,0.2,15,0.8
19135,478,0.2,16,1.0
19136,478,0.2,17,1.0
19137,478,0.2,18,1.0
19138,478,0.2,19,1.0
19139,478,0.2,20,1.0
19140,478,0.2,21,1.0
19141,478,0.2,22,1.0
19142,478,0.2,23,1.0
19143,478,0.2,24,1.0
19144,478,0.2,25,1.0
19145,478,0.2,26,1.0
19146,478,0.2,27,1.0
19147,478,0.2,28,1.0
19148,478,0.2,29,1.0
19149,478,0.2,30,1.0
19150,478,0.2,31,1.0
19151,478,0.2,32,1.0
19152,478,0.2,33,1.0
19153,478,0.2,34,1.0
19154,478,0.2,35,1.0
19155,478,0.2,36,1.0
19156,478,0.2,37,1.0
19157,478,0.2,38,1.0
19158,478,0.2,39,1.0
19159,478,0.2,40,1.0
19160,479,0.2,1,0.6
19161,479,0.2,2,0.6
19162,479,0.2,3,0.6
19163,479,0.2,4,0.6
19164,479,0.2,5,0.6
19165,479,0.2,6,0.6
19166,479,0.2,7,0.4
19167,479,0.2,8,0.4
19168,479,0.2,9,0.4
19169,479,0.2,10,0.4
19170,479,0.2,11,0.4
19171,479,0.2,12,0.4
19172,479,0.2,13,0.4
19173,479,0.2,14,0.6
19174,479,0.2,15,0.8
19175,479,0.2,16,1.0
19176,479,0.2,17,1.0
19177,479,0.2,18,1.0
19178,479,0.2,19,1.0
19179,479,0.2,20,1.0
19180,479,0.2,21,0.8
19181,479,0.2,22,0.8
19182,479,0.2,23,1.0
19183,479,0.2,24,1.0
19184,479,0.2,25,1.0
19185,479,0.2,26,1.0
19186,479,0.2,27,0.8
19187,479,0.2,28,0.8
19188,479,0.2,29,0.8
19189,479,0.2,30,0.8
19190,479,0.2,31,0.8
19191,479,0.2,32,0.8
19192,479,0.2,33,0.8
19193,479,0.2,34,0.8
19194,479,0.2,35,0.8
19195,479,0.2,36,0.8
19196,479,0.2,37,0.8
19197,479,0.2,38,0.8
19198,479,0.2,39,0.8
19199,479,0.2,40,0.8
19200,480,0.2,1,0.8
19201,480,0.2,2,0.8
19202,480,0.2,3,0.8
19203,480,0.2,4,1.0
19204,480,0.2,5,1.0
19205,480,0.2,6,0.8
19206,480,0.2,7,0.6
19207,480,0.2,8,0.6
19208,480,0.2,9,0.6
19209,480,0.2,10,0.8
19210,480,0.2,11,0.8
19211,480,0.2,12,0.8
19212,480,0.2,13,1.0
19213,480,0.2,14,1.0
19214,480,0.2,15,1.0
19215,480,0.2,16,1.0
19216,480,0.2,17,1.0
19217,480,0.2,18,1.0
19218,480,0.2,19,1.0
19219,480,0.2,20,1.0
19220,480,0.2,21,1.0
19221,480,0.2,22,1.0
19222,480,0.2,23,1.0
19223,480,0.2,24,1.0
19224,480,0.2,25,1.0
19225,480,0.2,26,1.0
19226,480,0.2,27,1.0
19227,480,0.2,28,1.0
19228,480,0.2,29,1.0
19229,480,0.2,30,1.0
19230,480,0.2,31,1.0
19231,480,0.2,32,1.0
19232,480,0.2,33,1.0
19233,480,0.2,34,1.0
19234,480,0.2,35,1.0
19235,480,0.2,36,1.0
19236,480,0.2,37,1.0
19237,480,0.2,38,1.0
19238,480,0.2,39,1.0
19239,480,0.2,40,1.0
19240,481,0.2,1,0.6
19241,481,0.2,2,0.6
19242,481,0.2,3,0.8
19243,481,0.2,4,0.8
19244,481,0.2,5,0.8
19245,481,0.2,6,0.6
19246,481,0.2,7,0.6
19247,481,0.2,8,0.6
19248,481,0.2,9,0.6
19249,481,0.2,10,0.8
19250,481,0.2,11,0.6
19251,481,0.2,12,0.6
19252,481,0.2,13,0.6
19253,481,0.2,14,0.6
19254,481,0.2,15,0.6
19255,481,0.2,16,0.6
19256,481,0.2,17,0.6
19257,481,0.2,18,0.6
19258,481,0.2,19,0.6
19259,481,0.2,20,0.6
19260,481,0.2,21,0.6
19261,481,0.2,22,0.6
19262,481,0.2,23,0.6
19263,481,0.2,24,0.6
19264,481,0.2,25,0.6
19265,481,0.2,26,0.6
19266,481,0.2,27,0.6
19267,481,0.2,28,0.6
19268,481,0.2,29,0.6
19269,481,0.2,30,0.6
19270,481,0.2,31,0.6
19271,481,0.2,32,0.6
19272,481,0.2,33,0.6
19273,481,0.2,34,1.0
19274,481,0.2,35,1.0
19275,481,0.2,36,1.0
19276,481,0.2,37,1.0
19277,481,0.2,38,1.0
19278,481,0.2,39,1.0
19279,481,0.2,40,1.0
19280,482,0.2,1,0.6
19281,482,0.2,2,0.6
19282,482,0.2,3,0.6
19283,482,0.2,4,0.6
19284,482,0.2,5,0.6
19285,482,0.2,6,0.6
19286,482,0.2,7,0.8
19287,482,0.2,8,0.8
19288,482,0.2,9,0.6
19289,482,0.2,10,0.6
19290,482,0.2,11,0.6
19291,482,0.2,12,0.6
19292,482,0.2,13,0.6
19293,482,0.2,14,0.6
19294,482,0.2,15,0.8
19295,482,0.2,16,1.0
19296,482,0.2,17,1.0
19297,482,0.2,18,1.0
19298,482,0.2,19,1.0
19299,482,0.2,20,1.0
19300,482,0.2,21,1.0
19301,482,0.2,22,1.0
19302,482,0.2,23,1.0
19303,482,0.2,24,1.0
19304,482,0.2,25,1.0
19305,482,0.2,26,1.0
19306,482,0.2,27,1.0
19307,482,0.2,28,1.0
19308,482,0.2,29,1.0
19309,482,0.2,30,1.0
19310,482,0.2,31,1.0
19311,482,0.2,32,1.0
19312,482,0.2,33,1.0
19313,482,0.2,34,1.0
19314,482,0.2,35,1.0
19315,482,0.2,36,1.0
19316,482,0.2,37,1.0
19317,482,0.2,38,1.0
19318,482,0.2,39,1.0
19319,482,0.2,40,1.0
19320,483,0.2,1,0.0
19321,483,0.2,2,0.4
19322,483,0.2,3,1.0
19323,483,0.2,4,0.8
19324,483,0.2,5,0.8
19325,483,0.2,6,0.8
19326,483,0.2,7,1.0
19327,483,0.2,8,1.0
19328,483,0.2,9,1.0
19329,483,0.2,10,1.0
19330,483,0.2,11,1.0
19331,483,0.2,12,1.0
19332,483,0.2,13,1.0
19333,483,0.2,14,1.0
19334,483,0.2,15,0.8
19335,483,0.2,16,0.8
19336,483,0.2,17,0.8
19337,483,0.2,18,0.8
19338,483,0.2,19,0.8
19339,483,0.2,20,0.8
19340,483,0.2,21,0.8
19341,483,0.2,22,0.8
19342,483,0.2,23,0.8
19343,483,0.2,24,0.8
19344,483,0.2,25,0.8
19345,483,0.2,26,0.8
19346,483,0.2,27,0.8
19347,483,0.2,28,0.8
19348,483,0.2,29,0.8
19349,483,0.2,30,0.8
19350,483,0.2,31,1.0
19351,483,0.2,32,1.0
19352,483,0.2,33,1.0
19353,483,0.2,34,1.0
19354,483,0.2,35,1.0
19355,483,0.2,36,1.0
19356,483,0.2,37,1.0
19357,483,0.2,38,1.0
19358,483,0.2,39,1.0
19359,483,0.2,40,1.0
19360,484,0.2,1,1.0
19361,484,0.2,2,1.0
19362,484,0.2,3,1.0
19363,484,0.2,4,0.8
19364,484,0.2,5,0.8
19365,484,0.2,6,0.8
19366,484,0.2,7,1.0
19367,484,0.2,8,0.8
19368,484,0.2,9,0.8
19369,484,0.2,10,1.0
19370,484,0.2,11,1.0
19371,484,0.2,12,1.0
19372,484,0.2,13,1.0
19373,484,0.2,14,1.0
19374,484,0.2,15,1.0
19375,484,0.2,16,1.0
19376,484,0.2,17,1.0
19377,484,0.2,18,1.0
19378,484,0.2,19,1.0
19379,484,0.2,20,1.0
19380,484,0.2,21,1.0
19381,484,0.2,22,1.0
19382,484,0.2,23,1.0
19383,484,0.2,24,1.0
19384,484,0.2,25,1.0
19385,484,0.2,26,1.0
19386,484,0.2,27,1.0
19387,484,0.2,28,1.0
19388,484,0.2,29,1.0
19389,484,0.2,30,1.0
19390,484,0.2,31,1.0
19391,484,0.2,32,1.0
19392,484,0.2,33,1.0
19393,484,0.2,34,1.0
19394,484,0.2,35,1.0
19395,484,0.2,36,1.0
19396,484,0.2,37,1.0
19397,484,0.2,38,1.0
19398,484,0.2,39,1.0
19399,484,0.2,40,1.0
19400,485,0.2,1,0.0
19401,485,0.2,2,0.6
19402,485,0.2,3,0.8
19403,485,0.2,4,0.6
19404,485,0.2,5,1.0
19405,485,0.2,6,1.0
19406,485,0.2,7,1.0
19407,485,0.2,8,1.0
19408,485,0.2,9,0.8
19409,485,0.2,10,1.0
19410,485,0.2,11,1.0
19411,485,0.2,12,1.0
19412,485,0.2,13,1.0
19413,485,0.2,14,0.8
19414,485,0.2,15,0.8
19415,485,0.2,16,1.0
19416,485,0.2,17,0.8
19417,485,0.2,18,1.0
19418,485,0.2,19,1.0
19419,485,0.2,20,1.0
19420,485,0.2,21,0.8
19421,485,0.2,22,1.0
19422,485,0.2,23,1.0
19423,485,0.2,24,1.0
19424,485,0.2,25,1.0
19425,485,0.2,26,1.0
19426,485,0.2,27,1.0
19427,485,0.2,28,0.8
19428,485,0.2,29,0.8
19429,485,0.2,30,0.8
19430,485,0.2,31,0.8
19431,485,0.2,32,0.8
19432,485,0.2,33,0.8
19433,485,0.2,34,0.8
19434,485,0.2,35,0.8
19435,485,0.2,36,0.8
19436,485,0.2,37,0.8
19437,485,0.2,38,0.8
19438,485,0.2,39,0.8
19439,485,0.2,40,1.0
19440,486,0.2,1,1.0
19441,486,0.2,2,1.0
19442,486,0.2,3,1.0
19443,486,0.2,4,1.0
19444,486,0.2,5,1.0
19445,486,0.2,6,1.0
19446,486,0.2,7,1.0
19447,486,0.2,8,1.0
19448,486,0.2,9,1.0
19449,486,0.2,10,1.0
19450,486,0.2,11,1.0
19451,486,0.2,12,1.0
19452,486,0.2,13,1.0
19453,486,0.2,14,1.0
19454,486,0.2,15,1.0
19455,486,0.2,16,0.8
19456,486,0.2,17,0.8
19457,486,0.2,18,0.8
19458,486,0.2,19,0.8
19459,486,0.2,20,0.8
19460,486,0.2,21,0.8
19461,486,0.2,22,0.8
19462,486,0.2,23,0.8
19463,486,0.2,24,0.8
19464,486,0.2,25,0.8
19465,486,0.2,26,1.0
19466,486,0.2,27,1.0
19467,486,0.2,28,1.0
19468,486,0.2,29,1.0
19469,486,0.2,30,1.0
19470,486,0.2,31,1.0
19471,486,0.2,32,1.0
19472,486,0.2,33,1.0
19473,486,0.2,34,1.0
19474,486,0.2,35,1.0
19475,486,0.2,36,1.0
19476,486,0.2,37,1.0
19477,486,0.2,38,1.0
19478,486,0.2,39,1.0
19479,486,0.2,40,1.0
19480,487,0.2,1,0.8
19481,487,0.2,2,0.8
19482,487,0.2,3,0.8
19483,487,0.2,4,1.0
19484,487,0.2,5,0.8
19485,487,0.2,6,0.8
19486,487,0.2,7,1.0
19487,487,0.2,8,1.0
19488,487,0.2,9,0.8
19489,487,0.2,10,1.0
19490,487,0.2,11,1.0
19491,487,0.2,12,1.0
19492,487,0.2,13,1.0
19493,487,0.2,14,1.0
19494,487,0.2,15,0.8
19495,487,0.2,16,0.8
19496,487,0.2,17,0.8
19497,487,0.2,18,0.8
19498,487,0.2,19,0.8
19499,487,0.2,20,0.8
19500,487,0.2,21,0.8
19501,487,0.2,22,0.8
19502,487,0.2,23,1.0
19503,487,0.2,24,1.0
19504,487,0.2,25,1.0
19505,487,0.2,26,1.0
19506,487,0.2,27,1.0
19507,487,0.2,28,1.0
19508,487,0.2,29,1.0
19509,487,0.2,30,1.0
19510,487,0.2,31,1.0
19511,487,0.2,32,1.0
19512,487,0.2,33,0.8
19513,487,0.2,34,0.8
19514,487,0.2,35,0.8
19515,487,0.2,36,1.0
19516,487,0.2,37,1.0
19517,487,0.2,38,1.0
19518,487,0.2,39,1.0
19519,487,0.2,40,1.0
19520,488,0.2,1,0.6
19521,488,0.2,2,0.6
19522,488,0.2,3,0.6
19523,488,0.2,4,0.6
19524,488,0.2,5,0.4
19525,488,0.2,6,0.8
19526,488,0.2,7,0.8
19527,488,0.2,8,0.8
19528,488,0.2,9,0.8
19529,488,0.2,10,0.8
19530,488,0.2,11,0.8
19531,488,0.2,12,0.8
19532,488,0.2,13,0.8
19533,488,0.2,14,0.8
19534,488,0.2,15,0.8
19535,488,0.2,16,0.8
19536,488,0.2,17,0.8
19537,488,0.2,18,0.8
19538,488,0.2,19,0.8
19539,488,0.2,20,0.8
19540,488,0.2,21,0.8
19541,488,0.2,22,0.8
19542,488,0.2,23,0.8
19543,488,0.2,24,0.8
19544,488,0.2,25,0.8
19545,488,0.2,26,0.8
19546,488,0.2,27,0.8
19547,488,0.2,28,0.8
19548,488,0.2,29,0.8
19549,488,0.2,30,0.8
19550,488,0.2,31,0.8
19551,488,0.2,32,0.8
19552,488,0.2,33,0.8
19553,488,0.2,34,0.8
19554,488,0.2,35,0.8
19555,488,0.2,36,0.8
19556,488,0.2,37,0.6
19557,488,0.2,38,0.6
19558,488,0.2,39,0.8
19559,488,0.2,40,0.8
19560,489,0.2,1,0.8
19561,489,0.2,2,0.8
19562,489,0.2,3,0.8
19563,489,0.2,4,0.8
19564,489,0.2,5,0.8
19565,489,0.2,6,0.8
19566,489,0.2,7,0.8
19567,489,0.2,8,0.8
19568,489,0.2,9,0.8
19569,489,0.2,10,1.0
19570,489,0.2,11,1.0
19571,489,0.2,12,1.0
19572,489,0.2,13,1.0
19573,489,0.2,14,1.0
19574,489,0.2,15,1.0
19575,489,0.2,16,1.0
19576,489,0.2,17,1.0
19577,489,0.2,18,1.0
19578,489,0.2,19,1.0
19579,489,0.2,20,1.0
19580,489,0.2,21,1.0
19581,489,0.2,22,1.0
19582,489,0.2,23,1.0
19583,489,0.2,24,1.0
19584,489,0.2,25,1.0
19585,489,0.2,26,1.0
19586,489,0.2,27,1.0
19587,489,0.2,28,1.0
19588,489,0.2,29,1.0
19589,489,0.2,30,1.0
19590,489,0.2,31,1.0
19591,489,0.2,32,1.0
19592,489,0.2,33,1.0
19593,489,0.2,34,1.0
19594,489,0.2,35,1.0
19595,489,0.2,36,1.0
19596,489,0.2,37,1.0
19597,489,0.2,38,1.0
19598,489,0.2,39,1.0
19599,489,0.2,40,1.0
19600,490,0.2,1,0.6
19601,490,0.2,2,0.6
19602,490,0.2,3,0.4
19603,490,0.2,4,0.6
19604,490,0.2,5,0.6
19605,490,0.2,6,0.6
19606,490,0.2,7,0.6
19607,490,0.2,8,0.6
19608,490,0.2,9,0.6
19609,490,0.2,10,0.8
19610,490,0.2,11,1.0
19611,490,0.2,12,1.0
19612,490,0.2,13,1.0
19613,490,0.2,14,1.0
19614,490,0.2,15,1.0
19615,490,0.2,16,1.0
19616,490,0.2,17,1.0
19617,490,0.2,18,1.0
19618,490,0.2,19,1.0
19619,490,0.2,20,1.0
19620,490,0.2,21,1.0
19621,490,0.2,22,1.0
19622,490,0.2,23,1.0
19623,490,0.2,24,1.0
19624,490,0.2,25,0.8
19625,490,0.2,26,1.0
19626,490,0.2,27,0.8
19627,490,0.2,28,0.8
19628,490,0.2,29,0.8
19629,490,0.2,30,0.8
19630,490,0.2,31,0.8
19631,490,0.2,32,0.8
19632,490,0.2,33,0.8
19633,490,0.2,34,0.8
19634,490,0.2,35,0.8
19635,490,0.2,36,0.8
19636,490,0.2,37,0.8
19637,490,0.2,38,0.8
19638,490,0.2,39,0.8
19639,490,0.2,40,0.8
19640,491,0.2,1,0.6
19641,491,0.2,2,0.6
19642,491,0.2,3,0.6
19643,491,0.2,4,0.4
19644,491,0.2,5,0.4
19645,491,0.2,6,0.6
19646,491,0.2,7,0.6
19647,491,0.2,8,0.8
19648,491,0.2,9,0.6
19649,491,0.2,10,0.8
19650,491,0.2,11,0.8
19651,491,0.2,12,0.8
19652,491,0.2,13,0.8
19653,491,0.2,14,0.8
19654,491,0.2,15,0.8
19655,491,0.2,16,0.8
19656,491,0.2,17,0.8
19657,491,0.2,18,0.6
19658,491,0.2,19,0.6
19659,491,0.2,20,0.6
19660,491,0.2,21,0.6
19661,491,0.2,22,0.6
19662,491,0.2,23,0.6
19663,491,0.2,24,0.6
19664,491,0.2,25,0.6
19665,491,0.2,26,0.6
19666,491,0.2,27,0.6
19667,491,0.2,28,0.6
19668,491,0.2,29,0.6
19669,491,0.2,30,0.6
19670,491,0.2,31,0.6
19671,491,0.2,32,0.6
19672,491,0.2,33,0.6
19673,491,0.2,34,0.6
19674,491,0.2,35,0.6
19675,491,0.2,36,0.6
19676,491,0.2,37,0.6
19677,491,0.2,38,0.6
19678,491,0.2,39,0.6
19679,491,0.2,40,0.6
19680,492,0.2,1,0.0
19681,492,0.2,2,0.4
19682,492,0.2,3,0.6
19683,492,0.2,4,0.4
19684,492,0.2,5,0.6
19685,492,0.2,6,1.0
19686,492,0.2,7,0.8
19687,492,0.2,8,0.8
19688,492,0.2,9,0.8
19689,492,0.2,10,0.8
19690,492,0.2,11,0.8
19691,492,0.2,12,0.8
19692,492,0.2,13,0.8
19693,492,0.2,14,0.8
19694,492,0.2,15,0.8
19695,492,0.2,16,0.8
19696,492,0.2,17,0.8
19697,492,0.2,18,0.8
19698,492,0.2,19,0.8
19699,492,0.2,20,0.8
19700,492,0.2,21,0.8
19701,492,0.2,22,0.8
19702,492,0.2,23,0.8
19703,492,0.2,24,0.8
19704,492,0.2,25,0.8
19705,492,0.2,26,0.8
19706,492,0.2,27,0.8
19707,492,0.2,28,0.8
19708,492,0.2,29,0.8
19709,492,0.2,30,0.8
19710,492,0.2,31,0.8
19711,492,0.2,32,0.8
19712,492,0.2,33,0.8
19713,492,0.2,34,0.8
19714,492,0.2,35,0.8
19715,492,0.2,36,0.8
19716,492,0.2,37,0.8
19717,492,0.2,38,0.8
19718,492,0.2,39,0.8
19719,492,0.2,40,0.8
19720,493,0.2,1,1.0
19721,493,0.2,2,1.0
19722,493,0.2,3,0.6
19723,493,0.2,4,0.8
19724,493,0.2,5,0.8
19725,493,0.2,6,0.8
19726,493,0.2,7,0.8
19727,493,0.2,8,0.6
19728,493,0.2,9,0.6
19729,493,0.2,10,0.8
19730,493,0.2,11,0.8
19731,493,0.2,12,0.8
19732,493,0.2,13,1.0
19733,493,0.2,14,1.0
19734,493,0.2,15,1.0
19735,493,0.2,16,1.0
19736,493,0.2,17,1.0
19737,493,0.2,18,1.0
19738,493,0.2,19,1.0
19739,493,0.2,20,1.0
19740,493,0.2,21,1.0
19741,493,0.2,22,1.0
19742,493,0.2,23,1.0
19743,493,0.2,24,0.8
19744,493,0.2,25,0.8
19745,493,0.2,26,1.0
19746,493,0.2,27,1.0
19747,493,0.2,28,1.0
19748,493,0.2,29,1.0
19749,493,0.2,30,1.0
19750,493,0.2,31,1.0
19751,493,0.2,32,1.0
19752,493,0.2,33,1.0
19753,493,0.2,34,1.0
19754,493,0.2,35,1.0
19755,493,0.2,36,1.0
19756,493,0.2,37,1.0
19757,493,0.2,38,1.0
19758,493,0.2,39,1.0
19759,493,0.2,40,1.0
19760,494,0.2,1,0.0
19761,494,0.2,2,0.2
19762,494,0.2,3,0.2
19763,494,0.2,4,0.4
19764,494,0.2,5,0.6
19765,494,0.2,6,0.6
19766,494,0.2,7,0.6
19767,494,0.2,8,0.6
19768,494,0.2,9,0.6
19769,494,0.2,10,0.6
19770,494,0.2,11,0.6
19771,494,0.2,12,0.6
19772,494,0.2,13,0.6
19773,494,0.2,14,0.6
19774,494,0.2,15,0.6
19775,494,0.2,16,0.6
19776,494,0.2,17,0.6
19777,494,0.2,18,0.6
19778,494,0.2,19,0.6
19779,494,0.2,20,0.4
19780,494,0.2,21,0.6
19781,494,0.2,22,0.4
19782,494,0.2,23,0.6
19783,494,0.2,24,0.6
19784,494,0.2,25,0.6
19785,494,0.2,26,0.6
19786,494,0.2,27,0.6
19787,494,0.2,28,0.6
19788,494,0.2,29,0.6
19789,494,0.2,30,0.6
19790,494,0.2,31,0.6
19791,494,0.2,32,0.6
19792,494,0.2,33,0.6
19793,494,0.2,34,0.6
19794,494,0.2,35,0.8
19795,494,0.2,36,0.8
19796,494,0.2,37,0.8
19797,494,0.2,38,0.8
19798,494,0.2,39,0.6
19799,494,0.2,40,0.6
19800,495,0.2,1,1.0
19801,495,0.2,2,1.0
19802,495,0.2,3,1.0
19803,495,0.2,4,1.0
19804,495,0.2,5,1.0
19805,495,0.2,6,0.8
19806,495,0.2,7,0.8
19807,495,0.2,8,0.8
19808,495,0.2,9,1.0
19809,495,0.2,10,1.0
19810,495,0.2,11,0.8
19811,495,0.2,12,1.0
19812,495,0.2,13,1.0
19813,495,0.2,14,1.0
19814,495,0.2,15,1.0
19815,495,0.2,16,1.0
19816,495,0.2,17,1.0
19817,495,0.2,18,1.0
19818,495,0.2,19,1.0
19819,495,0.2,20,1.0
19820,495,0.2,21,1.0
19821,495,0.2,22,1.0
19822,495,0.2,23,1.0
19823,495,0.2,24,1.0
19824,495,0.2,25,1.0
19825,495,0.2,26,1.0
19826,495,0.2,27,1.0
19827,495,0.2,28,1.0
19828,495,0.2,29,1.0
19829,495,0.2,30,1.0
19830,495,0.2,31,1.0
19831,495,0.2,32,1.0
19832,495,0.2,33,1.0
19833,495,0.2,34,1.0
19834,495,0.2,35,1.0
19835,495,0.2,36,1.0
19836,495,0.2,37,1.0
19837,495,0.2,38,1.0
19838,495,0.2,39,1.0
19839,495,0.2,40,1.0
19840,496,0.2,1,0.8
19841,496,0.2,2,0.8
19842,496,0.2,3,0.8
19843,496,0.2,4,0.8
19844,496,0.2,5,0.6
19845,496,0.2,6,0.6
19846,496,0.2,7,0.6
19847,496,0.2,8,1.0
19848,496,0.2,9,1.0
19849,496,0.2,10,1.0
19850,496,0.2,11,1.0
19851,496,0.2,12,1.0
19852,496,0.2,13,0.8
19853,496,0.2,14,1.0
19854,496,0.2,15,1.0
19855,496,0.2,16,0.8
19856,496,0.2,17,0.8
19857,496,0.2,18,0.8
19858,496,0.2,19,1.0
19859,496,0.2,20,1.0
19860,496,0.2,21,1.0
19861,496,0.2,22,1.0
19862,496,0.2,23,1.0
19863,496,0.2,24,1.0
19864,496,0.2,25,1.0
19865,496,0.2,26,1.0
19866,496,0.2,27,1.0
19867,496,0.2,28,1.0
19868,496,0.2,29,1.0
19869,496,0.2,30,1.0
19870,496,0.2,31,1.0
19871,496,0.2,32,1.0
19872,496,0.2,33,1.0
19873,496,0.2,34,1.0
19874,496,0.2,35,1.0
19875,496,0.2,36,1.0
19876,496,0.2,37,1.0
19877,496,0.2,38,1.0
19878,496,0.2,39,1.0
19879,496,0.2,40,1.0
19880,497,0.2,1,0.6
19881,497,0.2,2,0.6
19882,497,0.2,3,0.4
19883,497,0.2,4,0.4
19884,497,0.2,5,0.6
19885,497,0.2,6,0.8
19886,497,0.2,7,0.8
19887,497,0.2,8,0.8
19888,497,0.2,9,0.8
19889,497,0.2,10,0.6
19890,497,0.2,11,0.6
19891,497,0.2,12,0.6
19892,497,0.2,13,0.6
19893,497,0.2,14,0.6
19894,497,0.2,15,0.8
19895,497,0.2,16,0.8
19896,497,0.2,17,0.6
19897,497,0.2,18,1.0
19898,497,0.2,19,1.0
19899,497,0.2,20,1.0
19900,497,0.2,21,1.0
19901,497,0.2,22,1.0
19902,497,0.2,23,1.0
19903,497,0.2,24,1.0
19904,497,0.2,25,1.0
19905,497,0.2,26,1.0
19906,497,0.2,27,1.0
19907,497,0.2,28,1.0
19908,497,0.2,29,1.0
19909,497,0.2,30,1.0
19910,497,0.2,31,1.0
19911,497,0.2,32,1.0
19912,497,0.2,33,1.0
19913,497,0.2,34,1.0
19914,497,0.2,35,1.0
19915,497,0.2,36,1.0
19916,497,0.2,37,1.0
19917,497,0.2,38,1.0
19918,497,0.2,39,1.0
19919,497,0.2,40,1.0
19920,498,0.2,1,0.8
19921,498,0.2,2,0.8
19922,498,0.2,3,0.8
19923,498,0.2,4,0.8
19924,498,0.2,5,0.8
19925,498,0.2,6,0.8
19926,498,0.2,7,1.0
19927,498,0.2,8,0.8
19928,498,0.2,9,0.8
19929,498,0.2,10,1.0
19930,498,0.2,11,0.8
19931,498,0.2,12,0.8
19932,498,0.2,13,0.8
19933,498,0.2,14,0.8
19934,498,0.2,15,1.0
19935,498,0.2,16,1.0
19936,498,0.2,17,1.0
19937,498,0.2,18,1.0
19938,498,0.2,19,0.8
19939,498,0.2,20,0.8
19940,498,0.2,21,0.8
19941,498,0.2,22,0.8
19942,498,0.2,23,0.8
19943,498,0.2,24,0.8
19944,498,0.2,25,0.8
19945,498,0.2,26,0.8
19946,498,0.2,27,0.8
19947,498,0.2,28,0.8
19948,498,0.2,29,0.8
19949,498,0.2,30,0.8
19950,498,0.2,31,0.8
19951,498,0.2,32,0.8
19952,498,0.2,33,0.8
19953,498,0.2,34,0.8
19954,498,0.2,35,0.8
19955,498,0.2,36,0.8
19956,498,0.2,37,0.8
19957,498,0.2,38,0.8
19958,498,0.2,39,0.8
19959,498,0.2,40,0.8
19960,499,0.2,1,0.6
19961,499,0.2,2,0.6
19962,499,0.2,3,0.6
19963,499,0.2,4,0.8
19964,499,0.2,5,0.8
19965,499,0.2,6,0.8
19966,499,0.2,7,0.8
19967,499,0.2,8,0.8
19968,499,0.2,9,0.6
19969,499,0.2,10,0.6
19970,499,0.2,11,0.6
19971,499,0.2,12,0.8
19972,499,0.2,13,1.0
19973,499,0.2,14,0.8
19974,499,0.2,15,0.8
19975,499,0.2,16,0.8
19976,499,0.2,17,0.8
19977,499,0.2,18,0.8
19978,499,0.2,19,0.8
19979,499,0.2,20,0.8
19980,499,0.2,21,0.8
19981,499,0.2,22,0.8
19982,499,0.2,23,0.8
19983,499,0.2,24,0.8
19984,499,0.2,25,1.0
19985,499,0.2,26,0.8
19986,499,0.2,27,0.8
19987,499,0.2,28,0.8
19988,499,0.2,29,0.8
19989,499,0.2,30,0.8
19990,499,0.2,31,0.8
19991,499,0.2,32,0.8
19992,499,0.2,33,0.8
19993,499,0.2,34,0.8
19994,499,0.2,35,0.8
19995,499,0.2,36,0.8
19996,499,0.2,37,1.0
19997,499,0.2,38,0.8
19998,499,0.2,39,0.8
19999,499,0.2,40,1.0
20000,500,0.2,1,0.6
20001,500,0.2,2,0.6
20002,500,0.2,3,0.6
20003,500,0.2,4,0.6
20004,500,0.2,5,0.8
20005,500,0.2,6,0.8
20006,500,0.2,7,0.8
20007,500,0.2,8,1.0
20008,500,0.2,9,1.0
20009,500,0.2,10,0.8
20010,500,0.2,11,0.8
20011,500,0.2,12,1.0
20012,500,0.2,13,1.0
20013,500,0.2,14,1.0
20014,500,0.2,15,0.8
20015,500,0.2,16,1.0
20016,500,0.2,17,0.8
20017,500,0.2,18,0.8
20018,500,0.2,19,0.8
20019,500,0.2,20,0.8
20020,500,0.2,21,0.8
20021,500,0.2,22,0.8
20022,500,0.2,23,1.0
20023,500,0.2,24,1.0
20024,500,0.2,25,1.0
20025,500,0.2,26,1.0
20026,500,0.2,27,1.0
20027,500,0.2,28,1.0
20028,500,0.2,29,1.0
20029,500,0.2,30,1.0
20030,500,0.2,31,1.0
20031,500,0.2,32,1.0
20032,500,0.2,33,1.0
20033,500,0.2,34,1.0
20034,500,0.2,35,1.0
20035,500,0.2,36,1.0
20036,500,0.2,37,1.0
20037,500,0.2,38,1.0
20038,500,0.2,39,1.0
20039,500,0.2,40,1.0
20040,501,0.2,1,0.0
20041,501,0.2,2,0.2
20042,501,0.2,3,0.8
20043,501,0.2,4,0.8
20044,501,0.2,5,0.8
20045,501,0.2,6,0.8
20046,501,0.2,7,0.8
20047,501,0.2,8,0.8
20048,501,0.2,9,0.8
20049,501,0.2,10,0.8
20050,501,0.2,11,0.8
20051,501,0.2,12,0.8
20052,501,0.2,13,0.8
20053,501,0.2,14,0.8
20054,501,0.2,15,0.8
20055,501,0.2,16,0.8
20056,501,0.2,17,0.8
20057,501,0.2,18,0.8
20058,501,0.2,19,1.0
20059,501,0.2,20,0.8
20060,501,0.2,21,0.8
20061,501,0.2,22,0.8
20062,501,0.2,23,0.8
20063,501,0.2,24,0.8
20064,501,0.2,25,0.8
20065,501,0.2,26,0.8
20066,501,0.2,27,0.8
20067,501,0.2,28,1.0
20068,501,0.2,29,1.0
20069,501,0.2,30,1.0
20070,501,0.2,31,1.0
20071,501,0.2,32,1.0
20072,501,0.2,33,1.0
20073,501,0.2,34,1.0
20074,501,0.2,35,1.0
20075,501,0.2,36,1.0
20076,501,0.2,37,1.0
20077,501,0.2,38,1.0
20078,501,0.2,39,1.0
20079,501,0.2,40,1.0
20080,502,0.2,1,1.0
20081,502,0.2,2,1.0
20082,502,0.2,3,1.0
20083,502,0.2,4,1.0
20084,502,0.2,5,1.0
20085,502,0.2,6,1.0
20086,502,0.2,7,1.0
20087,502,0.2,8,1.0
20088,502,0.2,9,1.0
20089,502,0.2,10,1.0
20090,502,0.2,11,1.0
20091,502,0.2,12,1.0
20092,502,0.2,13,1.0
20093,502,0.2,14,1.0
20094,502,0.2,15,0.8
20095,502,0.2,16,0.8
20096,502,0.2,17,1.0
20097,502,0.2,18,1.0
20098,502,0.2,19,1.0
20099,502,0.2,20,1.0
20100,502,0.2,21,1.0
20101,502,0.2,22,1.0
20102,502,0.2,23,1.0
20103,502,0.2,24,1.0
20104,502,0.2,25,1.0
20105,502,0.2,26,1.0
20106,502,0.2,27,1.0
20107,502,0.2,28,1.0
20108,502,0.2,29,1.0
20109,502,0.2,30,1.0
20110,502,0.2,31,1.0
20111,502,0.2,32,1.0
20112,502,0.2,33,1.0
20113,502,0.2,34,1.0
20114,502,0.2,35,1.0
20115,502,0.2,36,1.0
20116,502,0.2,37,1.0
20117,502,0.2,38,1.0
20118,502,0.2,39,1.0
20119,502,0.2,40,1.0
20120,503,0.2,1,0.0
20121,503,0.2,2,0.6
20122,503,0.2,3,0.6
20123,503,0.2,4,0.6
20124,503,0.2,5,0.6
20125,503,0.2,6,0.6
20126,503,0.2,7,0.4
20127,503,0.2,8,0.2
20128,503,0.2,9,0.4
20129,503,0.2,10,0.4
20130,503,0.2,11,0.4
20131,503,0.2,12,0.6
20132,503,0.2,13,0.6
20133,503,0.2,14,0.6
20134,503,0.2,15,0.6
20135,503,0.2,16,0.4
20136,503,0.2,17,0.4
20137,503,0.2,18,0.4
20138,503,0.2,19,0.4
20139,503,0.2,20,0.4
20140,503,0.2,21,0.4
20141,503,0.2,22,0.6
20142,503,0.2,23,0.6
20143,503,0.2,24,0.6
20144,503,0.2,25,0.6
20145,503,0.2,26,0.6
20146,503,0.2,27,0.6
20147,503,0.2,28,0.6
20148,503,0.2,29,0.6
20149,503,0.2,30,0.6
20150,503,0.2,31,0.6
20151,503,0.2,32,0.4
20152,503,0.2,33,0.4
20153,503,0.2,34,0.4
20154,503,0.2,35,0.4
20155,503,0.2,36,0.4
20156,503,0.2,37,0.4
20157,503,0.2,38,0.4
20158,503,0.2,39,0.4
20159,503,0.2,40,0.4
20160,504,0.2,1,1.0
20161,504,0.2,2,1.0
20162,504,0.2,3,1.0
20163,504,0.2,4,0.8
20164,504,0.2,5,0.8
20165,504,0.2,6,0.8
20166,504,0.2,7,1.0
20167,504,0.2,8,1.0
20168,504,0.2,9,0.8
20169,504,0.2,10,1.0
20170,504,0.2,11,1.0
20171,504,0.2,12,1.0
20172,504,0.2,13,1.0
20173,504,0.2,14,1.0
20174,504,0.2,15,1.0
20175,504,0.2,16,1.0
20176,504,0.2,17,1.0
20177,504,0.2,18,1.0
20178,504,0.2,19,1.0
20179,504,0.2,20,0.8
20180,504,0.2,21,1.0
20181,504,0.2,22,1.0
20182,504,0.2,23,1.0
20183,504,0.2,24,0.8
20184,504,0.2,25,0.8
20185,504,0.2,26,0.8
20186,504,0.2,27,0.8
20187,504,0.2,28,0.8
20188,504,0.2,29,0.8
20189,504,0.2,30,0.8
20190,504,0.2,31,0.8
20191,504,0.2,32,0.8
20192,504,0.2,33,0.8
20193,504,0.2,34,0.6
20194,504,0.2,35,0.8
20195,504,0.2,36,0.8
20196,504,0.2,37,0.8
20197,504,0.2,38,0.8
20198,504,0.2,39,0.8
20199,504,0.2,40,0.8
20200,505,0.2,1,0.8
20201,505,0.2,2,0.8
20202,505,0.2,3,0.8
20203,505,0.2,4,0.8
20204,505,0.2,5,0.6
20205,505,0.2,6,0.6
20206,505,0.2,7,0.8
20207,505,0.2,8,0.8
20208,505,0.2,9,0.8
20209,505,0.2,10,0.8
20210,505,0.2,11,0.8
20211,505,0.2,12,0.8
20212,505,0.2,13,0.8
20213,505,0.2,14,0.8
20214,505,0.2,15,0.8
20215,505,0.2,16,0.8
20216,505,0.2,17,0.8
20217,505,0.2,18,0.8
20218,505,0.2,19,0.8
20219,505,0.2,20,0.8
20220,505,0.2,21,0.8
20221,505,0.2,22,0.8
20222,505,0.2,23,0.8
20223,505,0.2,24,0.8
20224,505,0.2,25,0.8
20225,505,0.2,26,0.8
20226,505,0.2,27,0.8
20227,505,0.2,28,0.8
20228,505,0.2,29,0.8
20229,505,0.2,30,0.8
20230,505,0.2,31,0.8
20231,505,0.2,32,0.8
20232,505,0.2,33,0.8
20233,505,0.2,34,0.6
20234,505,0.2,35,0.6
20235,505,0.2,36,0.6
20236,505,0.2,37,0.6
20237,505,0.2,38,0.6
20238,505,0.2,39,0.6
20239,505,0.2,40,0.8
20240,506,0.2,1,0.6
20241,506,0.2,2,0.6
20242,506,0.2,3,0.4
20243,506,0.2,4,0.8
20244,506,0.2,5,0.6
20245,506,0.2,6,1.0
20246,506,0.2,7,1.0
20247,506,0.2,8,1.0
20248,506,0.2,9,0.8
20249,506,0.2,10,0.8
20250,506,0.2,11,1.0
20251,506,0.2,12,0.8
20252,506,0.2,13,0.8
20253,506,0.2,14,0.8
20254,506,0.2,15,0.8
20255,506,0.2,16,1.0
20256,506,0.2,17,0.8
20257,506,0.2,18,0.8
20258,506,0.2,19,0.8
20259,506,0.2,20,0.8
20260,506,0.2,21,0.8
20261,506,0.2,22,0.8
20262,506,0.2,23,0.8
20263,506,0.2,24,0.8
20264,506,0.2,25,0.8
20265,506,0.2,26,0.8
20266,506,0.2,27,0.8
20267,506,0.2,28,0.8
20268,506,0.2,29,0.8
20269,506,0.2,30,0.8
20270,506,0.2,31,0.8
20271,506,0.2,32,0.8
20272,506,0.2,33,0.8
20273,506,0.2,34,0.8
20274,506,0.2,35,0.8
20275,506,0.2,36,0.8
20276,506,0.2,37,0.8
20277,506,0.2,38,0.8
20278,506,0.2,39,0.8
20279,506,0.2,40,0.8
20280,507,0.2,1,0.8
20281,507,0.2,2,0.8
20282,507,0.2,3,0.8
20283,507,0.2,4,0.8
20284,507,0.2,5,0.8
20285,507,0.2,6,0.8
20286,507,0.2,7,0.8
20287,507,0.2,8,0.8
20288,507,0.2,9,0.6
20289,507,0.2,10,0.6
20290,507,0.2,11,0.6
20291,507,0.2,12,0.8
20292,507,0.2,13,0.8
20293,507,0.2,14,1.0
20294,507,0.2,15,1.0
20295,507,0.2,16,0.8
20296,507,0.2,17,0.8
20297,507,0.2,18,1.0
20298,507,0.2,19,1.0
20299,507,0.2,20,0.8
20300,507,0.2,21,0.8
20301,507,0.2,22,0.8
20302,507,0.2,23,0.8
20303,507,0.2,24,0.8
20304,507,0.2,25,0.8
20305,507,0.2,26,0.8
20306,507,0.2,27,0.8
20307,507,0.2,28,0.8
20308,507,0.2,29,0.8
20309,507,0.2,30,0.8
20310,507,0.2,31,0.8
20311,507,0.2,32,0.8
20312,507,0.2,33,0.8
20313,507,0.2,34,0.8
20314,507,0.2,35,0.8
20315,507,0.2,36,0.8
20316,507,0.2,37,0.8
20317,507,0.2,38,0.8
20318,507,0.2,39,0.8
20319,507,0.2,40,0.8
20320,508,0.2,1,0.6
20321,508,0.2,2,0.6
20322,508,0.2,3,0.6
20323,508,0.2,4,0.6
20324,508,0.2,5,0.6
20325,508,0.2,6,0.6
20326,508,0.2,7,0.8
20327,508,0.2,8,0.8
20328,508,0.2,9,0.6
20329,508,0.2,10,0.6
20330,508,0.2,11,0.6
20331,508,0.2,12,0.6
20332,508,0.2,13,0.8
20333,508,0.2,14,0.6
20334,508,0.2,15,0.8
20335,508,0.2,16,1.0
20336,508,0.2,17,1.0
20337,508,0.2,18,1.0
20338,508,0.2,19,1.0
20339,508,0.2,20,1.0
20340,508,0.2,21,1.0
20341,508,0.2,22,1.0
20342,508,0.2,23,1.0
20343,508,0.2,24,1.0
20344,508,0.2,25,1.0
20345,508,0.2,26,0.8
20346,508,0.2,27,0.8
20347,508,0.2,28,0.8
20348,508,0.2,29,0.8
20349,508,0.2,30,0.8
20350,508,0.2,31,0.8
20351,508,0.2,32,0.8
20352,508,0.2,33,0.8
20353,508,0.2,34,0.8
20354,508,0.2,35,0.8
20355,508,0.2,36,0.8
20356,508,0.2,37,0.8
20357,508,0.2,38,0.8
20358,508,0.2,39,0.8
20359,508,0.2,40,0.8
20360,509,0.2,1,0.6
20361,509,0.2,2,0.6
20362,509,0.2,3,0.6
20363,509,0.2,4,0.6
20364,509,0.2,5,0.6
20365,509,0.2,6,0.6
20366,509,0.2,7,0.4
20367,509,0.2,8,0.6
20368,509,0.2,9,0.6
20369,509,0.2,10,0.6
20370,509,0.2,11,0.4
20371,509,0.2,12,0.6
20372,509,0.2,13,0.6
20373,509,0.2,14,0.6
20374,509,0.2,15,0.6
20375,509,0.2,16,0.4
20376,509,0.2,17,0.6
20377,509,0.2,18,0.4
20378,509,0.2,19,0.6
20379,509,0.2,20,0.6
20380,509,0.2,21,0.6
20381,509,0.2,22,0.6
20382,509,0.2,23,0.6
20383,509,0.2,24,0.6
20384,509,0.2,25,0.6
20385,509,0.2,26,0.6
20386,509,0.2,27,0.6
20387,509,0.2,28,0.6
20388,509,0.2,29,0.6
20389,509,0.2,30,0.6
20390,509,0.2,31,0.6
20391,509,0.2,32,0.6
20392,509,0.2,33,0.6
20393,509,0.2,34,0.6
20394,509,0.2,35,0.8
20395,509,0.2,36,0.6
20396,509,0.2,37,0.8
20397,509,0.2,38,1.0
20398,509,0.2,39,1.0
20399,509,0.2,40,1.0
20400,510,0.2,1,0.0
20401,510,0.2,2,0.2
20402,510,0.2,3,0.2
20403,510,0.2,4,0.8
20404,510,0.2,5,0.8
20405,510,0.2,6,0.8
20406,510,0.2,7,1.0
20407,510,0.2,8,1.0
20408,510,0.2,9,0.8
20409,510,0.2,10,0.8
20410,510,0.2,11,0.8
20411,510,0.2,12,0.8
20412,510,0.2,13,1.0
20413,510,0.2,14,1.0
20414,510,0.2,15,1.0
20415,510,0.2,16,0.8
20416,510,0.2,17,0.8
20417,510,0.2,18,1.0
20418,510,0.2,19,1.0
20419,510,0.2,20,1.0
20420,510,0.2,21,1.0
20421,510,0.2,22,1.0
20422,510,0.2,23,1.0
20423,510,0.2,24,1.0
20424,510,0.2,25,1.0
20425,510,0.2,26,1.0
20426,510,0.2,27,0.8
20427,510,0.2,28,0.8
20428,510,0.2,29,1.0
20429,510,0.2,30,1.0
20430,510,0.2,31,1.0
20431,510,0.2,32,1.0
20432,510,0.2,33,1.0
20433,510,0.2,34,1.0
20434,510,0.2,35,1.0
20435,510,0.2,36,1.0
20436,510,0.2,37,1.0
20437,510,0.2,38,1.0
20438,510,0.2,39,1.0
20439,510,0.2,40,1.0
20440,511,0.2,1,1.0
20441,511,0.2,2,1.0
20442,511,0.2,3,1.0
20443,511,0.2,4,1.0
20444,511,0.2,5,0.8
20445,511,0.2,6,0.8
20446,511,0.2,7,0.6
20447,511,0.2,8,0.6
20448,511,0.2,9,0.6
20449,511,0.2,10,0.6
20450,511,0.2,11,0.6
20451,511,0.2,12,0.6
20452,511,0.2,13,0.6
20453,511,0.2,14,0.6
20454,511,0.2,15,0.6
20455,511,0.2,16,0.6
20456,511,0.2,17,0.6
20457,511,0.2,18,0.6
20458,511,0.2,19,0.6
20459,511,0.2,20,0.6
20460,511,0.2,21,0.6
20461,511,0.2,22,0.6
20462,511,0.2,23,0.6
20463,511,0.2,24,0.8
20464,511,0.2,25,0.8
20465,511,0.2,26,0.8
20466,511,0.2,27,1.0
20467,511,0.2,28,1.0
20468,511,0.2,29,1.0
20469,511,0.2,30,1.0
20470,511,0.2,31,1.0
20471,511,0.2,32,1.0
20472,511,0.2,33,1.0
20473,511,0.2,34,1.0
20474,511,0.2,35,1.0
20475,511,0.2,36,1.0
20476,511,0.2,37,1.0
20477,511,0.2,38,1.0
20478,511,0.2,39,1.0
20479,511,0.2,40,1.0
20480,512,0.2,1,0.0
20481,512,0.2,2,0.4
20482,512,0.2,3,0.6
20483,512,0.2,4,0.4
20484,512,0.2,5,0.6
20485,512,0.2,6,0.4
20486,512,0.2,7,0.4
20487,512,0.2,8,0.4
20488,512,0.2,9,0.4
20489,512,0.2,10,0.4
20490,512,0.2,11,0.4
20491,512,0.2,12,0.4
20492,512,0.2,13,0.6
20493,512,0.2,14,0.8
20494,512,0.2,15,0.8
20495,512,0.2,16,0.8
20496,512,0.2,17,0.8
20497,512,0.2,18,0.8
20498,512,0.2,19,0.8
20499,512,0.2,20,0.8
20500,512,0.2,21,0.8
20501,512,0.2,22,0.8
20502,512,0.2,23,1.0
20503,512,0.2,24,1.0
20504,512,0.2,25,1.0
20505,512,0.2,26,1.0
20506,512,0.2,27,1.0
20507,512,0.2,28,1.0
20508,512,0.2,29,1.0
20509,512,0.2,30,0.8
20510,512,0.2,31,1.0
20511,512,0.2,32,0.8
20512,512,0.2,33,1.0
20513,512,0.2,34,0.8
20514,512,0.2,35,0.8
20515,512,0.2,36,0.8
20516,512,0.2,37,0.8
20517,512,0.2,38,1.0
20518,512,0.2,39,1.0
20519,512,0.2,40,1.0
20520,513,0.2,1,1.0
20521,513,0.2,2,1.0
20522,513,0.2,3,1.0
20523,513,0.2,4,0.8
20524,513,0.2,5,0.8
20525,513,0.2,6,0.6
20526,513,0.2,7,0.8
20527,513,0.2,8,0.6
20528,513,0.2,9,0.8
20529,513,0.2,10,0.8
20530,513,0.2,11,0.6
20531,513,0.2,12,0.8
20532,513,0.2,13,0.8
20533,513,0.2,14,1.0
20534,513,0.2,15,0.8
20535,513,0.2,16,0.8
20536,513,0.2,17,0.8
20537,513,0.2,18,1.0
20538,513,0.2,19,1.0
20539,513,0.2,20,1.0
20540,513,0.2,21,1.0
20541,513,0.2,22,1.0
20542,513,0.2,23,1.0
20543,513,0.2,24,1.0
20544,513,0.2,25,1.0
20545,513,0.2,26,1.0
20546,513,0.2,27,1.0
20547,513,0.2,28,1.0
20548,513,0.2,29,1.0
20549,513,0.2,30,1.0
20550,513,0.2,31,1.0
20551,513,0.2,32,1.0
20552,513,0.2,33,1.0
20553,513,0.2,34,1.0
20554,513,0.2,35,1.0
20555,513,0.2,36,1.0
20556,513,0.2,37,1.0
20557,513,0.2,38,1.0
20558,513,0.2,39,1.0
20559,513,0.2,40,1.0
20560,514,0.2,1,0.8
20561,514,0.2,2,0.8
20562,514,0.2,3,0.8
20563,514,0.2,4,0.6
20564,514,0.2,5,0.6
20565,514,0.2,6,1.0
20566,514,0.2,7,0.8
20567,514,0.2,8,0.8
20568,514,0.2,9,0.8
20569,514,0.2,10,0.8
20570,514,0.2,11,1.0
20571,514,0.2,12,1.0
20572,514,0.2,13,1.0
20573,514,0.2,14,1.0
20574,514,0.2,15,1.0
20575,514,0.2,16,1.0
20576,514,0.2,17,1.0
20577,514,0.2,18,1.0
20578,514,0.2,19,0.8
20579,514,0.2,20,0.8
20580,514,0.2,21,0.8
20581,514,0.2,22,0.8
20582,514,0.2,23,0.8
20583,514,0.2,24,0.8
20584,514,0.2,25,1.0
20585,514,0.2,26,1.0
20586,514,0.2,27,1.0
20587,514,0.2,28,0.8
20588,514,0.2,29,0.8
20589,514,0.2,30,0.8
20590,514,0.2,31,0.8
20591,514,0.2,32,1.0
20592,514,0.2,33,1.0
20593,514,0.2,34,0.8
20594,514,0.2,35,1.0
20595,514,0.2,36,1.0
20596,514,0.2,37,0.8
20597,514,0.2,38,0.8
20598,514,0.2,39,0.8
20599,514,0.2,40,0.8
20600,515,0.2,1,0.6
20601,515,0.2,2,0.6
20602,515,0.2,3,0.8
20603,515,0.2,4,0.8
20604,515,0.2,5,0.8
20605,515,0.2,6,0.8
20606,515,0.2,7,0.8
20607,515,0.2,8,0.8
20608,515,0.2,9,0.8
20609,515,0.2,10,0.8
20610,515,0.2,11,0.8
20611,515,0.2,12,0.8
20612,515,0.2,13,1.0
20613,515,0.2,14,0.8
20614,515,0.2,15,0.8
20615,515,0.2,16,0.8
20616,515,0.2,17,0.8
20617,515,0.2,18,0.8
20618,515,0.2,19,0.8
20619,515,0.2,20,0.8
20620,515,0.2,21,0.8
20621,515,0.2,22,0.8
20622,515,0.2,23,0.8
20623,515,0.2,24,0.8
20624,515,0.2,25,0.8
20625,515,0.2,26,0.8
20626,515,0.2,27,0.8
20627,515,0.2,28,0.8
20628,515,0.2,29,0.8
20629,515,0.2,30,0.8
20630,515,0.2,31,0.8
20631,515,0.2,32,0.8
20632,515,0.2,33,0.8
20633,515,0.2,34,0.8
20634,515,0.2,35,0.8
20635,515,0.2,36,0.8
20636,515,0.2,37,0.8
20637,515,0.2,38,0.8
20638,515,0.2,39,0.8
20639,515,0.2,40,0.8
20640,516,0.2,1,0.8
20641,516,0.2,2,0.8
20642,516,0.2,3,0.8
20643,516,0.2,4,0.8
20644,516,0.2,5,0.8
20645,516,0.2,6,0.8
20646,516,0.2,7,0.6
20647,516,0.2,8,0.6
20648,516,0.2,9,0.6
20649,516,0.2,10,0.6
20650,516,0.2,11,0.6
20651,516,0.2,12,0.6
20652,516,0.2,13,0.6
20653,516,0.2,14,0.8
20654,516,0.2,15,0.8
20655,516,0.2,16,0.8
20656,516,0.2,17,0.8
20657,516,0.2,18,0.8
20658,516,0.2,19,0.8
20659,516,0.2,20,0.6
20660,516,0.2,21,0.6
20661,516,0.2,22,0.6
20662,516,0.2,23,0.6
20663,516,0.2,24,0.8
20664,516,0.2,25,0.6
20665,516,0.2,26,0.6
20666,516,0.2,27,0.6
20667,516,0.2,28,0.6
20668,516,0.2,29,0.6
20669,516,0.2,30,0.6
20670,516,0.2,31,0.8
20671,516,0.2,32,0.8
20672,516,0.2,33,0.8
20673,516,0.2,34,0.6
20674,516,0.2,35,0.8
20675,516,0.2,36,0.6
20676,516,0.2,37,0.6
20677,516,0.2,38,0.6
20678,516,0.2,39,0.6
20679,516,0.2,40,0.6
20680,517,0.2,1,0.6
20681,517,0.2,2,0.6
20682,517,0.2,3,0.6
20683,517,0.2,4,0.4
20684,517,0.2,5,0.6
20685,517,0.2,6,0.6
20686,517,0.2,7,0.6
20687,517,0.2,8,0.8
20688,517,0.2,9,0.8
20689,517,0.2,10,0.8
20690,517,0.2,11,0.6
20691,517,0.2,12,0.8
20692,517,0.2,13,0.8
20693,517,0.2,14,0.8
20694,517,0.2,15,0.8
20695,517,0.2,16,0.8
20696,517,0.2,17,0.8
20697,517,0.2,18,1.0
20698,517,0.2,19,1.0
20699,517,0.2,20,1.0
20700,517,0.2,21,1.0
20701,517,0.2,22,1.0
20702,517,0.2,23,1.0
20703,517,0.2,24,1.0
20704,517,0.2,25,1.0
20705,517,0.2,26,0.8
20706,517,0.2,27,1.0
20707,517,0.2,28,0.8
20708,517,0.2,29,0.8
20709,517,0.2,30,1.0
20710,517,0.2,31,1.0
20711,517,0.2,32,0.8
20712,517,0.2,33,0.8
20713,517,0.2,34,0.8
20714,517,0.2,35,0.8
20715,517,0.2,36,0.8
20716,517,0.2,37,0.8
20717,517,0.2,38,0.8
20718,517,0.2,39,0.8
20719,517,0.2,40,0.8
20720,518,0.2,1,0.6
20721,518,0.2,2,0.6
20722,518,0.2,3,0.6
20723,518,0.2,4,1.0
20724,518,0.2,5,0.8
20725,518,0.2,6,0.8
20726,518,0.2,7,0.8
20727,518,0.2,8,0.8
20728,518,0.2,9,0.8
20729,518,0.2,10,0.8
20730,518,0.2,11,0.8
20731,518,0.2,12,0.8
20732,518,0.2,13,0.8
20733,518,0.2,14,0.8
20734,518,0.2,15,0.8
20735,518,0.2,16,0.8
20736,518,0.2,17,0.8
20737,518,0.2,18,0.8
20738,518,0.2,19,0.8
20739,518,0.2,20,0.8
20740,518,0.2,21,0.8
20741,518,0.2,22,0.8
20742,518,0.2,23,0.8
20743,518,0.2,24,0.8
20744,518,0.2,25,0.8
20745,518,0.2,26,0.8
20746,518,0.2,27,0.8
20747,518,0.2,28,0.8
20748,518,0.2,29,0.8
20749,518,0.2,30,0.8
20750,518,0.2,31,0.8
20751,518,0.2,32,0.8
20752,518,0.2,33,0.8
20753,518,0.2,34,0.8
20754,518,0.2,35,0.8
20755,518,0.2,36,0.8
20756,518,0.2,37,0.8
20757,518,0.2,38,0.8
20758,518,0.2,39,0.8
20759,518,0.2,40,0.8
20760,519,0.2,1,0.0
20761,519,0.2,2,1.0
20762,519,0.2,3,1.0
20763,519,0.2,4,0.8
20764,519,0.2,5,1.0
20765,519,0.2,6,1.0
20766,519,0.2,7,1.0
20767,519,0.2,8,1.0
20768,519,0.2,9,1.0
20769,519,0.2,10,1.0
20770,519,0.2,11,1.0
20771,519,0.2,12,1.0
20772,519,0.2,13,1.0
20773,519,0.2,14,1.0
20774,519,0.2,15,1.0
20775,519,0.2,16,1.0
20776,519,0.2,17,1.0
20777,519,0.2,18,1.0
20778,519,0.2,19,1.0
20779,519,0.2,20,1.0
20780,519,0.2,21,1.0
20781,519,0.2,22,1.0
20782,519,0.2,23,1.0
20783,519,0.2,24,1.0
20784,519,0.2,25,1.0
20785,519,0.2,26,1.0
20786,519,0.2,27,1.0
20787,519,0.2,28,1.0
20788,519,0.2,29,1.0
20789,519,0.2,30,1.0
20790,519,0.2,31,1.0
20791,519,0.2,32,1.0
20792,519,0.2,33,1.0
20793,519,0.2,34,1.0
20794,519,0.2,35,1.0
20795,519,0.2,36,1.0
20796,519,0.2,37,1.0
20797,519,0.2,38,1.0
20798,519,0.2,39,1.0
20799,519,0.2,40,1.0
20800,520,0.2,1,1.0
20801,520,0.2,2,1.0
20802,520,0.2,3,1.0
20803,520,0.2,4,1.0
20804,520,0.2,5,1.0
20805,520,0.2,6,0.8
20806,520,0.2,7,1.0
20807,520,0.2,8,1.0
20808,520,0.2,9,1.0
20809,520,0.2,10,1.0
20810,520,0.2,11,1.0
20811,520,0.2,12,1.0
20812,520,0.2,13,1.0
20813,520,0.2,14,1.0
20814,520,0.2,15,1.0
20815,520,0.2,16,1.0
20816,520,0.2,17,1.0
20817,520,0.2,18,1.0
20818,520,0.2,19,1.0
20819,520,0.2,20,1.0
20820,520,0.2,21,1.0
20821,520,0.2,22,1.0
20822,520,0.2,23,1.0
20823,520,0.2,24,1.0
20824,520,0.2,25,1.0
20825,520,0.2,26,1.0
20826,520,0.2,27,1.0
20827,520,0.2,28,1.0
20828,520,0.2,29,1.0
20829,520,0.2,30,0.8
20830,520,0.2,31,0.8
20831,520,0.2,32,1.0
20832,520,0.2,33,0.8
20833,520,0.2,34,1.0
20834,520,0.2,35,1.0
20835,520,0.2,36,1.0
20836,520,0.2,37,1.0
20837,520,0.2,38,1.0
20838,520,0.2,39,1.0
20839,520,0.2,40,1.0
20840,521,0.2,1,0.0
20841,521,0.2,2,0.4
20842,521,0.2,3,0.6
20843,521,0.2,4,0.6
20844,521,0.2,5,0.6
20845,521,0.2,6,0.6
20846,521,0.2,7,0.6
20847,521,0.2,8,0.6
20848,521,0.2,9,0.6
20849,521,0.2,10,0.6
20850,521,0.2,11,0.6
20851,521,0.2,12,0.4
20852,521,0.2,13,0.4
20853,521,0.2,14,0.4
20854,521,0.2,15,0.4
20855,521,0.2,16,0.4
20856,521,0.2,17,0.4
20857,521,0.2,18,0.4
20858,521,0.2,19,0.4
20859,521,0.2,20,0.6
20860,521,0.2,21,0.6
20861,521,0.2,22,0.6
20862,521,0.2,23,0.6
20863,521,0.2,24,0.6
20864,521,0.2,25,0.6
20865,521,0.2,26,0.6
20866,521,0.2,27,0.6
20867,521,0.2,28,0.6
20868,521,0.2,29,0.6
20869,521,0.2,30,0.6
20870,521,0.2,31,0.6
20871,521,0.2,32,0.6
20872,521,0.2,33,0.6
20873,521,0.2,34,0.6
20874,521,0.2,35,0.6
20875,521,0.2,36,0.6
20876,521,0.2,37,1.0
20877,521,0.2,38,1.0
20878,521,0.2,39,1.0
20879,521,0.2,40,1.0
20880,522,0.2,1,1.0
20881,522,0.2,2,1.0
20882,522,0.2,3,1.0
20883,522,0.2,4,1.0
20884,522,0.2,5,1.0
20885,522,0.2,6,1.0
20886,522,0.2,7,1.0
20887,522,0.2,8,0.8
20888,522,0.2,9,0.8
20889,522,0.2,10,0.8
20890,522,0.2,11,1.0
20891,522,0.2,12,1.0
20892,522,0.2,13,1.0
20893,522,0.2,14,1.0
20894,522,0.2,15,1.0
20895,522,0.2,16,0.8
20896,522,0.2,17,0.8
20897,522,0.2,18,0.8
20898,522,0.2,19,1.0
20899,522,0.2,20,1.0
20900,522,0.2,21,1.0
20901,522,0.2,22,0.8
20902,522,0.2,23,0.8
20903,522,0.2,24,0.8
20904,522,0.2,25,0.8
20905,522,0.2,26,0.8
20906,522,0.2,27,0.8
20907,522,0.2,28,0.8
20908,522,0.2,29,0.8
20909,522,0.2,30,0.6
20910,522,0.2,31,0.6
20911,522,0.2,32,0.6
20912,522,0.2,33,0.6
20913,522,0.2,34,0.6
20914,522,0.2,35,0.6
20915,522,0.2,36,0.6
20916,522,0.2,37,0.6
20917,522,0.2,38,1.0
20918,522,0.2,39,1.0
20919,522,0.2,40,1.0
20920,523,0.2,1,0.8
20921,523,0.2,2,0.8
20922,523,0.2,3,0.8
20923,523,0.2,4,0.6
20924,523,0.2,5,0.6
20925,523,0.2,6,0.6
20926,523,0.2,7,0.6
20927,523,0.2,8,1.0
20928,523,0.2,9,1.0
20929,523,0.2,10,1.0
20930,523,0.2,11,1.0
20931,523,0.2,12,1.0
20932,523,0.2,13,1.0
20933,523,0.2,14,1.0
20934,523,0.2,15,1.0
20935,523,0.2,16,1.0
20936,523,0.2,17,1.0
20937,523,0.2,18,0.8
20938,523,0.2,19,0.8
20939,523,0.2,20,1.0
20940,523,0.2,21,0.8
20941,523,0.2,22,1.0
20942,523,0.2,23,1.0
20943,523,0.2,24,1.0
20944,523,0.2,25,1.0
20945,523,0.2,26,1.0
20946,523,0.2,27,1.0
20947,523,0.2,28,1.0
20948,523,0.2,29,1.0
20949,523,0.2,30,1.0
20950,523,0.2,31,1.0
20951,523,0.2,32,1.0
20952,523,0.2,33,0.8
20953,523,0.2,34,0.8
20954,523,0.2,35,0.8
20955,523,0.2,36,1.0
20956,523,0.2,37,1.0
20957,523,0.2,38,1.0
20958,523,0.2,39,1.0
20959,523,0.2,40,0.8
20960,524,0.2,1,0.6
20961,524,0.2,2,0.6
20962,524,0.2,3,0.6
20963,524,0.2,4,0.6
20964,524,0.2,5,0.4
20965,524,0.2,6,0.6
20966,524,0.2,7,0.4
20967,524,0.2,8,0.6
20968,524,0.2,9,0.6
20969,524,0.2,10,0.4
20970,524,0.2,11,0.4
20971,524,0.2,12,0.4
20972,524,0.2,13,0.6
20973,524,0.2,14,0.6
20974,524,0.2,15,0.8
20975,524,0.2,16,1.0
20976,524,0.2,17,1.0
20977,524,0.2,18,1.0
20978,524,0.2,19,1.0
20979,524,0.2,20,1.0
20980,524,0.2,21,0.8
20981,524,0.2,22,1.0
20982,524,0.2,23,1.0
20983,524,0.2,24,0.8
20984,524,0.2,25,1.0
20985,524,0.2,26,1.0
20986,524,0.2,27,1.0
20987,524,0.2,28,1.0
20988,524,0.2,29,1.0
20989,524,0.2,30,1.0
20990,524,0.2,31,1.0
20991,524,0.2,32,1.0
20992,524,0.2,33,1.0
20993,524,0.2,34,1.0
20994,524,0.2,35,1.0
20995,524,0.2,36,1.0
20996,524,0.2,37,1.0
20997,524,0.2,38,1.0
20998,524,0.2,39,1.0
20999,524,0.2,40,1.0
21000,525,0.2,1,0.8
21001,525,0.2,2,0.8
21002,525,0.2,3,0.8
21003,525,0.2,4,0.8
21004,525,0.2,5,0.8
21005,525,0.2,6,0.8
21006,525,0.2,7,0.6
21007,525,0.2,8,1.0
21008,525,0.2,9,1.0
21009,525,0.2,10,1.0
21010,525,0.2,11,0.8
21011,525,0.2,12,1.0
21012,525,0.2,13,1.0
21013,525,0.2,14,0.8
21014,525,0.2,15,0.8
21015,525,0.2,16,0.8
21016,525,0.2,17,0.8
21017,525,0.2,18,1.0
21018,525,0.2,19,1.0
21019,525,0.2,20,1.0
21020,525,0.2,21,1.0
21021,525,0.2,22,1.0
21022,525,0.2,23,1.0
21023,525,0.2,24,1.0
21024,525,0.2,25,1.0
21025,525,0.2,26,1.0
21026,525,0.2,27,1.0
21027,525,0.2,28,1.0
21028,525,0.2,29,1.0
21029,525,0.2,30,1.0
21030,525,0.2,31,1.0
21031,525,0.2,32,1.0
21032,525,0.2,33,1.0
21033,525,0.2,34,1.0
21034,525,0.2,35,1.0
21035,525,0.2,36,1.0
21036,525,0.2,37,1.0
21037,525,0.2,38,1.0
21038,525,0.2,39,1.0
21039,525,0.2,40,1.0
21040,526,0.2,1,0.6
21041,526,0.2,2,0.6
21042,526,0.2,3,0.6
21043,526,0.2,4,0.8
21044,526,0.2,5,1.0
21045,526,0.2,6,0.8
21046,526,0.2,7,1.0
21047,526,0.2,8,1.0
21048,526,0.2,9,1.0
21049,526,0.2,10,1.0
21050,526,0.2,11,1.0
21051,526,0.2,12,0.8
21052,526,0.2,13,0.8
21053,526,0.2,14,0.8
21054,526,0.2,15,0.8
21055,526,0.2,16,1.0
21056,526,0.2,17,1.0
21057,526,0.2,18,1.0
21058,526,0.2,19,1.0
21059,526,0.2,20,1.0
21060,526,0.2,21,1.0
21061,526,0.2,22,1.0
21062,526,0.2,23,1.0
21063,526,0.2,24,0.8
21064,526,0.2,25,0.8
21065,526,0.2,26,0.8
21066,526,0.2,27,1.0
21067,526,0.2,28,1.0
21068,526,0.2,29,1.0
21069,526,0.2,30,1.0
21070,526,0.2,31,1.0
21071,526,0.2,32,1.0
21072,526,0.2,33,1.0
21073,526,0.2,34,1.0
21074,526,0.2,35,1.0
21075,526,0.2,36,1.0
21076,526,0.2,37,1.0
21077,526,0.2,38,1.0
21078,526,0.2,39,1.0
21079,526,0.2,40,1.0
21080,527,0.2,1,0.6
21081,527,0.2,2,0.6
21082,527,0.2,3,0.8
21083,527,0.2,4,0.8
21084,527,0.2,5,0.6
21085,527,0.2,6,0.6
21086,527,0.2,7,0.8
21087,527,0.2,8,0.8
21088,527,0.2,9,0.6
21089,527,0.2,10,0.8
21090,527,0.2,11,0.8
21091,527,0.2,12,0.6
21092,527,0.2,13,0.4
21093,527,0.2,14,0.4
21094,527,0.2,15,0.4
21095,527,0.2,16,0.4
21096,527,0.2,17,0.4
21097,527,0.2,18,0.4
21098,527,0.2,19,0.4
21099,527,0.2,20,0.4
21100,527,0.2,21,0.6
21101,527,0.2,22,0.6
21102,527,0.2,23,0.6
21103,527,0.2,24,0.6
21104,527,0.2,25,0.6
21105,527,0.2,26,0.6
21106,527,0.2,27,0.6
21107,527,0.2,28,0.6
21108,527,0.2,29,0.6
21109,527,0.2,30,0.6
21110,527,0.2,31,0.6
21111,527,0.2,32,0.6
21112,527,0.2,33,0.6
21113,527,0.2,34,0.6
21114,527,0.2,35,0.6
21115,527,0.2,36,0.6
21116,527,0.2,37,0.6
21117,527,0.2,38,0.6
21118,527,0.2,39,0.6
21119,527,0.2,40,0.6
21120,528,0.2,1,0.0
21121,528,0.2,2,0.2
21122,528,0.2,3,0.6
21123,528,0.2,4,0.6
21124,528,0.2,5,0.4
21125,528,0.2,6,0.4
21126,528,0.2,7,0.6
21127,528,0.2,8,0.4
21128,528,0.2,9,0.4
21129,528,0.2,10,0.6
21130,528,0.2,11,0.6
21131,528,0.2,12,0.6
21132,528,0.2,13,0.6
21133,528,0.2,14,0.6
21134,528,0.2,15,0.6
21135,528,0.2,16,0.6
21136,528,0.2,17,0.6
21137,528,0.2,18,0.6
21138,528,0.2,19,0.6
21139,528,0.2,20,0.6
21140,528,0.2,21,0.8
21141,528,0.2,22,0.6
21142,528,0.2,23,0.4
21143,528,0.2,24,0.4
21144,528,0.2,25,0.4
21145,528,0.2,26,0.4
21146,528,0.2,27,0.6
21147,528,0.2,28,0.6
21148,528,0.2,29,0.8
21149,528,0.2,30,0.8
21150,528,0.2,31,0.8
21151,528,0.2,32,0.8
21152,528,0.2,33,0.8
21153,528,0.2,34,0.8
21154,528,0.2,35,0.8
21155,528,0.2,36,0.8
21156,528,0.2,37,0.8
21157,528,0.2,38,0.8
21158,528,0.2,39,0.8
21159,528,0.2,40,0.8
21160,529,0.2,1,1.0
21161,529,0.2,2,1.0
21162,529,0.2,3,0.8
21163,529,0.2,4,0.8
21164,529,0.2,5,0.8
21165,529,0.2,6,0.8
21166,529,0.2,7,0.8
21167,529,0.2,8,0.8
21168,529,0.2,9,0.6
21169,529,0.2,10,0.8
21170,529,0.2,11,0.8
21171,529,0.2,12,0.8
21172,529,0.2,13,0.8
21173,529,0.2,14,0.8
21174,529,0.2,15,0.8
21175,529,0.2,16,1.0
21176,529,0.2,17,1.0
21177,529,0.2,18,0.8
21178,529,0.2,19,0.8
21179,529,0.2,20,1.0
21180,529,0.2,21,1.0
21181,529,0.2,22,1.0
21182,529,0.2,23,1.0
21183,529,0.2,24,1.0
21184,529,0.2,25,0.8
21185,529,0.2,26,0.8
21186,529,0.2,27,0.8
21187,529,0.2,28,0.8
21188,529,0.2,29,0.8
21189,529,0.2,30,0.8
21190,529,0.2,31,0.8
21191,529,0.2,32,0.8
21192,529,0.2,33,0.8
21193,529,0.2,34,0.8
21194,529,0.2,35,0.8
21195,529,0.2,36,0.8
21196,529,0.2,37,0.8
21197,529,0.2,38,0.8
21198,529,0.2,39,0.8
21199,529,0.2,40,0.8
21200,530,0.2,1,0.0
21201,530,0.2,2,0.6
21202,530,0.2,3,0.6
21203,530,0.2,4,0.6
21204,530,0.2,5,0.6
21205,530,0.2,6,0.6
21206,530,0.2,7,0.8
21207,530,0.2,8,0.8
21208,530,0.2,9,0.8
21209,530,0.2,10,0.6
21210,530,0.2,11,0.8
21211,530,0.2,12,0.6
21212,530,0.2,13,0.6
21213,530,0.2,14,0.6
21214,530,0.2,15,0.4
21215,530,0.2,16,0.6
21216,530,0.2,17,0.4
21217,530,0.2,18,0.8
21218,530,0.2,19,0.4
21219,530,0.2,20,0.4
21220,530,0.2,21,0.4
21221,530,0.2,22,0.4
21222,530,0.2,23,0.8
21223,530,0.2,24,0.8
21224,530,0.2,25,0.6
21225,530,0.2,26,0.8
21226,530,0.2,27,0.6
21227,530,0.2,28,0.8
21228,530,0.2,29,0.8
21229,530,0.2,30,0.8
21230,530,0.2,31,0.8
21231,530,0.2,32,0.6
21232,530,0.2,33,0.6
21233,530,0.2,34,0.6
21234,530,0.2,35,0.6
21235,530,0.2,36,0.6
21236,530,0.2,37,0.6
21237,530,0.2,38,0.6
21238,530,0.2,39,0.8
21239,530,0.2,40,0.6
21240,531,0.2,1,1.0
21241,531,0.2,2,1.0
21242,531,0.2,3,0.8
21243,531,0.2,4,1.0
21244,531,0.2,5,0.8
21245,531,0.2,6,0.8
21246,531,0.2,7,1.0
21247,531,0.2,8,1.0
21248,531,0.2,9,1.0
21249,531,0.2,10,1.0
21250,531,0.2,11,1.0
21251,531,0.2,12,1.0
21252,531,0.2,13,1.0
21253,531,0.2,14,1.0
21254,531,0.2,15,1.0
21255,531,0.2,16,1.0
21256,531,0.2,17,1.0
21257,531,0.2,18,1.0
21258,531,0.2,19,1.0
21259,531,0.2,20,1.0
21260,531,0.2,21,1.0
21261,531,0.2,22,1.0
21262,531,0.2,23,1.0
21263,531,0.2,24,1.0
21264,531,0.2,25,1.0
21265,531,0.2,26,1.0
21266,531,0.2,27,1.0
21267,531,0.2,28,1.0
21268,531,0.2,29,1.0
21269,531,0.2,30,1.0
21270,531,0.2,31,1.0
21271,531,0.2,32,1.0
21272,531,0.2,33,0.8
21273,531,0.2,34,0.8
21274,531,0.2,35,0.8
21275,531,0.2,36,0.8
21276,531,0.2,37,0.8
21277,531,0.2,38,0.8
21278,531,0.2,39,0.8
21279,531,0.2,40,0.8
21280,532,0.2,1,0.8
21281,532,0.2,2,0.8
21282,532,0.2,3,0.8
21283,532,0.2,4,0.8
21284,532,0.2,5,0.8
21285,532,0.2,6,0.8
21286,532,0.2,7,0.6
21287,532,0.2,8,0.8
21288,532,0.2,9,1.0
21289,532,0.2,10,1.0
21290,532,0.2,11,1.0
21291,532,0.2,12,1.0
21292,532,0.2,13,1.0
21293,532,0.2,14,0.8
21294,532,0.2,15,1.0
21295,532,0.2,16,0.6
21296,532,0.2,17,0.6
21297,532,0.2,18,0.8
21298,532,0.2,19,0.8
21299,532,0.2,20,0.6
21300,532,0.2,21,0.4
21301,532,0.2,22,0.8
21302,532,0.2,23,0.8
21303,532,0.2,24,0.8
21304,532,0.2,25,0.8
21305,532,0.2,26,0.8
21306,532,0.2,27,0.8
21307,532,0.2,28,0.8
21308,532,0.2,29,0.8
21309,532,0.2,30,0.8
21310,532,0.2,31,0.8
21311,532,0.2,32,0.6
21312,532,0.2,33,0.6
21313,532,0.2,34,0.6
21314,532,0.2,35,0.6
21315,532,0.2,36,0.6
21316,532,0.2,37,0.6
21317,532,0.2,38,0.6
21318,532,0.2,39,0.6
21319,532,0.2,40,0.6
21320,533,0.2,1,0.6
21321,533,0.2,2,0.6
21322,533,0.2,3,0.6
21323,533,0.2,4,0.6
21324,533,0.2,5,0.8
21325,533,0.2,6,0.6
21326,533,0.2,7,0.6
21327,533,0.2,8,1.0
21328,533,0.2,9,1.0
21329,533,0.2,10,1.0
21330,533,0.2,11,1.0
21331,533,0.2,12,1.0
21332,533,0.2,13,1.0
21333,533,0.2,14,1.0
21334,533,0.2,15,1.0
21335,533,0.2,16,1.0
21336,533,0.2,17,1.0
21337,533,0.2,18,1.0
21338,533,0.2,19,1.0
21339,533,0.2,20,1.0
21340,533,0.2,21,1.0
21341,533,0.2,22,1.0
21342,533,0.2,23,1.0
21343,533,0.2,24,1.0
21344,533,0.2,25,1.0
21345,533,0.2,26,1.0
21346,533,0.2,27,1.0
21347,533,0.2,28,1.0
21348,533,0.2,29,1.0
21349,533,0.2,30,1.0
21350,533,0.2,31,1.0
21351,533,0.2,32,1.0
21352,533,0.2,33,1.0
21353,533,0.2,34,1.0
21354,533,0.2,35,1.0
21355,533,0.2,36,1.0
21356,533,0.2,37,1.0
21357,533,0.2,38,1.0
21358,533,0.2,39,1.0
21359,533,0.2,40,1.0
21360,534,0.2,1,0.8
21361,534,0.2,2,0.8
21362,534,0.2,3,0.8
21363,534,0.2,4,0.6
21364,534,0.2,5,0.6
21365,534,0.2,6,0.8
21366,534,0.2,7,0.8
21367,534,0.2,8,0.8
21368,534,0.2,9,0.8
21369,534,0.2,10,0.8
21370,534,0.2,11,0.8
21371,534,0.2,12,0.6
21372,534,0.2,13,0.6
21373,534,0.2,14,0.6
21374,534,0.2,15,0.6
21375,534,0.2,16,0.6
21376,534,0.2,17,0.6
21377,534,0.2,18,0.6
21378,534,0.2,19,0.6
21379,534,0.2,20,1.0
21380,534,0.2,21,1.0
21381,534,0.2,22,1.0
21382,534,0.2,23,1.0
21383,534,0.2,24,1.0
21384,534,0.2,25,1.0
21385,534,0.2,26,1.0
21386,534,0.2,27,1.0
21387,534,0.2,28,1.0
21388,534,0.2,29,1.0
21389,534,0.2,30,1.0
21390,534,0.2,31,1.0
21391,534,0.2,32,1.0
21392,534,0.2,33,1.0
21393,534,0.2,34,1.0
21394,534,0.2,35,1.0
21395,534,0.2,36,1.0
21396,534,0.2,37,1.0
21397,534,0.2,38,1.0
21398,534,0.2,39,1.0
21399,534,0.2,40,1.0
21400,535,0.2,1,0.6
21401,535,0.2,2,0.6
21402,535,0.2,3,0.6
21403,535,0.2,4,0.6
21404,535,0.2,5,0.4
21405,535,0.2,6,0.6
21406,535,0.2,7,0.6
21407,535,0.2,8,0.6
21408,535,0.2,9,0.6
21409,535,0.2,10,0.6
21410,535,0.2,11,0.6
21411,535,0.2,12,0.6
21412,535,0.2,13,0.6
21413,535,0.2,14,0.6
21414,535,0.2,15,0.8
21415,535,0.2,16,0.8
21416,535,0.2,17,0.8
21417,535,0.2,18,0.8
21418,535,0.2,19,0.8
21419,535,0.2,20,0.8
21420,535,0.2,21,0.8
21421,535,0.2,22,0.8
21422,535,0.2,23,0.8
21423,535,0.2,24,0.8
21424,535,0.2,25,0.8
21425,535,0.2,26,1.0
21426,535,0.2,27,1.0
21427,535,0.2,28,1.0
21428,535,0.2,29,0.8
21429,535,0.2,30,0.8
21430,535,0.2,31,0.8
21431,535,0.2,32,0.8
21432,535,0.2,33,0.8
21433,535,0.2,34,0.8
21434,535,0.2,35,0.8
21435,535,0.2,36,0.8
21436,535,0.2,37,1.0
21437,535,0.2,38,1.0
21438,535,0.2,39,1.0
21439,535,0.2,40,1.0
21440,536,0.2,1,0.6
21441,536,0.2,2,0.6
21442,536,0.2,3,0.6
21443,536,0.2,4,0.6
21444,536,0.2,5,0.8
21445,536,0.2,6,0.8
21446,536,0.2,7,0.8
21447,536,0.2,8,0.8
21448,536,0.2,9,0.8
21449,536,0.2,10,0.8
21450,536,0.2,11,0.8
21451,536,0.2,12,0.8
21452,536,0.2,13,0.8
21453,536,0.2,14,0.8
21454,536,0.2,15,0.8
21455,536,0.2,16,0.8
21456,536,0.2,17,0.8
21457,536,0.2,18,0.8
21458,536,0.2,19,0.8
21459,536,0.2,20,1.0
21460,536,0.2,21,1.0
21461,536,0.2,22,1.0
21462,536,0.2,23,0.8
21463,536,0.2,24,0.8
21464,536,0.2,25,0.8
21465,536,0.2,26,0.8
21466,536,0.2,27,0.8
21467,536,0.2,28,0.8
21468,536,0.2,29,1.0
21469,536,0.2,30,1.0
21470,536,0.2,31,1.0
21471,536,0.2,32,1.0
21472,536,0.2,33,1.0
21473,536,0.2,34,1.0
21474,536,0.2,35,1.0
21475,536,0.2,36,1.0
21476,536,0.2,37,1.0
21477,536,0.2,38,1.0
21478,536,0.2,39,1.0
21479,536,0.2,40,1.0
21480,537,0.2,1,0.0
21481,537,0.2,2,0.4
21482,537,0.2,3,0.4
21483,537,0.2,4,0.4
21484,537,0.2,5,0.4
21485,537,0.2,6,0.4
21486,537,0.2,7,0.4
21487,537,0.2,8,0.6
21488,537,0.2,9,0.6
21489,537,0.2,10,0.6
21490,537,0.2,11,0.6
21491,537,0.2,12,0.6
21492,537,0.2,13,0.6
21493,537,0.2,14,0.6
21494,537,0.2,15,0.6
21495,537,0.2,16,0.6
21496,537,0.2,17,0.8
21497,537,0.2,18,0.8
21498,537,0.2,19,0.8
21499,537,0.2,20,0.8
21500,537,0.2,21,0.8
21501,537,0.2,22,0.8
21502,537,0.2,23,0.8
21503,537,0.2,24,0.8
21504,537,0.2,25,0.8
21505,537,0.2,26,0.8
21506,537,0.2,27,0.8
21507,537,0.2,28,0.8
21508,537,0.2,29,0.8
21509,537,0.2,30,0.6
21510,537,0.2,31,0.6
21511,537,0.2,32,0.8
21512,537,0.2,33,0.8
21513,537,0.2,34,0.8
21514,537,0.2,35,0.8
21515,537,0.2,36,0.8
21516,537,0.2,37,0.8
21517,537,0.2,38,0.8
21518,537,0.2,39,0.8
21519,537,0.2,40,0.8
21520,538,0.2,1,1.0
21521,538,0.2,2,1.0
21522,538,0.2,3,1.0
21523,538,0.2,4,0.8
21524,538,0.2,5,1.0
21525,538,0.2,6,0.8
21526,538,0.2,7,0.8
21527,538,0.2,8,0.8
21528,538,0.2,9,0.8
21529,538,0.2,10,1.0
21530,538,0.2,11,1.0
21531,538,0.2,12,1.0
21532,538,0.2,13,1.0
21533,538,0.2,14,1.0
21534,538,0.2,15,1.0
21535,538,0.2,16,1.0
21536,538,0.2,17,1.0
21537,538,0.2,18,1.0
21538,538,0.2,19,1.0
21539,538,0.2,20,1.0
21540,538,0.2,21,1.0
21541,538,0.2,22,1.0
21542,538,0.2,23,0.8
21543,538,0.2,24,0.8
21544,538,0.2,25,0.8
21545,538,0.2,26,0.8
21546,538,0.2,27,0.8
21547,538,0.2,28,0.8
21548,538,0.2,29,0.8
21549,538,0.2,30,0.8
21550,538,0.2,31,0.8
21551,538,0.2,32,0.8
21552,538,0.2,33,0.8
21553,538,0.2,34,0.8
21554,538,0.2,35,0.8
21555,538,0.2,36,0.8
21556,538,0.2,37,0.8
21557,538,0.2,38,0.8
21558,538,0.2,39,0.8
21559,538,0.2,40,0.8
21560,539,0.2,1,0.0
21561,539,0.2,2,0.2
21562,539,0.2,3,0.4
21563,539,0.2,4,0.4
21564,539,0.2,5,0.6
21565,539,0.2,6,0.6
21566,539,0.2,7,0.6
21567,539,0.2,8,0.6
21568,539,0.2,9,0.8
21569,539,0.2,10,0.8
21570,539,0.2,11,0.8
21571,539,0.2,12,0.8
21572,539,0.2,13,0.8
21573,539,0.2,14,0.8
21574,539,0.2,15,0.8
21575,539,0.2,16,0.8
21576,539,0.2,17,0.8
21577,539,0.2,18,0.8
21578,539,0.2,19,0.8
21579,539,0.2,20,0.8
21580,539,0.2,21,0.8
21581,539,0.2,22,0.8
21582,539,0.2,23,0.8
21583,539,0.2,24,0.8
21584,539,0.2,25,0.8
21585,539,0.2,26,0.8
21586,539,0.2,27,0.8
21587,539,0.2,28,0.8
21588,539,0.2,29,0.8
21589,539,0.2,30,0.8
21590,539,0.2,31,0.8
21591,539,0.2,32,0.8
21592,539,0.2,33,0.8
21593,539,0.2,34,0.8
21594,539,0.2,35,0.8
21595,539,0.2,36,0.8
21596,539,0.2,37,0.8
21597,539,0.2,38,0.8
21598,539,0.2,39,0.8
21599,539,0.2,40,0.8
21600,540,0.5,1,1.0
21601,540,0.5,2,1.0
21602,540,0.5,3,1.0
21603,540,0.5,4,1.0
21604,540,0.5,5,1.0
21605,540,0.5,6,1.0
21606,540,0.5,7,1.0
21607,540,0.5,8,1.0
21608,540,0.5,9,0.8
21609,540,0.5,10,0.8
21610,540,0.5,11,1.0
21611,540,0.5,12,1.0
21612,540,0.5,13,1.0
21613,540,0.5,14,1.0
21614,540,0.5,15,1.0
21615,540,0.5,16,0.8
21616,540,0.5,17,0.8
21617,540,0.5,18,0.8
21618,540,0.5,19,0.8
21619,540,0.5,20,0.8
21620,540,0.5,21,0.8
21621,540,0.5,22,0.8
21622,540,0.5,23,0.8
21623,540,0.5,24,0.8
21624,540,0.5,25,0.8
21625,540,0.5,26,1.0
21626,540,0.5,27,0.8
21627,540,0.5,28,0.8
21628,540,0.5,29,0.8
21629,540,0.5,30,0.8
21630,540,0.5,31,0.8
21631,540,0.5,32,0.8
21632,540,0.5,33,0.8
21633,540,0.5,34,0.8
21634,540,0.5,35,0.8
21635,540,0.5,36,0.8
21636,540,0.5,37,0.8
21637,540,0.5,38,0.8
21638,540,0.5,39,0.8
21639,540,0.5,40,0.8
21640,541,0.5,1,0.8
21641,541,0.5,2,1.0
21642,541,0.5,3,0.4
21643,541,0.5,4,0.6
21644,541,0.5,5,0.6
21645,541,0.5,6,0.8
21646,541,0.5,7,0.8
21647,541,0.5,8,0.8
21648,541,0.5,9,0.8
21649,541,0.5,10,0.6
21650,541,0.5,11,0.6
21651,541,0.5,12,0.6
21652,541,0.5,13,0.8
21653,541,0.5,14,1.0
21654,541,0.5,15,1.0
21655,541,0.5,16,1.0
21656,541,0.5,17,0.8
21657,541,0.5,18,1.0
21658,541,0.5,19,1.0
21659,541,0.5,20,1.0
21660,541,0.5,21,1.0
21661,541,0.5,22,1.0
21662,541,0.5,23,1.0
21663,541,0.5,24,1.0
21664,541,0.5,25,1.0
21665,541,0.5,26,1.0
21666,541,0.5,27,1.0
21667,541,0.5,28,1.0
21668,541,0.5,29,1.0
21669,541,0.5,30,1.0
21670,541,0.5,31,1.0
21671,541,0.5,32,1.0
21672,541,0.5,33,1.0
21673,541,0.5,34,1.0
21674,541,0.5,35,1.0
21675,541,0.5,36,1.0
21676,541,0.5,37,1.0
21677,541,0.5,38,1.0
21678,541,0.5,39,1.0
21679,541,0.5,40,1.0
21680,542,0.5,1,0.6
21681,542,0.5,2,0.6
21682,542,0.5,3,0.6
21683,542,0.5,4,0.6
21684,542,0.5,5,0.6
21685,542,0.5,6,0.6
21686,542,0.5,7,0.8
21687,542,0.5,8,0.8
21688,542,0.5,9,0.8
21689,542,0.5,10,1.0
21690,542,0.5,11,1.0
21691,542,0.5,12,1.0
21692,542,0.5,13,1.0
21693,542,0.5,14,1.0
21694,542,0.5,15,1.0
21695,542,0.5,16,1.0
21696,542,0.5,17,1.0
21697,542,0.5,18,1.0
21698,542,0.5,19,1.0
21699,542,0.5,20,1.0
21700,542,0.5,21,1.0
21701,542,0.5,22,1.0
21702,542,0.5,23,0.8
21703,542,0.5,24,0.8
21704,542,0.5,25,0.8
21705,542,0.5,26,0.8
21706,542,0.5,27,0.8
21707,542,0.5,28,0.8
21708,542,0.5,29,0.8
21709,542,0.5,30,0.8
21710,542,0.5,31,0.8
21711,542,0.5,32,0.8
21712,542,0.5,33,0.8
21713,542,0.5,34,0.8
21714,542,0.5,35,0.8
21715,542,0.5,36,0.8
21716,542,0.5,37,0.8
21717,542,0.5,38,0.8
21718,542,0.5,39,0.8
21719,542,0.5,40,0.8
21720,543,0.5,1,0.8
21721,543,0.5,2,0.8
21722,543,0.5,3,0.6
21723,543,0.5,4,0.6
21724,543,0.5,5,0.6
21725,543,0.5,6,0.2
21726,543,0.5,7,0.2
21727,543,0.5,8,0.4
21728,543,0.5,9,0.8
21729,543,0.5,10,1.0
21730,543,0.5,11,1.0
21731,543,0.5,12,1.0
21732,543,0.5,13,1.0
21733,543,0.5,14,0.8
21734,543,0.5,15,0.8
21735,543,0.5,16,0.8
21736,543,0.5,17,0.8
21737,543,0.5,18,0.8
21738,543,0.5,19,0.8
21739,543,0.5,20,0.4
21740,543,0.5,21,0.4
21741,543,0.5,22,0.4
21742,543,0.5,23,0.4
21743,543,0.5,24,0.4
21744,543,0.5,25,0.4
21745,543,0.5,26,0.4
21746,543,0.5,27,0.4
21747,543,0.5,28,0.4
21748,543,0.5,29,0.4
21749,543,0.5,30,0.4
21750,543,0.5,31,0.4
21751,543,0.5,32,0.4
21752,543,0.5,33,0.4
21753,543,0.5,34,0.4
21754,543,0.5,35,0.4
21755,543,0.5,36,0.2
21756,543,0.5,37,0.4
21757,543,0.5,38,0.4
21758,543,0.5,39,0.6
21759,543,0.5,40,0.6
21760,544,0.5,1,0.6
21761,544,0.5,2,0.6
21762,544,0.5,3,0.4
21763,544,0.5,4,0.6
21764,544,0.5,5,0.4
21765,544,0.5,6,0.4
21766,544,0.5,7,0.6
21767,544,0.5,8,0.6
21768,544,0.5,9,0.6
21769,544,0.5,10,0.6
21770,544,0.5,11,0.6
21771,544,0.5,12,0.6
21772,544,0.5,13,0.6
21773,544,0.5,14,0.6
21774,544,0.5,15,0.6
21775,544,0.5,16,0.6
21776,544,0.5,17,0.6
21777,544,0.5,18,0.6
21778,544,0.5,19,0.6
21779,544,0.5,20,0.6
21780,544,0.5,21,0.6
21781,544,0.5,22,0.6
21782,544,0.5,23,0.6
21783,544,0.5,24,0.6
21784,544,0.5,25,0.6
21785,544,0.5,26,0.6
21786,544,0.5,27,0.6
21787,544,0.5,28,0.6
21788,544,0.5,29,0.6
21789,544,0.5,30,0.6
21790,544,0.5,31,0.6
21791,544,0.5,32,0.6
21792,544,0.5,33,0.6
21793,544,0.5,34,0.6
21794,544,0.5,35,0.6
21795,544,0.5,36,0.6
21796,544,0.5,37,0.6
21797,544,0.5,38,0.6
21798,544,0.5,39,0.6
21799,544,0.5,40,0.6
21800,545,0.5,1,0.6
21801,545,0.5,2,0.6
21802,545,0.5,3,0.6
21803,545,0.5,4,0.6
21804,545,0.5,5,0.8
21805,545,0.5,6,0.6
21806,545,0.5,7,0.6
21807,545,0.5,8,0.6
21808,545,0.5,9,1.0
21809,545,0.5,10,1.0
21810,545,0.5,11,1.0
21811,545,0.5,12,1.0
21812,545,0.5,13,1.0
21813,545,0.5,14,1.0
21814,545,0.5,15,1.0
21815,545,0.5,16,1.0
21816,545,0.5,17,1.0
21817,545,0.5,18,1.0
21818,545,0.5,19,1.0
21819,545,0.5,20,1.0
21820,545,0.5,21,1.0
21821,545,0.5,22,1.0
21822,545,0.5,23,1.0
21823,545,0.5,24,1.0
21824,545,0.5,25,1.0
21825,545,0.5,26,1.0
21826,545,0.5,27,1.0
21827,545,0.5,28,1.0
21828,545,0.5,29,1.0
21829,545,0.5,30,1.0
21830,545,0.5,31,1.0
21831,545,0.5,32,1.0
21832,545,0.5,33,1.0
21833,545,0.5,34,1.0
21834,545,0.5,35,1.0
21835,545,0.5,36,1.0
21836,545,0.5,37,1.0
21837,545,0.5,38,1.0
21838,545,0.5,39,1.0
21839,545,0.5,40,1.0
21840,546,0.5,1,0.0
21841,546,0.5,2,0.4
21842,546,0.5,3,0.8
21843,546,0.5,4,0.8
21844,546,0.5,5,0.8
21845,546,0.5,6,0.8
21846,546,0.5,7,0.8
21847,546,0.5,8,0.8
21848,546,0.5,9,0.8
21849,546,0.5,10,0.8
21850,546,0.5,11,0.8
21851,546,0.5,12,0.8
21852,546,0.5,13,0.8
21853,546,0.5,14,0.8
21854,546,0.5,15,0.8
21855,546,0.5,16,0.8
21856,546,0.5,17,0.8
21857,546,0.5,18,0.8
21858,546,0.5,19,0.8
21859,546,0.5,20,0.8
21860,546,0.5,21,1.0
21861,546,0.5,22,1.0
21862,546,0.5,23,0.8
21863,546,0.5,24,0.8
21864,546,0.5,25,0.8
21865,546,0.5,26,0.8
21866,546,0.5,27,0.8
21867,546,0.5,28,0.8
21868,546,0.5,29,0.8
21869,546,0.5,30,0.8
21870,546,0.5,31,0.8
21871,546,0.5,32,0.8
21872,546,0.5,33,0.8
21873,546,0.5,34,0.8
21874,546,0.5,35,0.8
21875,546,0.5,36,0.8
21876,546,0.5,37,0.8
21877,546,0.5,38,0.8
21878,546,0.5,39,0.8
21879,546,0.5,40,0.8
21880,547,0.5,1,1.0
21881,547,0.5,2,1.0
21882,547,0.5,3,1.0
21883,547,0.5,4,1.0
21884,547,0.5,5,1.0
21885,547,0.5,6,0.6
21886,547,0.5,7,0.8
21887,547,0.5,8,0.8
21888,547,0.5,9,0.8
21889,547,0.5,10,0.8
21890,547,0.5,11,0.8
21891,547,0.5,12,0.8
21892,547,0.5,13,0.8
21893,547,0.5,14,0.8
21894,547,0.5,15,0.6
21895,547,0.5,16,0.6
21896,547,0.5,17,0.6
21897,547,0.5,18,0.6
21898,547,0.5,19,0.6
21899,547,0.5,20,0.6
21900,547,0.5,21,0.6
21901,547,0.5,22,0.6
21902,547,0.5,23,0.6
21903,547,0.5,24,0.8
21904,547,0.5,25,1.0
21905,547,0.5,26,1.0
21906,547,0.5,27,1.0
21907,547,0.5,28,1.0
21908,547,0.5,29,1.0
21909,547,0.5,30,1.0
21910,547,0.5,31,1.0
21911,547,0.5,32,1.0
21912,547,0.5,33,1.0
21913,547,0.5,34,1.0
21914,547,0.5,35,1.0
21915,547,0.5,36,1.0
21916,547,0.5,37,1.0
21917,547,0.5,38,1.0
21918,547,0.5,39,0.8
21919,547,0.5,40,0.8
21920,548,0.5,1,0.0
21921,548,0.5,2,0.4
21922,548,0.5,3,0.4
21923,548,0.5,4,0.6
21924,548,0.5,5,0.6
21925,548,0.5,6,1.0
21926,548,0.5,7,0.8
21927,548,0.5,8,1.0
21928,548,0.5,9,1.0
21929,548,0.5,10,1.0
21930,548,0.5,11,0.8
21931,548,0.5,12,1.0
21932,548,0.5,13,1.0
21933,548,0.5,14,1.0
21934,548,0.5,15,1.0
21935,548,0.5,16,1.0
21936,548,0.5,17,1.0
21937,548,0.5,18,1.0
21938,548,0.5,19,1.0
21939,548,0.5,20,1.0
21940,548,0.5,21,1.0
21941,548,0.5,22,1.0
21942,548,0.5,23,1.0
21943,548,0.5,24,1.0
21944,548,0.5,25,1.0
21945,548,0.5,26,1.0
21946,548,0.5,27,1.0
21947,548,0.5,28,1.0
21948,548,0.5,29,1.0
21949,548,0.5,30,1.0
21950,548,0.5,31,1.0
21951,548,0.5,32,1.0
21952,548,0.5,33,1.0
21953,548,0.5,34,1.0
21954,548,0.5,35,1.0
21955,548,0.5,36,1.0
21956,548,0.5,37,1.0
21957,548,0.5,38,1.0
21958,548,0.5,39,1.0
21959,548,0.5,40,1.0
21960,549,0.5,1,1.0
21961,549,0.5,2,1.0
21962,549,0.5,3,1.0
21963,549,0.5,4,1.0
21964,549,0.5,5,1.0
21965,549,0.5,6,1.0
21966,549,0.5,7,1.0
21967,549,0.5,8,0.8
21968,549,0.5,9,1.0
21969,549,0.5,10,1.0
21970,549,0.5,11,0.8
21971,549,0.5,12,1.0
21972,549,0.5,13,1.0
21973,549,0.5,14,0.8
21974,549,0.5,15,0.8
21975,549,0.5,16,0.8
21976,549,0.5,17,1.0
21977,549,0.5,18,1.0
21978,549,0.5,19,1.0
21979,549,0.5,20,1.0
21980,549,0.5,21,1.0
21981,549,0.5,22,1.0
21982,549,0.5,23,1.0
21983,549,0.5,24,1.0
21984,549,0.5,25,1.0
21985,549,0.5,26,0.4
21986,549,0.5,27,0.4
21987,549,0.5,28,0.4
21988,549,0.5,29,0.4
21989,549,0.5,30,0.4
21990,549,0.5,31,0.4
21991,549,0.5,32,0.4
21992,549,0.5,33,0.4
21993,549,0.5,34,0.4
21994,549,0.5,35,0.4
21995,549,0.5,36,0.4
21996,549,0.5,37,0.4
21997,549,0.5,38,0.4
21998,549,0.5,39,0.4
21999,549,0.5,40,0.4
22000,550,0.5,1,0.8
22001,550,0.5,2,0.6
22002,550,0.5,3,0.6
22003,550,0.5,4,0.6
22004,550,0.5,5,0.6
22005,550,0.5,6,0.6
22006,550,0.5,7,0.6
22007,550,0.5,8,0.8
22008,550,0.5,9,0.8
22009,550,0.5,10,0.8
22010,550,0.5,11,0.8
22011,550,0.5,12,0.8
22012,550,0.5,13,0.8
22013,550,0.5,14,0.8
22014,550,0.5,15,0.8
22015,550,0.5,16,0.8
22016,550,0.5,17,0.8
22017,550,0.5,18,0.8
22018,550,0.5,19,0.8
22019,550,0.5,20,0.8
22020,550,0.5,21,0.8
22021,550,0.5,22,0.8
22022,550,0.5,23,0.8
22023,550,0.5,24,0.8
22024,550,0.5,25,0.8
22025,550,0.5,26,0.6
22026,550,0.5,27,0.6
22027,550,0.5,28,0.6
22028,550,0.5,29,0.8
22029,550,0.5,30,0.8
22030,550,0.5,31,0.8
22031,550,0.5,32,0.8
22032,550,0.5,33,0.8
22033,550,0.5,34,0.6
22034,550,0.5,35,0.6
22035,550,0.5,36,0.6
22036,550,0.5,37,0.6
22037,550,0.5,38,0.6
22038,550,0.5,39,0.6
22039,550,0.5,40,0.6
22040,551,0.5,1,0.6
22041,551,0.5,2,0.6
22042,551,0.5,3,0.6
22043,551,0.5,4,0.8
22044,551,0.5,5,0.8
22045,551,0.5,6,0.8
22046,551,0.5,7,0.8
22047,551,0.5,8,0.8
22048,551,0.5,9,0.8
22049,551,0.5,10,0.8
22050,551,0.5,11,0.8
22051,551,0.5,12,0.8
22052,551,0.5,13,0.8
22053,551,0.5,14,0.6
22054,551,0.5,15,0.6
22055,551,0.5,16,0.6
22056,551,0.5,17,0.6
22057,551,0.5,18,0.6
22058,551,0.5,19,0.6
22059,551,0.5,20,0.6
22060,551,0.5,21,0.6
22061,551,0.5,22,0.6
22062,551,0.5,23,0.6
22063,551,0.5,24,0.6
22064,551,0.5,25,0.6
22065,551,0.5,26,0.6
22066,551,0.5,27,0.6
22067,551,0.5,28,0.6
22068,551,0.5,29,0.6
22069,551,0.5,30,0.6
22070,551,0.5,31,0.6
22071,551,0.5,32,0.6
22072,551,0.5,33,0.6
22073,551,0.5,34,0.6
22074,551,0.5,35,0.6
22075,551,0.5,36,0.6
22076,551,0.5,37,0.6
22077,551,0.5,38,0.6
22078,551,0.5,39,0.6
22079,551,0.5,40,0.6
22080,552,0.5,1,0.8
22081,552,0.5,2,0.8
22082,552,0.5,3,0.8
22083,552,0.5,4,0.8
22084,552,0.5,5,0.8
22085,552,0.5,6,0.8
22086,552,0.5,7,0.8
22087,552,0.5,8,0.8
22088,552,0.5,9,1.0
22089,552,0.5,10,1.0
22090,552,0.5,11,0.8
22091,552,0.5,12,0.8
22092,552,0.5,13,1.0
22093,552,0.5,14,1.0
22094,552,0.5,15,1.0
22095,552,0.5,16,1.0
22096,552,0.5,17,1.0
22097,552,0.5,18,1.0
22098,552,0.5,19,1.0
22099,552,0.5,20,1.0
22100,552,0.5,21,1.0
22101,552,0.5,22,1.0
22102,552,0.5,23,1.0
22103,552,0.5,24,1.0
22104,552,0.5,25,1.0
22105,552,0.5,26,1.0
22106,552,0.5,27,1.0
22107,552,0.5,28,1.0
22108,552,0.5,29,1.0
22109,552,0.5,30,1.0
22110,552,0.5,31,1.0
22111,552,0.5,32,1.0
22112,552,0.5,33,1.0
22113,552,0.5,34,1.0
22114,552,0.5,35,1.0
22115,552,0.5,36,1.0
22116,552,0.5,37,1.0
22117,552,0.5,38,1.0
22118,552,0.5,39,1.0
22119,552,0.5,40,1.0
22120,553,0.5,1,0.6
22121,553,0.5,2,0.6
22122,553,0.5,3,0.6
22123,553,0.5,4,0.2
22124,553,0.5,5,0.6
22125,553,0.5,6,0.8
22126,553,0.5,7,0.6
22127,553,0.5,8,0.8
22128,553,0.5,9,0.8
22129,553,0.5,10,0.8
22130,553,0.5,11,0.8
22131,553,0.5,12,0.8
22132,553,0.5,13,0.8
22133,553,0.5,14,0.8
22134,553,0.5,15,1.0
22135,553,0.5,16,1.0
22136,553,0.5,17,1.0
22137,553,0.5,18,1.0
22138,553,0.5,19,1.0
22139,553,0.5,20,1.0
22140,553,0.5,21,1.0
22141,553,0.5,22,1.0
22142,553,0.5,23,1.0
22143,553,0.5,24,1.0
22144,553,0.5,25,1.0
22145,553,0.5,26,1.0
22146,553,0.5,27,1.0
22147,553,0.5,28,1.0
22148,553,0.5,29,1.0
22149,553,0.5,30,1.0
22150,553,0.5,31,1.0
22151,553,0.5,32,1.0
22152,553,0.5,33,1.0
22153,553,0.5,34,1.0
22154,553,0.5,35,1.0
22155,553,0.5,36,1.0
22156,553,0.5,37,1.0
22157,553,0.5,38,1.0
22158,553,0.5,39,1.0
22159,553,0.5,40,1.0
22160,554,0.5,1,0.4
22161,554,0.5,2,0.2
22162,554,0.5,3,0.4
22163,554,0.5,4,0.4
22164,554,0.5,5,0.4
22165,554,0.5,6,0.4
22166,554,0.5,7,0.4
22167,554,0.5,8,0.4
22168,554,0.5,9,0.4
22169,554,0.5,10,0.4
22170,554,0.5,11,0.4
22171,554,0.5,12,0.4
22172,554,0.5,13,0.4
22173,554,0.5,14,0.4
22174,554,0.5,15,0.4
22175,554,0.5,16,0.4
22176,554,0.5,17,0.4
22177,554,0.5,18,0.4
22178,554,0.5,19,0.4
22179,554,0.5,20,0.4
22180,554,0.5,21,0.4
22181,554,0.5,22,0.4
22182,554,0.5,23,0.4
22183,554,0.5,24,0.4
22184,554,0.5,25,0.4
22185,554,0.5,26,0.4
22186,554,0.5,27,0.4
22187,554,0.5,28,0.4
22188,554,0.5,29,0.4
22189,554,0.5,30,0.4
22190,554,0.5,31,0.4
22191,554,0.5,32,0.4
22192,554,0.5,33,0.4
22193,554,0.5,34,0.4
22194,554,0.5,35,0.4
22195,554,0.5,36,0.4
22196,554,0.5,37,0.4
22197,554,0.5,38,0.4
22198,554,0.5,39,0.4
22199,554,0.5,40,0.4
22200,555,0.5,1,0.0
22201,555,0.5,2,0.8
22202,555,0.5,3,0.8
22203,555,0.5,4,0.8
22204,555,0.5,5,0.8
22205,555,0.5,6,0.8
22206,555,0.5,7,0.8
22207,555,0.5,8,0.8
22208,555,0.5,9,0.8
22209,555,0.5,10,0.8
22210,555,0.5,11,0.8
22211,555,0.5,12,0.8
22212,555,0.5,13,0.8
22213,555,0.5,14,0.8
22214,555,0.5,15,0.8
22215,555,0.5,16,0.8
22216,555,0.5,17,0.8
22217,555,0.5,18,0.8
22218,555,0.5,19,0.8
22219,555,0.5,20,0.8
22220,555,0.5,21,0.8
22221,555,0.5,22,0.8
22222,555,0.5,23,0.8
22223,555,0.5,24,0.8
22224,555,0.5,25,0.8
22225,555,0.5,26,0.8
22226,555,0.5,27,0.8
22227,555,0.5,28,0.8
22228,555,0.5,29,0.8
22229,555,0.5,30,1.0
22230,555,0.5,31,1.0
22231,555,0.5,32,1.0
22232,555,0.5,33,1.0
22233,555,0.5,34,1.0
22234,555,0.5,35,1.0
22235,555,0.5,36,1.0
22236,555,0.5,37,1.0
22237,555,0.5,38,1.0
22238,555,0.5,39,1.0
22239,555,0.5,40,1.0
22240,556,0.5,1,1.0
22241,556,0.5,2,1.0
22242,556,0.5,3,1.0
22243,556,0.5,4,1.0
22244,556,0.5,5,1.0
22245,556,0.5,6,1.0
22246,556,0.5,7,1.0
22247,556,0.5,8,0.8
22248,556,0.5,9,1.0
22249,556,0.5,10,1.0
22250,556,0.5,11,1.0
22251,556,0.5,12,1.0
22252,556,0.5,13,1.0
22253,556,0.5,14,1.0
22254,556,0.5,15,1.0
22255,556,0.5,16,1.0
22256,556,0.5,17,1.0
22257,556,0.5,18,1.0
22258,556,0.5,19,1.0
22259,556,0.5,20,1.0
22260,556,0.5,21,1.0
22261,556,0.5,22,1.0
22262,556,0.5,23,1.0
22263,556,0.5,24,1.0
22264,556,0.5,25,1.0
22265,556,0.5,26,1.0
22266,556,0.5,27,1.0
22267,556,0.5,28,1.0
22268,556,0.5,29,1.0
22269,556,0.5,30,1.0
22270,556,0.5,31,1.0
22271,556,0.5,32,0.8
22272,556,0.5,33,0.8
22273,556,0.5,34,0.8
22274,556,0.5,35,0.8
22275,556,0.5,36,0.8
22276,556,0.5,37,0.8
22277,556,0.5,38,0.8
22278,556,0.5,39,1.0
22279,556,0.5,40,0.8
22280,557,0.5,1,0.0
22281,557,0.5,2,0.8
22282,557,0.5,3,0.8
22283,557,0.5,4,1.0
22284,557,0.5,5,0.6
22285,557,0.5,6,0.8
22286,557,0.5,7,1.0
22287,557,0.5,8,1.0
22288,557,0.5,9,1.0
22289,557,0.5,10,1.0
22290,557,0.5,11,1.0
22291,557,0.5,12,1.0
22292,557,0.5,13,1.0
22293,557,0.5,14,1.0
22294,557,0.5,15,0.8
22295,557,0.5,16,0.8
22296,557,0.5,17,0.8
22297,557,0.5,18,0.8
22298,557,0.5,19,0.8
22299,557,0.5,20,0.8
22300,557,0.5,21,0.8
22301,557,0.5,22,0.8
22302,557,0.5,23,0.8
22303,557,0.5,24,0.8
22304,557,0.5,25,0.8
22305,557,0.5,26,0.8
22306,557,0.5,27,0.8
22307,557,0.5,28,0.8
22308,557,0.5,29,0.8
22309,557,0.5,30,0.8
22310,557,0.5,31,0.8
22311,557,0.5,32,0.8
22312,557,0.5,33,0.8
22313,557,0.5,34,0.6
22314,557,0.5,35,0.6
22315,557,0.5,36,0.6
22316,557,0.5,37,0.6
22317,557,0.5,38,0.6
22318,557,0.5,39,0.6
22319,557,0.5,40,0.6
22320,558,0.5,1,1.0
22321,558,0.5,2,0.2
22322,558,0.5,3,0.2
22323,558,0.5,4,0.2
22324,558,0.5,5,0.2
22325,558,0.5,6,0.2
22326,558,0.5,7,0.2
22327,558,0.5,8,0.2
22328,558,0.5,9,0.2
22329,558,0.5,10,0.2
22330,558,0.5,11,0.2
22331,558,0.5,12,0.2
22332,558,0.5,13,0.2
22333,558,0.5,14,0.2
22334,558,0.5,15,0.2
22335,558,0.5,16,0.2
22336,558,0.5,17,0.2
22337,558,0.5,18,0.2
22338,558,0.5,19,0.2
22339,558,0.5,20,0.6
22340,558,0.5,21,0.6
22341,558,0.5,22,0.6
22342,558,0.5,23,0.6
22343,558,0.5,24,0.6
22344,558,0.5,25,0.6
22345,558,0.5,26,0.6
22346,558,0.5,27,0.6
22347,558,0.5,28,0.6
22348,558,0.5,29,0.6
22349,558,0.5,30,0.6
22350,558,0.5,31,0.6
22351,558,0.5,32,0.6
22352,558,0.5,33,0.6
22353,558,0.5,34,0.6
22354,558,0.5,35,0.6
22355,558,0.5,36,0.6
22356,558,0.5,37,0.6
22357,558,0.5,38,0.6
22358,558,0.5,39,0.6
22359,558,0.5,40,0.6
22360,559,0.5,1,0.8
22361,559,0.5,2,0.8
22362,559,0.5,3,0.8
22363,559,0.5,4,0.8
22364,559,0.5,5,0.8
22365,559,0.5,6,0.8
22366,559,0.5,7,0.8
22367,559,0.5,8,1.0
22368,559,0.5,9,1.0
22369,559,0.5,10,1.0
22370,559,0.5,11,1.0
22371,559,0.5,12,0.8
22372,559,0.5,13,0.8
22373,559,0.5,14,0.8
22374,559,0.5,15,0.8
22375,559,0.5,16,0.8
22376,559,0.5,17,0.8
22377,559,0.5,18,0.6
22378,559,0.5,19,0.6
22379,559,0.5,20,0.6
22380,559,0.5,21,0.6
22381,559,0.5,22,0.6
22382,559,0.5,23,0.6
22383,559,0.5,24,0.6
22384,559,0.5,25,0.6
22385,559,0.5,26,0.6
22386,559,0.5,27,0.8
22387,559,0.5,28,0.8
22388,559,0.5,29,1.0
22389,559,0.5,30,1.0
22390,559,0.5,31,1.0
22391,559,0.5,32,0.8
22392,559,0.5,33,0.8
22393,559,0.5,34,0.8
22394,559,0.5,35,1.0
22395,559,0.5,36,1.0
22396,559,0.5,37,1.0
22397,559,0.5,38,0.6
22398,559,0.5,39,0.6
22399,559,0.5,40,0.6
22400,560,0.5,1,0.6
22401,560,0.5,2,0.4
22402,560,0.5,3,0.4
22403,560,0.5,4,0.8
22404,560,0.5,5,0.8
22405,560,0.5,6,0.8
22406,560,0.5,7,0.8
22407,560,0.5,8,0.8
22408,560,0.5,9,0.8
22409,560,0.5,10,0.8
22410,560,0.5,11,0.8
22411,560,0.5,12,0.8
22412,560,0.5,13,0.8
22413,560,0.5,14,0.8
22414,560,0.5,15,0.8
22415,560,0.5,16,0.8
22416,560,0.5,17,0.8
22417,560,0.5,18,0.8
22418,560,0.5,19,0.8
22419,560,0.5,20,0.8
22420,560,0.5,21,0.8
22421,560,0.5,22,0.8
22422,560,0.5,23,0.8
22423,560,0.5,24,0.8
22424,560,0.5,25,0.8
22425,560,0.5,26,0.8
22426,560,0.5,27,0.8
22427,560,0.5,28,0.8
22428,560,0.5,29,0.8
22429,560,0.5,30,0.8
22430,560,0.5,31,0.8
22431,560,0.5,32,0.8
22432,560,0.5,33,0.8
22433,560,0.5,34,0.8
22434,560,0.5,35,0.8
22435,560,0.5,36,0.8
22436,560,0.5,37,0.8
22437,560,0.5,38,0.8
22438,560,0.5,39,0.8
22439,560,0.5,40,0.8
22440,561,0.5,1,0.8
22441,561,0.5,2,0.8
22442,561,0.5,3,0.8
22443,561,0.5,4,0.8
22444,561,0.5,5,0.8
22445,561,0.5,6,0.8
22446,561,0.5,7,1.0
22447,561,0.5,8,1.0
22448,561,0.5,9,1.0
22449,561,0.5,10,1.0
22450,561,0.5,11,1.0
22451,561,0.5,12,0.8
22452,561,0.5,13,0.8
22453,561,0.5,14,0.8
22454,561,0.5,15,0.6
22455,561,0.5,16,0.8
22456,561,0.5,17,0.6
22457,561,0.5,18,0.6
22458,561,0.5,19,0.6
22459,561,0.5,20,0.6
22460,561,0.5,21,0.6
22461,561,0.5,22,0.6
22462,561,0.5,23,0.6
22463,561,0.5,24,0.6
22464,561,0.5,25,0.8
22465,561,0.5,26,0.6
22466,561,0.5,27,0.6
22467,561,0.5,28,0.6
22468,561,0.5,29,0.6
22469,561,0.5,30,0.6
22470,561,0.5,31,0.6
22471,561,0.5,32,0.6
22472,561,0.5,33,0.6
22473,561,0.5,34,0.6
22474,561,0.5,35,0.6
22475,561,0.5,36,0.6
22476,561,0.5,37,0.6
22477,561,0.5,38,0.6
22478,561,0.5,39,0.6
22479,561,0.5,40,0.6
22480,562,0.5,1,0.6
22481,562,0.5,2,0.6
22482,562,0.5,3,0.6
22483,562,0.5,4,0.6
22484,562,0.5,5,0.6
22485,562,0.5,6,0.6
22486,562,0.5,7,0.6
22487,562,0.5,8,0.4
22488,562,0.5,9,0.4
22489,562,0.5,10,0.4
22490,562,0.5,11,0.6
22491,562,0.5,12,0.6
22492,562,0.5,13,0.6
22493,562,0.5,14,0.6
22494,562,0.5,15,0.4
22495,562,0.5,16,0.4
22496,562,0.5,17,0.4
22497,562,0.5,18,0.4
22498,562,0.5,19,0.4
22499,562,0.5,20,0.4
22500,562,0.5,21,0.4
22501,562,0.5,22,0.4
22502,562,0.5,23,0.4
22503,562,0.5,24,0.4
22504,562,0.5,25,0.4
22505,562,0.5,26,0.6
22506,562,0.5,27,0.6
22507,562,0.5,28,0.8
22508,562,0.5,29,0.6
22509,562,0.5,30,0.6
22510,562,0.5,31,0.6
22511,562,0.5,32,0.6
22512,562,0.5,33,0.6
22513,562,0.5,34,0.6
22514,562,0.5,35,0.6
22515,562,0.5,36,0.6
22516,562,0.5,37,0.6
22517,562,0.5,38,0.6
22518,562,0.5,39,0.6
22519,562,0.5,40,0.6
22520,563,0.5,1,0.6
22521,563,0.5,2,0.6
22522,563,0.5,3,0.4
22523,563,0.5,4,0.2
22524,563,0.5,5,0.4
22525,563,0.5,6,0.6
22526,563,0.5,7,0.6
22527,563,0.5,8,0.4
22528,563,0.5,9,0.4
22529,563,0.5,10,0.8
22530,563,0.5,11,0.8
22531,563,0.5,12,0.6
22532,563,0.5,13,0.6
22533,563,0.5,14,0.8
22534,563,0.5,15,0.8
22535,563,0.5,16,0.8
22536,563,0.5,17,1.0
22537,563,0.5,18,0.8
22538,563,0.5,19,0.8
22539,563,0.5,20,0.8
22540,563,0.5,21,0.6
22541,563,0.5,22,0.6
22542,563,0.5,23,0.6
22543,563,0.5,24,0.6
22544,563,0.5,25,0.6
22545,563,0.5,26,0.6
22546,563,0.5,27,0.6
22547,563,0.5,28,0.6
22548,563,0.5,29,0.6
22549,563,0.5,30,0.6
22550,563,0.5,31,0.6
22551,563,0.5,32,0.6
22552,563,0.5,33,0.6
22553,563,0.5,34,0.6
22554,563,0.5,35,0.6
22555,563,0.5,36,0.8
22556,563,0.5,37,0.8
22557,563,0.5,38,0.8
22558,563,0.5,39,0.8
22559,563,0.5,40,0.8
22560,564,0.5,1,0.0
22561,564,0.5,2,0.4
22562,564,0.5,3,0.4
22563,564,0.5,4,0.6
22564,564,0.5,5,0.6
22565,564,0.5,6,0.6
22566,564,0.5,7,0.4
22567,564,0.5,8,0.6
22568,564,0.5,9,0.6
22569,564,0.5,10,0.4
22570,564,0.5,11,0.4
22571,564,0.5,12,0.4
22572,564,0.5,13,0.6
22573,564,0.5,14,0.6
22574,564,0.5,15,1.0
22575,564,0.5,16,1.0
22576,564,0.5,17,1.0
22577,564,0.5,18,1.0
22578,564,0.5,19,1.0
22579,564,0.5,20,1.0
22580,564,0.5,21,1.0
22581,564,0.5,22,1.0
22582,564,0.5,23,1.0
22583,564,0.5,24,1.0
22584,564,0.5,25,1.0
22585,564,0.5,26,1.0
22586,564,0.5,27,1.0
22587,564,0.5,28,1.0
22588,564,0.5,29,1.0
22589,564,0.5,30,1.0
22590,564,0.5,31,1.0
22591,564,0.5,32,1.0
22592,564,0.5,33,1.0
22593,564,0.5,34,1.0
22594,564,0.5,35,1.0
22595,564,0.5,36,1.0
22596,564,0.5,37,1.0
22597,564,0.5,38,1.0
22598,564,0.5,39,1.0
22599,564,0.5,40,1.0
22600,565,0.5,1,1.0
22601,565,0.5,2,1.0
22602,565,0.5,3,1.0
22603,565,0.5,4,0.8
22604,565,0.5,5,0.4
22605,565,0.5,6,0.6
22606,565,0.5,7,0.6
22607,565,0.5,8,0.6
22608,565,0.5,9,0.6
22609,565,0.5,10,0.6
22610,565,0.5,11,0.6
22611,565,0.5,12,0.6
22612,565,0.5,13,0.6
22613,565,0.5,14,0.6
22614,565,0.5,15,0.6
22615,565,0.5,16,0.8
22616,565,0.5,17,0.6
22617,565,0.5,18,0.6
22618,565,0.5,19,0.8
22619,565,0.5,20,0.8
22620,565,0.5,21,0.8
22621,565,0.5,22,0.8
22622,565,0.5,23,0.8
22623,565,0.5,24,0.8
22624,565,0.5,25,0.8
22625,565,0.5,26,1.0
22626,565,0.5,27,1.0
22627,565,0.5,28,0.8
22628,565,0.5,29,0.8
22629,565,0.5,30,0.8
22630,565,0.5,31,1.0
22631,565,0.5,32,1.0
22632,565,0.5,33,1.0
22633,565,0.5,34,1.0
22634,565,0.5,35,1.0
22635,565,0.5,36,1.0
22636,565,0.5,37,1.0
22637,565,0.5,38,1.0
22638,565,0.5,39,1.0
22639,565,0.5,40,1.0
22640,566,0.5,1,0.0
22641,566,0.5,2,0.2
22642,566,0.5,3,0.6
22643,566,0.5,4,0.4
22644,566,0.5,5,0.6
22645,566,0.5,6,0.6
22646,566,0.5,7,0.6
22647,566,0.5,8,0.6
22648,566,0.5,9,0.8
22649,566,0.5,10,0.8
22650,566,0.5,11,0.8
22651,566,0.5,12,0.8
22652,566,0.5,13,0.8
22653,566,0.5,14,0.8
22654,566,0.5,15,0.8
22655,566,0.5,16,0.8
22656,566,0.5,17,0.8
22657,566,0.5,18,0.8
22658,566,0.5,19,0.8
22659,566,0.5,20,0.8
22660,566,0.5,21,0.8
22661,566,0.5,22,0.8
22662,566,0.5,23,0.8
22663,566,0.5,24,0.8
22664,566,0.5,25,0.8
22665,566,0.5,26,0.8
22666,566,0.5,27,0.8
22667,566,0.5,28,0.8
22668,566,0.5,29,0.8
22669,566,0.5,30,0.8
22670,566,0.5,31,0.8
22671,566,0.5,32,0.8
22672,566,0.5,33,0.8
22673,566,0.5,34,0.8
22674,566,0.5,35,0.8
22675,566,0.5,36,0.8
22676,566,0.5,37,1.0
22677,566,0.5,38,1.0
22678,566,0.5,39,1.0
22679,566,0.5,40,1.0
22680,567,0.5,1,1.0
22681,567,0.5,2,1.0
22682,567,0.5,3,1.0
22683,567,0.5,4,1.0
22684,567,0.5,5,0.8
22685,567,0.5,6,0.8
22686,567,0.5,7,0.8
22687,567,0.5,8,0.8
22688,567,0.5,9,0.8
22689,567,0.5,10,0.8
22690,567,0.5,11,0.8
22691,567,0.5,12,0.8
22692,567,0.5,13,0.8
22693,567,0.5,14,0.8
22694,567,0.5,15,0.8
22695,567,0.5,16,0.8
22696,567,0.5,17,0.8
22697,567,0.5,18,0.8
22698,567,0.5,19,0.8
22699,567,0.5,20,0.8
22700,567,0.5,21,0.8
22701,567,0.5,22,1.0
22702,567,0.5,23,1.0
22703,567,0.5,24,1.0
22704,567,0.5,25,1.0
22705,567,0.5,26,1.0
22706,567,0.5,27,1.0
22707,567,0.5,28,1.0
22708,567,0.5,29,1.0
22709,567,0.5,30,1.0
22710,567,0.5,31,1.0
22711,567,0.5,32,1.0
22712,567,0.5,33,1.0
22713,567,0.5,34,1.0
22714,567,0.5,35,1.0
22715,567,0.5,36,1.0
22716,567,0.5,37,1.0
22717,567,0.5,38,1.0
22718,567,0.5,39,1.0
22719,567,0.5,40,1.0
22720,568,0.5,1,0.8
22721,568,0.5,2,0.8
22722,568,0.5,3,0.8
22723,568,0.5,4,1.0
22724,568,0.5,5,0.8
22725,568,0.5,6,0.8
22726,568,0.5,7,0.8
22727,568,0.5,8,0.8
22728,568,0.5,9,0.8
22729,568,0.5,10,0.8
22730,568,0.5,11,0.8
22731,568,0.5,12,0.8
22732,568,0.5,13,0.8
22733,568,0.5,14,0.2
22734,568,0.5,15,0.2
22735,568,0.5,16,0.2
22736,568,0.5,17,0.2
22737,568,0.5,18,0.2
22738,568,0.5,19,0.2
22739,568,0.5,20,0.2
22740,568,0.5,21,0.2
22741,568,0.5,22,0.2
22742,568,0.5,23,0.2
22743,568,0.5,24,0.2
22744,568,0.5,25,0.2
22745,568,0.5,26,0.2
22746,568,0.5,27,0.2
22747,568,0.5,28,0.2
22748,568,0.5,29,0.2
22749,568,0.5,30,0.2
22750,568,0.5,31,0.2
22751,568,0.5,32,0.2
22752,568,0.5,33,0.2
22753,568,0.5,34,0.2
22754,568,0.5,35,0.2
22755,568,0.5,36,0.2
22756,568,0.5,37,0.2
22757,568,0.5,38,0.2
22758,568,0.5,39,0.2
22759,568,0.5,40,0.2
22760,569,0.5,1,0.6
22761,569,0.5,2,0.6
22762,569,0.5,3,0.4
22763,569,0.5,4,0.6
22764,569,0.5,5,0.6
22765,569,0.5,6,0.6
22766,569,0.5,7,0.6
22767,569,0.5,8,0.6
22768,569,0.5,9,0.6
22769,569,0.5,10,0.6
22770,569,0.5,11,0.6
22771,569,0.5,12,0.6
22772,569,0.5,13,0.6
22773,569,0.5,14,0.6
22774,569,0.5,15,0.6
22775,569,0.5,16,0.6
22776,569,0.5,17,1.0
22777,569,0.5,18,1.0
22778,569,0.5,19,1.0
22779,569,0.5,20,1.0
22780,569,0.5,21,1.0
22781,569,0.5,22,1.0
22782,569,0.5,23,1.0
22783,569,0.5,24,1.0
22784,569,0.5,25,1.0
22785,569,0.5,26,1.0
22786,569,0.5,27,1.0
22787,569,0.5,28,1.0
22788,569,0.5,29,1.0
22789,569,0.5,30,1.0
22790,569,0.5,31,1.0
22791,569,0.5,32,1.0
22792,569,0.5,33,1.0
22793,569,0.5,34,1.0
22794,569,0.5,35,1.0
22795,569,0.5,36,1.0
22796,569,0.5,37,1.0
22797,569,0.5,38,1.0
22798,569,0.5,39,1.0
22799,569,0.5,40,1.0
22800,570,0.5,1,0.8
22801,570,0.5,2,0.8
22802,570,0.5,3,0.8
22803,570,0.5,4,0.8
22804,570,0.5,5,0.8
22805,570,0.5,6,0.8
22806,570,0.5,7,0.8
22807,570,0.5,8,0.8
22808,570,0.5,9,0.8
22809,570,0.5,10,0.8
22810,570,0.5,11,0.8
22811,570,0.5,12,0.6
22812,570,0.5,13,0.6
22813,570,0.5,14,0.8
22814,570,0.5,15,0.8
22815,570,0.5,16,0.8
22816,570,0.5,17,0.6
22817,570,0.5,18,0.8
22818,570,0.5,19,0.8
22819,570,0.5,20,0.8
22820,570,0.5,21,0.8
22821,570,0.5,22,0.8
22822,570,0.5,23,1.0
22823,570,0.5,24,1.0
22824,570,0.5,25,1.0
22825,570,0.5,26,0.8
22826,570,0.5,27,0.8
22827,570,0.5,28,0.8
22828,570,0.5,29,1.0
22829,570,0.5,30,0.8
22830,570,0.5,31,0.8
22831,570,0.5,32,0.6
22832,570,0.5,33,0.6
22833,570,0.5,34,0.6
22834,570,0.5,35,0.6
22835,570,0.5,36,0.6
22836,570,0.5,37,0.6
22837,570,0.5,38,0.6
22838,570,0.5,39,0.6
22839,570,0.5,40,0.6
22840,571,0.5,1,0.6
22841,571,0.5,2,0.6
22842,571,0.5,3,0.6
22843,571,0.5,4,0.4
22844,571,0.5,5,0.8
22845,571,0.5,6,0.8
22846,571,0.5,7,1.0
22847,571,0.5,8,0.8
22848,571,0.5,9,0.8
22849,571,0.5,10,0.8
22850,571,0.5,11,0.4
22851,571,0.5,12,0.4
22852,571,0.5,13,0.4
22853,571,0.5,14,0.4
22854,571,0.5,15,0.4
22855,571,0.5,16,0.4
22856,571,0.5,17,0.4
22857,571,0.5,18,0.4
22858,571,0.5,19,0.4
22859,571,0.5,20,0.4
22860,571,0.5,21,0.4
22861,571,0.5,22,0.4
22862,571,0.5,23,0.4
22863,571,0.5,24,0.4
22864,571,0.5,25,0.4
22865,571,0.5,26,0.2
22866,571,0.5,27,0.2
22867,571,0.5,28,0.2
22868,571,0.5,29,0.2
22869,571,0.5,30,0.2
22870,571,0.5,31,0.2
22871,571,0.5,32,0.4
22872,571,0.5,33,0.4
22873,571,0.5,34,0.2
22874,571,0.5,35,0.2
22875,571,0.5,36,0.4
22876,571,0.5,37,0.4
22877,571,0.5,38,0.4
22878,571,0.5,39,0.4
22879,571,0.5,40,0.4
22880,572,0.5,1,0.6
22881,572,0.5,2,0.6
22882,572,0.5,3,0.6
22883,572,0.5,4,0.8
22884,572,0.5,5,0.8
22885,572,0.5,6,1.0
22886,572,0.5,7,0.8
22887,572,0.5,8,1.0
22888,572,0.5,9,1.0
22889,572,0.5,10,1.0
22890,572,0.5,11,1.0
22891,572,0.5,12,1.0
22892,572,0.5,13,1.0
22893,572,0.5,14,1.0
22894,572,0.5,15,1.0
22895,572,0.5,16,1.0
22896,572,0.5,17,1.0
22897,572,0.5,18,1.0
22898,572,0.5,19,0.8
22899,572,0.5,20,1.0
22900,572,0.5,21,1.0
22901,572,0.5,22,1.0
22902,572,0.5,23,0.8
22903,572,0.5,24,1.0
22904,572,0.5,25,1.0
22905,572,0.5,26,1.0
22906,572,0.5,27,1.0
22907,572,0.5,28,1.0
22908,572,0.5,29,1.0
22909,572,0.5,30,1.0
22910,572,0.5,31,1.0
22911,572,0.5,32,0.8
22912,572,0.5,33,0.8
22913,572,0.5,34,0.8
22914,572,0.5,35,0.8
22915,572,0.5,36,0.8
22916,572,0.5,37,0.8
22917,572,0.5,38,0.8
22918,572,0.5,39,0.8
22919,572,0.5,40,0.8
22920,573,0.5,1,0.0
22921,573,0.5,2,0.6
22922,573,0.5,3,0.6
22923,573,0.5,4,0.6
22924,573,0.5,5,0.6
22925,573,0.5,6,0.6
22926,573,0.5,7,0.8
22927,573,0.5,8,0.4
22928,573,0.5,9,0.6
22929,573,0.5,10,0.8
22930,573,0.5,11,0.8
22931,573,0.5,12,0.8
22932,573,0.5,13,0.8
22933,573,0.5,14,0.8
22934,573,0.5,15,0.8
22935,573,0.5,16,0.8
22936,573,0.5,17,0.8
22937,573,0.5,18,0.8
22938,573,0.5,19,0.8
22939,573,0.5,20,0.8
22940,573,0.5,21,0.8
22941,573,0.5,22,0.8
22942,573,0.5,23,0.8
22943,573,0.5,24,0.8
22944,573,0.5,25,0.8
22945,573,0.5,26,0.8
22946,573,0.5,27,0.8
22947,573,0.5,28,0.8
22948,573,0.5,29,0.8
22949,573,0.5,30,0.8
22950,573,0.5,31,0.8
22951,573,0.5,32,0.8
22952,573,0.5,33,0.8
22953,573,0.5,34,0.8
22954,573,0.5,35,0.8
22955,573,0.5,36,0.8
22956,573,0.5,37,0.8
22957,573,0.5,38,0.8
22958,573,0.5,39,0.8
22959,573,0.5,40,1.0
22960,574,0.5,1,1.0
22961,574,0.5,2,1.0
22962,574,0.5,3,1.0
22963,574,0.5,4,0.8
22964,574,0.5,5,1.0
22965,574,0.5,6,1.0
22966,574,0.5,7,1.0
22967,574,0.5,8,1.0
22968,574,0.5,9,1.0
22969,574,0.5,10,1.0
22970,574,0.5,11,1.0
22971,574,0.5,12,1.0
22972,574,0.5,13,1.0
22973,574,0.5,14,1.0
22974,574,0.5,15,1.0
22975,574,0.5,16,1.0
22976,574,0.5,17,1.0
22977,574,0.5,18,1.0
22978,574,0.5,19,1.0
22979,574,0.5,20,0.8
22980,574,0.5,21,0.8
22981,574,0.5,22,1.0
22982,574,0.5,23,1.0
22983,574,0.5,24,1.0
22984,574,0.5,25,1.0
22985,574,0.5,26,1.0
22986,574,0.5,27,1.0
22987,574,0.5,28,1.0
22988,574,0.5,29,1.0
22989,574,0.5,30,1.0
22990,574,0.5,31,1.0
22991,574,0.5,32,1.0
22992,574,0.5,33,1.0
22993,574,0.5,34,1.0
22994,574,0.5,35,1.0
22995,574,0.5,36,1.0
22996,574,0.5,37,1.0
22997,574,0.5,38,1.0
22998,574,0.5,39,1.0
22999,574,0.5,40,1.0
23000,575,0.5,1,0.0
23001,575,0.5,2,0.6
23002,575,0.5,3,0.6
23003,575,0.5,4,0.8
23004,575,0.5,5,0.8
23005,575,0.5,6,0.8
23006,575,0.5,7,0.8
23007,575,0.5,8,0.8
23008,575,0.5,9,0.8
23009,575,0.5,10,0.8
23010,575,0.5,11,0.8
23011,575,0.5,12,0.8
23012,575,0.5,13,0.2
23013,575,0.5,14,0.2
23014,575,0.5,15,0.2
23015,575,0.5,16,0.2
23016,575,0.5,17,0.2
23017,575,0.5,18,0.2
23018,575,0.5,19,0.2
23019,575,0.5,20,0.2
23020,575,0.5,21,0.2
23021,575,0.5,22,0.2
23022,575,0.5,23,0.2
23023,575,0.5,24,0.2
23024,575,0.5,25,0.2
23025,575,0.5,26,0.2
23026,575,0.5,27,0.2
23027,575,0.5,28,0.2
23028,575,0.5,29,0.2
23029,575,0.5,30,0.2
23030,575,0.5,31,0.2
23031,575,0.5,32,0.2
23032,575,0.5,33,0.2
23033,575,0.5,34,0.2
23034,575,0.5,35,0.2
23035,575,0.5,36,0.2
23036,575,0.5,37,0.2
23037,575,0.5,38,0.2
23038,575,0.5,39,0.2
23039,575,0.5,40,0.2
23040,576,0.5,1,1.0
23041,576,0.5,2,1.0
23042,576,0.5,3,1.0
23043,576,0.5,4,1.0
23044,576,0.5,5,1.0
23045,576,0.5,6,1.0
23046,576,0.5,7,1.0
23047,576,0.5,8,1.0
23048,576,0.5,9,1.0
23049,576,0.5,10,1.0
23050,576,0.5,11,1.0
23051,576,0.5,12,1.0
23052,576,0.5,13,1.0
23053,576,0.5,14,1.0
23054,576,0.5,15,1.0
23055,576,0.5,16,1.0
23056,576,0.5,17,0.8
23057,576,0.5,18,0.8
23058,576,0.5,19,0.8
23059,576,0.5,20,0.8
23060,576,0.5,21,0.8
23061,576,0.5,22,0.8
23062,576,0.5,23,1.0
23063,576,0.5,24,1.0
23064,576,0.5,25,1.0
23065,576,0.5,26,1.0
23066,576,0.5,27,1.0
23067,576,0.5,28,1.0
23068,576,0.5,29,1.0
23069,576,0.5,30,1.0
23070,576,0.5,31,1.0
23071,576,0.5,32,1.0
23072,576,0.5,33,0.8
23073,576,0.5,34,0.8
23074,576,0.5,35,0.8
23075,576,0.5,36,0.8
23076,576,0.5,37,0.8
23077,576,0.5,38,0.8
23078,576,0.5,39,0.8
23079,576,0.5,40,0.8
23080,577,0.5,1,0.8
23081,577,0.5,2,0.8
23082,577,0.5,3,0.6
23083,577,0.5,4,0.6
23084,577,0.5,5,0.8
23085,577,0.5,6,0.6
23086,577,0.5,7,0.4
23087,577,0.5,8,0.4
23088,577,0.5,9,0.4
23089,577,0.5,10,0.4
23090,577,0.5,11,0.6
23091,577,0.5,12,0.6
23092,577,0.5,13,0.6
23093,577,0.5,14,0.6
23094,577,0.5,15,0.6
23095,577,0.5,16,0.6
23096,577,0.5,17,0.6
23097,577,0.5,18,0.6
23098,577,0.5,19,0.6
23099,577,0.5,20,0.6
23100,577,0.5,21,0.6
23101,577,0.5,22,0.6
23102,577,0.5,23,0.6
23103,577,0.5,24,0.6
23104,577,0.5,25,0.6
23105,577,0.5,26,0.6
23106,577,0.5,27,0.6
23107,577,0.5,28,0.6
23108,577,0.5,29,0.6
23109,577,0.5,30,0.6
23110,577,0.5,31,0.6
23111,577,0.5,32,0.6
23112,577,0.5,33,0.6
23113,577,0.5,34,0.6
23114,577,0.5,35,0.6
23115,577,0.5,36,0.6
23116,577,0.5,37,0.6
23117,577,0.5,38,0.6
23118,577,0.5,39,0.6
23119,577,0.5,40,0.6
23120,578,0.5,1,0.6
23121,578,0.5,2,0.6
23122,578,0.5,3,0.6
23123,578,0.5,4,0.6
23124,578,0.5,5,0.6
23125,578,0.5,6,0.4
23126,578,0.5,7,0.4
23127,578,0.5,8,0.4
23128,578,0.5,9,0.4
23129,578,0.5,10,0.6
23130,578,0.5,11,0.4
23131,578,0.5,12,0.4
23132,578,0.5,13,0.6
23133,578,0.5,14,0.6
23134,578,0.5,15,0.6
23135,578,0.5,16,0.6
23136,578,0.5,17,0.4
23137,578,0.5,18,0.6
23138,578,0.5,19,0.8
23139,578,0.5,20,1.0
23140,578,0.5,21,1.0
23141,578,0.5,22,1.0
23142,578,0.5,23,1.0
23143,578,0.5,24,1.0
23144,578,0.5,25,1.0
23145,578,0.5,26,1.0
23146,578,0.5,27,0.8
23147,578,0.5,28,1.0
23148,578,0.5,29,1.0
23149,578,0.5,30,1.0
23150,578,0.5,31,1.0
23151,578,0.5,32,1.0
23152,578,0.5,33,1.0
23153,578,0.5,34,1.0
23154,578,0.5,35,1.0
23155,578,0.5,36,1.0
23156,578,0.5,37,1.0
23157,578,0.5,38,1.0
23158,578,0.5,39,1.0
23159,578,0.5,40,1.0
23160,579,0.5,1,0.8
23161,579,0.5,2,0.8
23162,579,0.5,3,0.8
23163,579,0.5,4,0.8
23164,579,0.5,5,0.8
23165,579,0.5,6,0.4
23166,579,0.5,7,0.4
23167,579,0.5,8,0.4
23168,579,0.5,9,0.4
23169,579,0.5,10,0.4
23170,579,0.5,11,0.4
23171,579,0.5,12,0.4
23172,579,0.5,13,0.6
23173,579,0.5,14,0.4
23174,579,0.5,15,0.6
23175,579,0.5,16,0.8
23176,579,0.5,17,0.6
23177,579,0.5,18,0.8
23178,579,0.5,19,0.8
23179,579,0.5,20,0.8
23180,579,0.5,21,0.8
23181,579,0.5,22,0.8
23182,579,0.5,23,0.8
23183,579,0.5,24,0.8
23184,579,0.5,25,0.8
23185,579,0.5,26,0.8
23186,579,0.5,27,0.8
23187,579,0.5,28,0.8
23188,579,0.5,29,0.8
23189,579,0.5,30,0.8
23190,579,0.5,31,0.8
23191,579,0.5,32,0.8
23192,579,0.5,33,0.8
23193,579,0.5,34,0.8
23194,579,0.5,35,0.8
23195,579,0.5,36,0.8
23196,579,0.5,37,0.8
23197,579,0.5,38,0.8
23198,579,0.5,39,0.8
23199,579,0.5,40,0.8
23200,580,0.5,1,0.6
23201,580,0.5,2,0.6
23202,580,0.5,3,0.6
23203,580,0.5,4,0.6
23204,580,0.5,5,0.6
23205,580,0.5,6,0.6
23206,580,0.5,7,0.6
23207,580,0.5,8,0.6
23208,580,0.5,9,0.8
23209,580,0.5,10,0.8
23210,580,0.5,11,0.8
23211,580,0.5,12,0.8
23212,580,0.5,13,0.8
23213,580,0.5,14,0.8
23214,580,0.5,15,0.8
23215,580,0.5,16,0.8
23216,580,0.5,17,0.8
23217,580,0.5,18,0.8
23218,580,0.5,19,1.0
23219,580,0.5,20,1.0
23220,580,0.5,21,0.8
23221,580,0.5,22,1.0
23222,580,0.5,23,1.0
23223,580,0.5,24,1.0
23224,580,0.5,25,1.0
23225,580,0.5,26,1.0
23226,580,0.5,27,1.0
23227,580,0.5,28,1.0
23228,580,0.5,29,1.0
23229,580,0.5,30,1.0
23230,580,0.5,31,1.0
23231,580,0.5,32,0.8
23232,580,0.5,33,1.0
23233,580,0.5,34,1.0
23234,580,0.5,35,0.8
23235,580,0.5,36,0.8
23236,580,0.5,37,1.0
23237,580,0.5,38,1.0
23238,580,0.5,39,1.0
23239,580,0.5,40,0.8
23240,581,0.5,1,0.6
23241,581,0.5,2,0.6
23242,581,0.5,3,0.6
23243,581,0.5,4,0.6
23244,581,0.5,5,0.6
23245,581,0.5,6,0.6
23246,581,0.5,7,0.4
23247,581,0.5,8,0.6
23248,581,0.5,9,0.6
23249,581,0.5,10,0.6
23250,581,0.5,11,0.6
23251,581,0.5,12,0.4
23252,581,0.5,13,0.4
23253,581,0.5,14,0.4
23254,581,0.5,15,0.4
23255,581,0.5,16,0.4
23256,581,0.5,17,0.4
23257,581,0.5,18,0.6
23258,581,0.5,19,0.6
23259,581,0.5,20,0.6
23260,581,0.5,21,0.6
23261,581,0.5,22,0.6
23262,581,0.5,23,0.6
23263,581,0.5,24,0.6
23264,581,0.5,25,0.4
23265,581,0.5,26,0.4
23266,581,0.5,27,0.4
23267,581,0.5,28,0.4
23268,581,0.5,29,0.4
23269,581,0.5,30,0.4
23270,581,0.5,31,0.4
23271,581,0.5,32,0.4
23272,581,0.5,33,0.4
23273,581,0.5,34,0.4
23274,581,0.5,35,0.4
23275,581,0.5,36,0.4
23276,581,0.5,37,0.4
23277,581,0.5,38,0.4
23278,581,0.5,39,0.4
23279,581,0.5,40,0.4
23280,582,0.5,1,0.0
23281,582,0.5,2,0.6
23282,582,0.5,3,0.6
23283,582,0.5,4,0.4
23284,582,0.5,5,0.6
23285,582,0.5,6,0.8
23286,582,0.5,7,0.8
23287,582,0.5,8,0.8
23288,582,0.5,9,0.8
23289,582,0.5,10,0.8
23290,582,0.5,11,0.8
23291,582,0.5,12,0.8
23292,582,0.5,13,0.8
23293,582,0.5,14,0.8
23294,582,0.5,15,0.8
23295,582,0.5,16,0.8
23296,582,0.5,17,0.8
23297,582,0.5,18,0.8
23298,582,0.5,19,0.8
23299,582,0.5,20,1.0
23300,582,0.5,21,1.0
23301,582,0.5,22,1.0
23302,582,0.5,23,1.0
23303,582,0.5,24,1.0
23304,582,0.5,25,1.0
23305,582,0.5,26,1.0
23306,582,0.5,27,1.0
23307,582,0.5,28,1.0
23308,582,0.5,29,1.0
23309,582,0.5,30,0.8
23310,582,0.5,31,0.8
23311,582,0.5,32,0.8
23312,582,0.5,33,1.0
23313,582,0.5,34,0.8
23314,582,0.5,35,0.8
23315,582,0.5,36,0.8
23316,582,0.5,37,1.0
23317,582,0.5,38,1.0
23318,582,0.5,39,1.0
23319,582,0.5,40,1.0
23320,583,0.5,1,1.0
23321,583,0.5,2,0.8
23322,583,0.5,3,0.8
23323,583,0.5,4,0.8
23324,583,0.5,5,1.0
23325,583,0.5,6,1.0
23326,583,0.5,7,1.0
23327,583,0.5,8,1.0
23328,583,0.5,9,1.0
23329,583,0.5,10,1.0
23330,583,0.5,11,1.0
23331,583,0.5,12,1.0
23332,583,0.5,13,1.0
23333,583,0.5,14,1.0
23334,583,0.5,15,0.2
23335,583,0.5,16,1.0
23336,583,0.5,17,1.0
23337,583,0.5,18,1.0
23338,583,0.5,19,1.0
23339,583,0.5,20,1.0
23340,583,0.5,21,1.0
23341,583,0.5,22,1.0
23342,583,0.5,23,1.0
23343,583,0.5,24,1.0
23344,583,0.5,25,1.0
23345,583,0.5,26,0.8
23346,583,0.5,27,0.8
23347,583,0.5,28,0.8
23348,583,0.5,29,0.8
23349,583,0.5,30,0.8
23350,583,0.5,31,0.8
23351,583,0.5,32,0.8
23352,583,0.5,33,0.8
23353,583,0.5,34,0.8
23354,583,0.5,35,0.8
23355,583,0.5,36,0.8
23356,583,0.5,37,0.8
23357,583,0.5,38,1.0
23358,583,0.5,39,1.0
23359,583,0.5,40,1.0
23360,584,0.5,1,0.0
23361,584,0.5,2,0.6
23362,584,0.5,3,0.6
23363,584,0.5,4,0.6
23364,584,0.5,5,0.8
23365,584,0.5,6,0.6
23366,584,0.5,7,0.6
23367,584,0.5,8,0.6
23368,584,0.5,9,1.0
23369,584,0.5,10,0.8
23370,584,0.5,11,1.0
23371,584,0.5,12,1.0
23372,584,0.5,13,1.0
23373,584,0.5,14,1.0
23374,584,0.5,15,1.0
23375,584,0.5,16,1.0
23376,584,0.5,17,1.0
23377,584,0.5,18,1.0
23378,584,0.5,19,1.0
23379,584,0.5,20,0.8
23380,584,0.5,21,0.8
23381,584,0.5,22,0.8
23382,584,0.5,23,0.8
23383,584,0.5,24,0.8
23384,584,0.5,25,0.8
23385,584,0.5,26,0.8
23386,584,0.5,27,0.8
23387,584,0.5,28,0.8
23388,584,0.5,29,0.8
23389,584,0.5,30,0.8
23390,584,0.5,31,0.8
23391,584,0.5,32,0.8
23392,584,0.5,33,0.8
23393,584,0.5,34,0.8
23394,584,0.5,35,0.8
23395,584,0.5,36,0.8
23396,584,0.5,37,0.8
23397,584,0.5,38,0.8
23398,584,0.5,39,0.8
23399,584,0.5,40,0.8
23400,585,0.5,1,1.0
23401,585,0.5,2,1.0
23402,585,0.5,3,1.0
23403,585,0.5,4,0.8
23404,585,0.5,5,1.0
23405,585,0.5,6,1.0
23406,585,0.5,7,0.8
23407,585,0.5,8,0.8
23408,585,0.5,9,0.8
23409,585,0.5,10,0.8
23410,585,0.5,11,1.0
23411,585,0.5,12,1.0
23412,585,0.5,13,1.0
23413,585,0.5,14,1.0
23414,585,0.5,15,1.0
23415,585,0.5,16,1.0
23416,585,0.5,17,1.0
23417,585,0.5,18,1.0
23418,585,0.5,19,0.8
23419,585,0.5,20,0.8
23420,585,0.5,21,1.0
23421,585,0.5,22,1.0
23422,585,0.5,23,1.0
23423,585,0.5,24,0.8
23424,585,0.5,25,0.8
23425,585,0.5,26,0.8
23426,585,0.5,27,0.8
23427,585,0.5,28,1.0
23428,585,0.5,29,0.8
23429,585,0.5,30,0.8
23430,585,0.5,31,0.8
23431,585,0.5,32,0.8
23432,585,0.5,33,0.8
23433,585,0.5,34,0.8
23434,585,0.5,35,0.8
23435,585,0.5,36,0.8
23436,585,0.5,37,0.8
23437,585,0.5,38,1.0
23438,585,0.5,39,0.8
23439,585,0.5,40,1.0
23440,586,0.5,1,0.8
23441,586,0.5,2,0.8
23442,586,0.5,3,1.0
23443,586,0.5,4,1.0
23444,586,0.5,5,1.0
23445,586,0.5,6,1.0
23446,586,0.5,7,1.0
23447,586,0.5,8,0.8
23448,586,0.5,9,0.8
23449,586,0.5,10,0.8
23450,586,0.5,11,1.0
23451,586,0.5,12,1.0
23452,586,0.5,13,1.0
23453,586,0.5,14,1.0
23454,586,0.5,15,1.0
23455,586,0.5,16,1.0
23456,586,0.5,17,1.0
23457,586,0.5,18,1.0
23458,586,0.5,19,1.0
23459,586,0.5,20,1.0
23460,586,0.5,21,1.0
23461,586,0.5,22,1.0
23462,586,0.5,23,1.0
23463,586,0.5,24,1.0
23464,586,0.5,25,0.8
23465,586,0.5,26,0.8
23466,586,0.5,27,0.8
23467,586,0.5,28,0.8
23468,586,0.5,29,0.8
23469,586,0.5,30,0.8
23470,586,0.5,31,0.8
23471,586,0.5,32,0.8
23472,586,0.5,33,0.4
23473,586,0.5,34,0.4
23474,586,0.5,35,0.4
23475,586,0.5,36,0.4
23476,586,0.5,37,0.4
23477,586,0.5,38,0.6
23478,586,0.5,39,0.4
23479,586,0.5,40,0.4
23480,587,0.5,1,0.2
23481,587,0.5,2,0.2
23482,587,0.5,3,0.2
23483,587,0.5,4,0.2
23484,587,0.5,5,0.2
23485,587,0.5,6,0.2
23486,587,0.5,7,0.4
23487,587,0.5,8,0.4
23488,587,0.5,9,0.4
23489,587,0.5,10,0.4
23490,587,0.5,11,0.4
23491,587,0.5,12,0.4
23492,587,0.5,13,0.4
23493,587,0.5,14,0.4
23494,587,0.5,15,0.4
23495,587,0.5,16,0.4
23496,587,0.5,17,0.4
23497,587,0.5,18,0.4
23498,587,0.5,19,0.4
23499,587,0.5,20,0.4
23500,587,0.5,21,0.4
23501,587,0.5,22,0.4
23502,587,0.5,23,0.4
23503,587,0.5,24,0.4
23504,587,0.5,25,0.4
23505,587,0.5,26,0.4
23506,587,0.5,27,0.4
23507,587,0.5,28,0.4
23508,587,0.5,29,0.4
23509,587,0.5,30,0.4
23510,587,0.5,31,0.4
23511,587,0.5,32,0.4
23512,587,0.5,33,0.4
23513,587,0.5,34,0.4
23514,587,0.5,35,0.4
23515,587,0.5,36,0.4
23516,587,0.5,37,0.4
23517,587,0.5,38,0.4
23518,587,0.5,39,0.4
23519,587,0.5,40,0.4
23520,588,0.5,1,0.8
23521,588,0.5,2,0.8
23522,588,0.5,3,0.8
23523,588,0.5,4,0.6
23524,588,0.5,5,0.8
23525,588,0.5,6,0.8
23526,588,0.5,7,0.8
23527,588,0.5,8,0.8
23528,588,0.5,9,0.8
23529,588,0.5,10,0.8
23530,588,0.5,11,1.0
23531,588,0.5,12,1.0
23532,588,0.5,13,0.8
23533,588,0.5,14,0.8
23534,588,0.5,15,0.8
23535,588,0.5,16,0.8
23536,588,0.5,17,0.8
23537,588,0.5,18,0.8
23538,588,0.5,19,0.8
23539,588,0.5,20,0.8
23540,588,0.5,21,0.8
23541,588,0.5,22,0.6
23542,588,0.5,23,0.6
23543,588,0.5,24,0.6
23544,588,0.5,25,0.6
23545,588,0.5,26,0.6
23546,588,0.5,27,0.8
23547,588,0.5,28,0.8
23548,588,0.5,29,0.6
23549,588,0.5,30,0.6
23550,588,0.5,31,0.6
23551,588,0.5,32,0.6
23552,588,0.5,33,0.6
23553,588,0.5,34,0.6
23554,588,0.5,35,0.8
23555,588,0.5,36,0.8
23556,588,0.5,37,0.8
23557,588,0.5,38,0.6
23558,588,0.5,39,0.6
23559,588,0.5,40,0.8
23560,589,0.5,1,0.6
23561,589,0.5,2,0.4
23562,589,0.5,3,0.4
23563,589,0.5,4,0.4
23564,589,0.5,5,0.2
23565,589,0.5,6,0.8
23566,589,0.5,7,0.6
23567,589,0.5,8,0.4
23568,589,0.5,9,0.8
23569,589,0.5,10,0.8
23570,589,0.5,11,0.8
23571,589,0.5,12,0.8
23572,589,0.5,13,0.8
23573,589,0.5,14,0.8
23574,589,0.5,15,0.8
23575,589,0.5,16,0.8
23576,589,0.5,17,0.8
23577,589,0.5,18,0.8
23578,589,0.5,19,0.8
23579,589,0.5,20,0.8
23580,589,0.5,21,0.8
23581,589,0.5,22,1.0
23582,589,0.5,23,0.8
23583,589,0.5,24,0.8
23584,589,0.5,25,0.8
23585,589,0.5,26,0.8
23586,589,0.5,27,0.8
23587,589,0.5,28,0.8
23588,589,0.5,29,0.8
23589,589,0.5,30,0.8
23590,589,0.5,31,0.8
23591,589,0.5,32,0.8
23592,589,0.5,33,0.8
23593,589,0.5,34,0.8
23594,589,0.5,35,0.8
23595,589,0.5,36,0.8
23596,589,0.5,37,0.8
23597,589,0.5,38,0.8
23598,589,0.5,39,0.8
23599,589,0.5,40,0.8
23600,590,0.5,1,0.6
23601,590,0.5,2,0.6
23602,590,0.5,3,0.8
23603,590,0.5,4,0.8
23604,590,0.5,5,0.8
23605,590,0.5,6,0.8
23606,590,0.5,7,0.6
23607,590,0.5,8,0.6
23608,590,0.5,9,0.6
23609,590,0.5,10,0.6
23610,590,0.5,11,0.6
23611,590,0.5,12,0.6
23612,590,0.5,13,0.6
23613,590,0.5,14,0.6
23614,590,0.5,15,0.8
23615,590,0.5,16,0.4
23616,590,0.5,17,0.4
23617,590,0.5,18,0.8
23618,590,0.5,19,0.4
23619,590,0.5,20,0.6
23620,590,0.5,21,0.6
23621,590,0.5,22,0.6
23622,590,0.5,23,0.6
23623,590,0.5,24,0.6
23624,590,0.5,25,0.8
23625,590,0.5,26,0.8
23626,590,0.5,27,0.8
23627,590,0.5,28,0.6
23628,590,0.5,29,0.8
23629,590,0.5,30,0.8
23630,590,0.5,31,0.6
23631,590,0.5,32,0.8
23632,590,0.5,33,0.6
23633,590,0.5,34,0.6
23634,590,0.5,35,0.6
23635,590,0.5,36,0.6
23636,590,0.5,37,0.8
23637,590,0.5,38,0.8
23638,590,0.5,39,0.8
23639,590,0.5,40,0.8
23640,591,0.5,1,0.0
23641,591,0.5,2,0.4
23642,591,0.5,3,0.4
23643,591,0.5,4,0.6
23644,591,0.5,5,0.8
23645,591,0.5,6,0.8
23646,591,0.5,7,0.8
23647,591,0.5,8,0.8
23648,591,0.5,9,0.8
23649,591,0.5,10,0.8
23650,591,0.5,11,0.8
23651,591,0.5,12,0.8
23652,591,0.5,13,1.0
23653,591,0.5,14,0.8
23654,591,0.5,15,1.0
23655,591,0.5,16,1.0
23656,591,0.5,17,1.0
23657,591,0.5,18,1.0
23658,591,0.5,19,1.0
23659,591,0.5,20,1.0
23660,591,0.5,21,1.0
23661,591,0.5,22,1.0
23662,591,0.5,23,1.0
23663,591,0.5,24,1.0
23664,591,0.5,25,1.0
23665,591,0.5,26,1.0
23666,591,0.5,27,1.0
23667,591,0.5,28,1.0
23668,591,0.5,29,1.0
23669,591,0.5,30,0.8
23670,591,0.5,31,0.8
23671,591,0.5,32,0.8
23672,591,0.5,33,0.8
23673,591,0.5,34,0.8
23674,591,0.5,35,0.8
23675,591,0.5,36,0.8
23676,591,0.5,37,0.8
23677,591,0.5,38,0.8
23678,591,0.5,39,0.8
23679,591,0.5,40,0.8
23680,592,0.5,1,1.0
23681,592,0.5,2,1.0
23682,592,0.5,3,1.0
23683,592,0.5,4,1.0
23684,592,0.5,5,1.0
23685,592,0.5,6,1.0
23686,592,0.5,7,1.0
23687,592,0.5,8,1.0
23688,592,0.5,9,0.6
23689,592,0.5,10,0.8
23690,592,0.5,11,0.8
23691,592,0.5,12,0.6
23692,592,0.5,13,0.8
23693,592,0.5,14,0.8
23694,592,0.5,15,0.8
23695,592,0.5,16,0.8
23696,592,0.5,17,0.8
23697,592,0.5,18,0.8
23698,592,0.5,19,0.8
23699,592,0.5,20,0.8
23700,592,0.5,21,0.8
23701,592,0.5,22,0.8
23702,592,0.5,23,0.6
23703,592,0.5,24,0.6
23704,592,0.5,25,0.6
23705,592,0.5,26,0.6
23706,592,0.5,27,0.6
23707,592,0.5,28,1.0
23708,592,0.5,29,1.0
23709,592,0.5,30,1.0
23710,592,0.5,31,1.0
23711,592,0.5,32,1.0
23712,592,0.5,33,1.0
23713,592,0.5,34,1.0
23714,592,0.5,35,1.0
23715,592,0.5,36,1.0
23716,592,0.5,37,1.0
23717,592,0.5,38,1.0
23718,592,0.5,39,1.0
23719,592,0.5,40,1.0
23720,593,0.5,1,0.0
23721,593,0.5,2,0.2
23722,593,0.5,3,0.6
23723,593,0.5,4,0.8
23724,593,0.5,5,0.8
23725,593,0.5,6,0.8
23726,593,0.5,7,0.8
23727,593,0.5,8,0.8
23728,593,0.5,9,0.4
23729,593,0.5,10,0.4
23730,593,0.5,11,0.4
23731,593,0.5,12,0.4
23732,593,0.5,13,0.4
23733,593,0.5,14,0.4
23734,593,0.5,15,0.4
23735,593,0.5,16,0.4
23736,593,0.5,17,0.4
23737,593,0.5,18,0.4
23738,593,0.5,19,0.4
23739,593,0.5,20,0.4
23740,593,0.5,21,0.4
23741,593,0.5,22,0.4
23742,593,0.5,23,0.4
23743,593,0.5,24,0.4
23744,593,0.5,25,0.4
23745,593,0.5,26,0.4
23746,593,0.5,27,0.4
23747,593,0.5,28,0.4
23748,593,0.5,29,0.4
23749,593,0.5,30,0.6
23750,593,0.5,31,0.6
23751,593,0.5,32,0.6
23752,593,0.5,33,0.6
23753,593,0.5,34,0.6
23754,593,0.5,35,0.6
23755,593,0.5,36,0.6
23756,593,0.5,37,0.6
23757,593,0.5,38,0.6
23758,593,0.5,39,0.6
23759,593,0.5,40,0.6
23760,594,0.5,1,1.0
23761,594,0.5,2,1.0
23762,594,0.5,3,1.0
23763,594,0.5,4,0.4
23764,594,0.5,5,0.4
23765,594,0.5,6,0.4
23766,594,0.5,7,0.4
23767,594,0.5,8,0.4
23768,594,0.5,9,0.4
23769,594,0.5,10,0.4
23770,594,0.5,11,0.4
23771,594,0.5,12,0.4
23772,594,0.5,13,0.4
23773,594,0.5,14,0.4
23774,594,0.5,15,0.4
23775,594,0.5,16,0.4
23776,594,0.5,17,0.4
23777,594,0.5,18,0.4
23778,594,0.5,19,0.4
23779,594,0.5,20,0.4
23780,594,0.5,21,0.4
23781,594,0.5,22,0.4
23782,594,0.5,23,0.4
23783,594,0.5,24,0.4
23784,594,0.5,25,0.4
23785,594,0.5,26,0.4
23786,594,0.5,27,0.4
23787,594,0.5,28,0.4
23788,594,0.5,29,0.4
23789,594,0.5,30,0.4
23790,594,0.5,31,0.4
23791,594,0.5,32,0.4
23792,594,0.5,33,0.4
23793,594,0.5,34,0.4
23794,594,0.5,35,0.4
23795,594,0.5,36,0.4
23796,594,0.5,37,0.4
23797,594,0.5,38,0.4
23798,594,0.5,39,0.4
23799,594,0.5,40,0.4
23800,595,0.5,1,0.8
23801,595,0.5,2,0.8
23802,595,0.5,3,0.8
23803,595,0.5,4,0.8
23804,595,0.5,5,0.8
23805,595,0.5,6,0.8
23806,595,0.5,7,0.8
23807,595,0.5,8,0.8
23808,595,0.5,9,0.8
23809,595,0.5,10,0.8
23810,595,0.5,11,0.6
23811,595,0.5,12,1.0
23812,595,0.5,13,1.0
23813,595,0.5,14,0.8
23814,595,0.5,15,0.8
23815,595,0.5,16,0.8
23816,595,0.5,17,0.8
23817,595,0.5,18,0.8
23818,595,0.5,19,1.0
23819,595,0.5,20,0.8
23820,595,0.5,21,1.0
23821,595,0.5,22,1.0
23822,595,0.5,23,0.8
23823,595,0.5,24,0.8
23824,595,0.5,25,1.0
23825,595,0.5,26,1.0
23826,595,0.5,27,1.0
23827,595,0.5,28,1.0
23828,595,0.5,29,1.0
23829,595,0.5,30,1.0
23830,595,0.5,31,1.0
23831,595,0.5,32,1.0
23832,595,0.5,33,1.0
23833,595,0.5,34,1.0
23834,595,0.5,35,0.8
23835,595,0.5,36,1.0
23836,595,0.5,37,1.0
23837,595,0.5,38,1.0
23838,595,0.5,39,1.0
23839,595,0.5,40,1.0
23840,596,0.5,1,0.6
23841,596,0.5,2,0.6
23842,596,0.5,3,0.8
23843,596,0.5,4,0.8
23844,596,0.5,5,0.8
23845,596,0.5,6,0.8
23846,596,0.5,7,0.8
23847,596,0.5,8,0.8
23848,596,0.5,9,0.8
23849,596,0.5,10,1.0
23850,596,0.5,11,1.0
23851,596,0.5,12,1.0
23852,596,0.5,13,1.0
23853,596,0.5,14,1.0
23854,596,0.5,15,1.0
23855,596,0.5,16,1.0
23856,596,0.5,17,1.0
23857,596,0.5,18,0.8
23858,596,0.5,19,0.8
23859,596,0.5,20,0.8
23860,596,0.5,21,0.8
23861,596,0.5,22,1.0
23862,596,0.5,23,0.8
23863,596,0.5,24,1.0
23864,596,0.5,25,0.8
23865,596,0.5,26,0.8
23866,596,0.5,27,0.8
23867,596,0.5,28,1.0
23868,596,0.5,29,1.0
23869,596,0.5,30,1.0
23870,596,0.5,31,1.0
23871,596,0.5,32,1.0
23872,596,0.5,33,1.0
23873,596,0.5,34,1.0
23874,596,0.5,35,1.0
23875,596,0.5,36,1.0
23876,596,0.5,37,1.0
23877,596,0.5,38,0.8
23878,596,0.5,39,0.6
23879,596,0.5,40,0.8
23880,597,0.5,1,0.8
23881,597,0.5,2,0.8
23882,597,0.5,3,0.8
23883,597,0.5,4,0.8
23884,597,0.5,5,0.8
23885,597,0.5,6,0.6
23886,597,0.5,7,0.8
23887,597,0.5,8,0.6
23888,597,0.5,9,0.6
23889,597,0.5,10,0.6
23890,597,0.5,11,0.6
23891,597,0.5,12,0.8
23892,597,0.5,13,0.6
23893,597,0.5,14,0.8
23894,597,0.5,15,0.6
23895,597,0.5,16,0.6
23896,597,0.5,17,0.8
23897,597,0.5,18,0.8
23898,597,0.5,19,0.4
23899,597,0.5,20,0.6
23900,597,0.5,21,0.6
23901,597,0.5,22,0.6
23902,597,0.5,23,0.6
23903,597,0.5,24,0.6
23904,597,0.5,25,0.8
23905,597,0.5,26,0.6
23906,597,0.5,27,0.6
23907,597,0.5,28,0.6
23908,597,0.5,29,0.6
23909,597,0.5,30,0.6
23910,597,0.5,31,0.6
23911,597,0.5,32,0.6
23912,597,0.5,33,0.6
23913,597,0.5,34,0.6
23914,597,0.5,35,0.6
23915,597,0.5,36,0.6
23916,597,0.5,37,0.6
23917,597,0.5,38,0.6
23918,597,0.5,39,0.6
23919,597,0.5,40,0.6
23920,598,0.5,1,0.6
23921,598,0.5,2,0.6
23922,598,0.5,3,0.8
23923,598,0.5,4,0.8
23924,598,0.5,5,0.4
23925,598,0.5,6,0.4
23926,598,0.5,7,0.4
23927,598,0.5,8,0.6
23928,598,0.5,9,0.6
23929,598,0.5,10,0.6
23930,598,0.5,11,0.4
23931,598,0.5,12,0.6
23932,598,0.5,13,0.6
23933,598,0.5,14,0.6
23934,598,0.5,15,0.6
23935,598,0.5,16,1.0
23936,598,0.5,17,1.0
23937,598,0.5,18,1.0
23938,598,0.5,19,1.0
23939,598,0.5,20,0.8
23940,598,0.5,21,0.8
23941,598,0.5,22,0.8
23942,598,0.5,23,0.8
23943,598,0.5,24,0.8
23944,598,0.5,25,0.8
23945,598,0.5,26,0.8
23946,598,0.5,27,0.8
23947,598,0.5,28,0.8
23948,598,0.5,29,0.8
23949,598,0.5,30,0.8
23950,598,0.5,31,0.8
23951,598,0.5,32,0.8
23952,598,0.5,33,0.8
23953,598,0.5,34,0.8
23954,598,0.5,35,0.8
23955,598,0.5,36,0.8
23956,598,0.5,37,0.8
23957,598,0.5,38,0.8
23958,598,0.5,39,0.8
23959,598,0.5,40,0.8
23960,599,0.5,1,0.6
23961,599,0.5,2,0.6
23962,599,0.5,3,0.6
23963,599,0.5,4,0.8
23964,599,0.5,5,1.0
23965,599,0.5,6,1.0
23966,599,0.5,7,1.0
23967,599,0.5,8,0.6
23968,599,0.5,9,0.6
23969,599,0.5,10,0.6
23970,599,0.5,11,0.6
23971,599,0.5,12,0.6
23972,599,0.5,13,0.6
23973,599,0.5,14,0.6
23974,599,0.5,15,0.6
23975,599,0.5,16,0.6
23976,599,0.5,17,0.6
23977,599,0.5,18,0.6
23978,599,0.5,19,0.6
23979,599,0.5,20,0.6
23980,599,0.5,21,0.6
23981,599,0.5,22,0.6
23982,599,0.5,23,0.6
23983,599,0.5,24,0.6
23984,599,0.5,25,0.6
23985,599,0.5,26,0.6
23986,599,0.5,27,0.6
23987,599,0.5,28,0.6
23988,599,0.5,29,0.6
23989,599,0.5,30,0.6
23990,599,0.5,31,0.6
23991,599,0.5,32,0.6
23992,599,0.5,33,0.6
23993,599,0.5,34,0.6
23994,599,0.5,35,0.6
23995,599,0.5,36,0.6
23996,599,0.5,37,0.6
23997,599,0.5,38,0.6
23998,599,0.5,39,0.6
23999,599,0.5,40,0.6
24000,600,0.5,1,0.0
24001,600,0.5,2,0.6
24002,600,0.5,3,0.6
24003,600,0.5,4,0.8
24004,600,0.5,5,0.8
24005,600,0.5,6,0.8
24006,600,0.5,7,0.8
24007,600,0.5,8,0.8
24008,600,0.5,9,0.8
24009,600,0.5,10,0.8
24010,600,0.5,11,0.8
24011,600,0.5,12,0.8
24012,600,0.5,13,0.8
24013,600,0.5,14,0.8
24014,600,0.5,15,0.8
24015,600,0.5,16,1.0
24016,600,0.5,17,1.0
24017,600,0.5,18,1.0
24018,600,0.5,19,1.0
24019,600,0.5,20,1.0
24020,600,0.5,21,1.0
24021,600,0.5,22,1.0
24022,600,0.5,23,1.0
24023,600,0.5,24,1.0
24024,600,0.5,25,1.0
24025,600,0.5,26,1.0
24026,600,0.5,27,1.0
24027,600,0.5,28,1.0
24028,600,0.5,29,1.0
24029,600,0.5,30,1.0
24030,600,0.5,31,1.0
24031,600,0.5,32,1.0
24032,600,0.5,33,1.0
24033,600,0.5,34,1.0
24034,600,0.5,35,0.8
24035,600,0.5,36,0.8
24036,600,0.5,37,0.8
24037,600,0.5,38,0.8
24038,600,0.5,39,0.8
24039,600,0.5,40,0.8
24040,601,0.5,1,1.0
24041,601,0.5,2,1.0
24042,601,0.5,3,0.8
24043,601,0.5,4,0.6
24044,601,0.5,5,1.0
24045,601,0.5,6,0.8
24046,601,0.5,7,0.8
24047,601,0.5,8,0.8
24048,601,0.5,9,0.8
24049,601,0.5,10,0.6
24050,601,0.5,11,0.2
24051,601,0.5,12,0.2
24052,601,0.5,13,0.2
24053,601,0.5,14,0.4
24054,601,0.5,15,0.4
24055,601,0.5,16,0.2
24056,601,0.5,17,0.2
24057,601,0.5,18,0.2
24058,601,0.5,19,0.2
24059,601,0.5,20,0.4
24060,601,0.5,21,0.4
24061,601,0.5,22,0.2
24062,601,0.5,23,0.2
24063,601,0.5,24,0.4
24064,601,0.5,25,0.4
24065,601,0.5,26,0.4
24066,601,0.5,27,0.4
24067,601,0.5,28,0.4
24068,601,0.5,29,0.2
24069,601,0.5,30,0.2
24070,601,0.5,31,0.4
24071,601,0.5,32,0.4
24072,601,0.5,33,0.4
24073,601,0.5,34,0.4
24074,601,0.5,35,0.4
24075,601,0.5,36,0.4
24076,601,0.5,37,0.4
24077,601,0.5,38,0.2
24078,601,0.5,39,0.4
24079,601,0.5,40,0.2
24080,602,0.5,1,0.0
24081,602,0.5,2,0.2
24082,602,0.5,3,0.6
24083,602,0.5,4,0.6
24084,602,0.5,5,0.6
24085,602,0.5,6,0.6
24086,602,0.5,7,0.6
24087,602,0.5,8,0.6
24088,602,0.5,9,0.6
24089,602,0.5,10,0.6
24090,602,0.5,11,0.6
24091,602,0.5,12,0.6
24092,602,0.5,13,0.6
24093,602,0.5,14,0.6
24094,602,0.5,15,0.6
24095,602,0.5,16,0.6
24096,602,0.5,17,0.6
24097,602,0.5,18,0.6
24098,602,0.5,19,0.6
24099,602,0.5,20,0.6
24100,602,0.5,21,0.6
24101,602,0.5,22,0.6
24102,602,0.5,23,0.6
24103,602,0.5,24,0.6
24104,602,0.5,25,0.6
24105,602,0.5,26,0.6
24106,602,0.5,27,0.6
24107,602,0.5,28,0.6
24108,602,0.5,29,0.6
24109,602,0.5,30,0.8
24110,602,0.5,31,0.8
24111,602,0.5,32,0.8
24112,602,0.5,33,0.8
24113,602,0.5,34,0.8
24114,602,0.5,35,0.8
24115,602,0.5,36,0.8
24116,602,0.5,37,0.8
24117,602,0.5,38,0.8
24118,602,0.5,39,0.8
24119,602,0.5,40,0.8
24120,603,0.5,1,1.0
24121,603,0.5,2,1.0
24122,603,0.5,3,1.0
24123,603,0.5,4,1.0
24124,603,0.5,5,0.8
24125,603,0.5,6,0.8
24126,603,0.5,7,1.0
24127,603,0.5,8,1.0
24128,603,0.5,9,1.0
24129,603,0.5,10,1.0
24130,603,0.5,11,1.0
24131,603,0.5,12,1.0
24132,603,0.5,13,1.0
24133,603,0.5,14,0.6
24134,603,0.5,15,1.0
24135,603,0.5,16,0.8
24136,603,0.5,17,0.8
24137,603,0.5,18,0.8
24138,603,0.5,19,0.8
24139,603,0.5,20,0.8
24140,603,0.5,21,0.8
24141,603,0.5,22,0.8
24142,603,0.5,23,0.8
24143,603,0.5,24,0.8
24144,603,0.5,25,0.8
24145,603,0.5,26,0.6
24146,603,0.5,27,0.6
24147,603,0.5,28,0.6
24148,603,0.5,29,0.6
24149,603,0.5,30,0.6
24150,603,0.5,31,0.6
24151,603,0.5,32,0.6
24152,603,0.5,33,0.6
24153,603,0.5,34,0.6
24154,603,0.5,35,0.8
24155,603,0.5,36,0.8
24156,603,0.5,37,1.0
24157,603,0.5,38,1.0
24158,603,0.5,39,1.0
24159,603,0.5,40,1.0
24160,604,0.5,1,0.8
24161,604,0.5,2,0.8
24162,604,0.5,3,0.6
24163,604,0.5,4,0.6
24164,604,0.5,5,0.6
24165,604,0.5,6,0.6
24166,604,0.5,7,0.8
24167,604,0.5,8,0.4
24168,604,0.5,9,0.6
24169,604,0.5,10,0.4
24170,604,0.5,11,0.4
24171,604,0.5,12,0.8
24172,604,0.5,13,0.8
24173,604,0.5,14,0.8
24174,604,0.5,15,0.8
24175,604,0.5,16,0.8
24176,604,0.5,17,0.8
24177,604,0.5,18,0.8
24178,604,0.5,19,0.6
24179,604,0.5,20,0.6
24180,604,0.5,21,0.8
24181,604,0.5,22,0.8
24182,604,0.5,23,0.8
24183,604,0.5,24,0.8
24184,604,0.5,25,0.8
24185,604,0.5,26,0.8
24186,604,0.5,27,0.8
24187,604,0.5,28,0.8
24188,604,0.5,29,0.8
24189,604,0.5,30,0.8
24190,604,0.5,31,0.8
24191,604,0.5,32,0.8
24192,604,0.5,33,0.8
24193,604,0.5,34,0.8
24194,604,0.5,35,0.8
24195,604,0.5,36,0.8
24196,604,0.5,37,0.8
24197,604,0.5,38,0.8
24198,604,0.5,39,0.8
24199,604,0.5,40,0.8
24200,605,0.5,1,0.6
24201,605,0.5,2,0.6
24202,605,0.5,3,0.4
24203,605,0.5,4,0.4
24204,605,0.5,5,0.4
24205,605,0.5,6,0.4
24206,605,0.5,7,0.6
24207,605,0.5,8,0.6
24208,605,0.5,9,0.8
24209,605,0.5,10,0.6
24210,605,0.5,11,0.6
24211,605,0.5,12,0.6
24212,605,0.5,13,0.6
24213,605,0.5,14,0.6
24214,605,0.5,15,0.4
24215,605,0.5,16,0.6
24216,605,0.5,17,0.6
24217,605,0.5,18,0.8
24218,605,0.5,19,0.8
24219,605,0.5,20,0.8
24220,605,0.5,21,0.6
24221,605,0.5,22,0.6
24222,605,0.5,23,0.6
24223,605,0.5,24,0.6
24224,605,0.5,25,0.6
24225,605,0.5,26,0.6
24226,605,0.5,27,0.6
24227,605,0.5,28,0.6
24228,605,0.5,29,0.8
24229,605,0.5,30,0.8
24230,605,0.5,31,0.8
24231,605,0.5,32,0.2
24232,605,0.5,33,0.2
24233,605,0.5,34,0.2
24234,605,0.5,35,0.2
24235,605,0.5,36,0.2
24236,605,0.5,37,0.2
24237,605,0.5,38,0.2
24238,605,0.5,39,0.2
24239,605,0.5,40,0.2
24240,606,0.5,1,0.8
24241,606,0.5,2,0.8
24242,606,0.5,3,1.0
24243,606,0.5,4,0.8
24244,606,0.5,5,0.8
24245,606,0.5,6,0.8
24246,606,0.5,7,0.8
24247,606,0.5,8,0.8
24248,606,0.5,9,1.0
24249,606,0.5,10,1.0
24250,606,0.5,11,1.0
24251,606,0.5,12,1.0
24252,606,0.5,13,0.8
24253,606,0.5,14,0.8
24254,606,0.5,15,0.8
24255,606,0.5,16,0.8
24256,606,0.5,17,0.8
24257,606,0.5,18,0.8
24258,606,0.5,19,0.8
24259,606,0.5,20,0.8
24260,606,0.5,21,0.8
24261,606,0.5,22,0.8
24262,606,0.5,23,0.8
24263,606,0.5,24,1.0
24264,606,0.5,25,1.0
24265,606,0.5,26,1.0
24266,606,0.5,27,1.0
24267,606,0.5,28,1.0
24268,606,0.5,29,1.0
24269,606,0.5,30,1.0
24270,606,0.5,31,1.0
24271,606,0.5,32,1.0
24272,606,0.5,33,1.0
24273,606,0.5,34,1.0
24274,606,0.5,35,1.0
24275,606,0.5,36,1.0
24276,606,0.5,37,1.0
24277,606,0.5,38,1.0
24278,606,0.5,39,1.0
24279,606,0.5,40,1.0
24280,607,0.5,1,0.0
24281,607,0.5,2,0.4
24282,607,0.5,3,0.4
24283,607,0.5,4,0.4
24284,607,0.5,5,0.4
24285,607,0.5,6,0.4
24286,607,0.5,7,0.4
24287,607,0.5,8,0.4
24288,607,0.5,9,0.4
24289,607,0.5,10,0.4
24290,607,0.5,11,0.4
24291,607,0.5,12,0.4
24292,607,0.5,13,0.4
24293,607,0.5,14,0.4
24294,607,0.5,15,0.4
24295,607,0.5,16,0.4
24296,607,0.5,17,0.4
24297,607,0.5,18,0.4
24298,607,0.5,19,0.4
24299,607,0.5,20,0.4
24300,607,0.5,21,0.4
24301,607,0.5,22,0.4
24302,607,0.5,23,0.4
24303,607,0.5,24,0.4
24304,607,0.5,25,0.4
24305,607,0.5,26,0.4
24306,607,0.5,27,0.4
24307,607,0.5,28,0.4
24308,607,0.5,29,0.4
24309,607,0.5,30,0.4
24310,607,0.5,31,0.4
24311,607,0.5,32,0.4
24312,607,0.5,33,0.4
24313,607,0.5,34,0.4
24314,607,0.5,35,0.4
24315,607,0.5,36,0.4
24316,607,0.5,37,0.4
24317,607,0.5,38,0.4
24318,607,0.5,39,0.4
24319,607,0.5,40,0.4
24320,608,0.5,1,0.6
24321,608,0.5,2,0.6
24322,608,0.5,3,0.6
24323,608,0.5,4,0.6
24324,608,0.5,5,0.6
24325,608,0.5,6,0.8
24326,608,0.5,7,0.8
24327,608,0.5,8,0.8
24328,608,0.5,9,0.8
24329,608,0.5,10,0.8
24330,608,0.5,11,0.6
24331,608,0.5,12,0.6
24332,608,0.5,13,0.6
24333,608,0.5,14,0.6
24334,608,0.5,15,0.6
24335,608,0.5,16,0.6
24336,608,0.5,17,0.8
24337,608,0.5,18,0.8
24338,608,0.5,19,0.8
24339,608,0.5,20,0.8
24340,608,0.5,21,0.8
24341,608,0.5,22,0.8
24342,608,0.5,23,0.8
24343,608,0.5,24,0.6
24344,608,0.5,25,0.6
24345,608,0.5,26,0.6
24346,608,0.5,27,0.8
24347,608,0.5,28,0.8
24348,608,0.5,29,0.8
24349,608,0.5,30,0.8
24350,608,0.5,31,0.8
24351,608,0.5,32,0.8
24352,608,0.5,33,0.8
24353,608,0.5,34,0.8
24354,608,0.5,35,0.8
24355,608,0.5,36,0.8
24356,608,0.5,37,0.8
24357,608,0.5,38,0.8
24358,608,0.5,39,0.8
24359,608,0.5,40,0.8
24360,609,0.5,1,0.0
24361,609,0.5,2,0.8
24362,609,0.5,3,0.8
24363,609,0.5,4,0.8
24364,609,0.5,5,0.8
24365,609,0.5,6,0.8
24366,609,0.5,7,0.8
24367,609,0.5,8,0.8
24368,609,0.5,9,0.8
24369,609,0.5,10,0.8
24370,609,0.5,11,0.8
24371,609,0.5,12,0.6
24372,609,0.5,13,0.6
24373,609,0.5,14,0.6
24374,609,0.5,15,0.6
24375,609,0.5,16,0.6
24376,609,0.5,17,0.6
24377,609,0.5,18,0.6
24378,609,0.5,19,0.6
24379,609,0.5,20,0.8
24380,609,0.5,21,0.6
24381,609,0.5,22,0.6
24382,609,0.5,23,0.6
24383,609,0.5,24,0.8
24384,609,0.5,25,0.8
24385,609,0.5,26,0.8
24386,609,0.5,27,0.8
24387,609,0.5,28,0.8
24388,609,0.5,29,0.8
24389,609,0.5,30,0.8
24390,609,0.5,31,0.8
24391,609,0.5,32,0.8
24392,609,0.5,33,0.8
24393,609,0.5,34,0.6
24394,609,0.5,35,0.6
24395,609,0.5,36,0.6
24396,609,0.5,37,0.8
24397,609,0.5,38,0.8
24398,609,0.5,39,0.8
24399,609,0.5,40,0.8
24400,610,0.5,1,1.0
24401,610,0.5,2,1.0
24402,610,0.5,3,1.0
24403,610,0.5,4,1.0
24404,610,0.5,5,1.0
24405,610,0.5,6,1.0
24406,610,0.5,7,1.0
24407,610,0.5,8,0.8
24408,610,0.5,9,1.0
24409,610,0.5,10,1.0
24410,610,0.5,11,1.0
24411,610,0.5,12,1.0
24412,610,0.5,13,1.0
24413,610,0.5,14,0.2
24414,610,0.5,15,0.2
24415,610,0.5,16,0.2
24416,610,0.5,17,0.2
24417,610,0.5,18,0.2
24418,610,0.5,19,0.2
24419,610,0.5,20,0.2
24420,610,0.5,21,0.2
24421,610,0.5,22,0.2
24422,610,0.5,23,0.2
24423,610,0.5,24,0.2
24424,610,0.5,25,0.8
24425,610,0.5,26,0.8
24426,610,0.5,27,0.8
24427,610,0.5,28,0.8
24428,610,0.5,29,0.8
24429,610,0.5,30,0.8
24430,610,0.5,31,0.8
24431,610,0.5,32,0.8
24432,610,0.5,33,0.8
24433,610,0.5,34,0.8
24434,610,0.5,35,0.8
24435,610,0.5,36,0.8
24436,610,0.5,37,0.8
24437,610,0.5,38,0.8
24438,610,0.5,39,0.8
24439,610,0.5,40,0.8
24440,611,0.5,1,0.0
24441,611,0.5,2,0.2
24442,611,0.5,3,0.2
24443,611,0.5,4,0.2
24444,611,0.5,5,0.6
24445,611,0.5,6,0.4
24446,611,0.5,7,0.6
24447,611,0.5,8,0.6
24448,611,0.5,9,0.6
24449,611,0.5,10,0.6
24450,611,0.5,11,0.8
24451,611,0.5,12,0.8
24452,611,0.5,13,0.8
24453,611,0.5,14,0.8
24454,611,0.5,15,0.8
24455,611,0.5,16,0.8
24456,611,0.5,17,0.8
24457,611,0.5,18,0.8
24458,611,0.5,19,0.8
24459,611,0.5,20,0.8
24460,611,0.5,21,1.0
24461,611,0.5,22,1.0
24462,611,0.5,23,1.0
24463,611,0.5,24,0.8
24464,611,0.5,25,0.8
24465,611,0.5,26,0.8
24466,611,0.5,27,0.8
24467,611,0.5,28,0.8
24468,611,0.5,29,0.8
24469,611,0.5,30,0.8
24470,611,0.5,31,0.8
24471,611,0.5,32,0.8
24472,611,0.5,33,0.8
24473,611,0.5,34,0.8
24474,611,0.5,35,0.8
24475,611,0.5,36,0.8
24476,611,0.5,37,0.8
24477,611,0.5,38,0.8
24478,611,0.5,39,0.8
24479,611,0.5,40,0.8
24480,612,0.5,1,1.0
24481,612,0.5,2,1.0
24482,612,0.5,3,1.0
24483,612,0.5,4,1.0
24484,612,0.5,5,1.0
24485,612,0.5,6,1.0
24486,612,0.5,7,1.0
24487,612,0.5,8,0.6
24488,612,0.5,9,0.6
24489,612,0.5,10,0.6
24490,612,0.5,11,0.6
24491,612,0.5,12,0.6
24492,612,0.5,13,0.6
24493,612,0.5,14,0.6
24494,612,0.5,15,0.6
24495,612,0.5,16,0.6
24496,612,0.5,17,0.6
24497,612,0.5,18,0.6
24498,612,0.5,19,0.6
24499,612,0.5,20,0.6
24500,612,0.5,21,0.6
24501,612,0.5,22,0.6
24502,612,0.5,23,0.6
24503,612,0.5,24,0.6
24504,612,0.5,25,0.6
24505,612,0.5,26,0.6
24506,612,0.5,27,0.6
24507,612,0.5,28,0.6
24508,612,0.5,29,0.6
24509,612,0.5,30,0.6
24510,612,0.5,31,0.6
24511,612,0.5,32,0.6
24512,612,0.5,33,0.6
24513,612,0.5,34,0.6
24514,612,0.5,35,0.6
24515,612,0.5,36,0.6
24516,612,0.5,37,0.6
24517,612,0.5,38,0.6
24518,612,0.5,39,0.6
24519,612,0.5,40,0.6
24520,613,0.5,1,0.8
24521,613,0.5,2,0.4
24522,613,0.5,3,0.6
24523,613,0.5,4,0.6
24524,613,0.5,5,0.6
24525,613,0.5,6,0.6
24526,613,0.5,7,0.6
24527,613,0.5,8,0.6
24528,613,0.5,9,0.6
24529,613,0.5,10,0.6
24530,613,0.5,11,0.6
24531,613,0.5,12,0.6
24532,613,0.5,13,0.6
24533,613,0.5,14,0.6
24534,613,0.5,15,0.6
24535,613,0.5,16,0.6
24536,613,0.5,17,0.6
24537,613,0.5,18,0.6
24538,613,0.5,19,0.6
24539,613,0.5,20,0.6
24540,613,0.5,21,0.6
24541,613,0.5,22,0.6
24542,613,0.5,23,0.6
24543,613,0.5,24,0.6
24544,613,0.5,25,0.6
24545,613,0.5,26,0.6
24546,613,0.5,27,0.6
24547,613,0.5,28,0.6
24548,613,0.5,29,0.6
24549,613,0.5,30,0.6
24550,613,0.5,31,0.6
24551,613,0.5,32,0.6
24552,613,0.5,33,0.6
24553,613,0.5,34,0.6
24554,613,0.5,35,0.6
24555,613,0.5,36,0.6
24556,613,0.5,37,0.6
24557,613,0.5,38,0.6
24558,613,0.5,39,0.6
24559,613,0.5,40,0.6
24560,614,0.5,1,0.6
24561,614,0.5,2,0.6
24562,614,0.5,3,0.6
24563,614,0.5,4,0.4
24564,614,0.5,5,0.4
24565,614,0.5,6,0.4
24566,614,0.5,7,0.8
24567,614,0.5,8,0.8
24568,614,0.5,9,0.6
24569,614,0.5,10,0.6
24570,614,0.5,11,0.4
24571,614,0.5,12,0.4
24572,614,0.5,13,0.4
24573,614,0.5,14,0.4
24574,614,0.5,15,0.4
24575,614,0.5,16,0.4
24576,614,0.5,17,0.4
24577,614,0.5,18,0.4
24578,614,0.5,19,0.4
24579,614,0.5,20,0.4
24580,614,0.5,21,0.4
24581,614,0.5,22,0.4
24582,614,0.5,23,0.4
24583,614,0.5,24,0.4
24584,614,0.5,25,0.4
24585,614,0.5,26,0.4
24586,614,0.5,27,0.4
24587,614,0.5,28,0.4
24588,614,0.5,29,0.4
24589,614,0.5,30,0.4
24590,614,0.5,31,0.4
24591,614,0.5,32,0.4
24592,614,0.5,33,0.4
24593,614,0.5,34,0.4
24594,614,0.5,35,0.4
24595,614,0.5,36,0.4
24596,614,0.5,37,0.4
24597,614,0.5,38,0.4
24598,614,0.5,39,0.4
24599,614,0.5,40,0.4
24600,615,0.5,1,0.8
24601,615,0.5,2,0.8
24602,615,0.5,3,0.8
24603,615,0.5,4,0.8
24604,615,0.5,5,0.8
24605,615,0.5,6,0.8
24606,615,0.5,7,0.8
24607,615,0.5,8,0.8
24608,615,0.5,9,0.8
24609,615,0.5,10,0.8
24610,615,0.5,11,0.8
24611,615,0.5,12,1.0
24612,615,0.5,13,0.8
24613,615,0.5,14,0.8
24614,615,0.5,15,1.0
24615,615,0.5,16,0.8
24616,615,0.5,17,0.8
24617,615,0.5,18,0.8
24618,615,0.5,19,0.8
24619,615,0.5,20,0.8
24620,615,0.5,21,1.0
24621,615,0.5,22,1.0
24622,615,0.5,23,1.0
24623,615,0.5,24,1.0
24624,615,0.5,25,1.0
24625,615,0.5,26,1.0
24626,615,0.5,27,1.0
24627,615,0.5,28,1.0
24628,615,0.5,29,1.0
24629,615,0.5,30,1.0
24630,615,0.5,31,1.0
24631,615,0.5,32,1.0
24632,615,0.5,33,1.0
24633,615,0.5,34,1.0
24634,615,0.5,35,1.0
24635,615,0.5,36,1.0
24636,615,0.5,37,1.0
24637,615,0.5,38,1.0
24638,615,0.5,39,1.0
24639,615,0.5,40,1.0
24640,616,0.5,1,0.6
24641,616,0.5,2,0.2
24642,616,0.5,3,0.4
24643,616,0.5,4,0.4
24644,616,0.5,5,0.2
24645,616,0.5,6,0.4
24646,616,0.5,7,0.4
24647,616,0.5,8,0.4
24648,616,0.5,9,0.6
24649,616,0.5,10,0.4
24650,616,0.5,11,0.6
24651,616,0.5,12,0.6
24652,616,0.5,13,0.6
24653,616,0.5,14,0.6
24654,616,0.5,15,0.6
24655,616,0.5,16,0.6
24656,616,0.5,17,0.6
24657,616,0.5,18,0.6
24658,616,0.5,19,0.6
24659,616,0.5,20,0.6
24660,616,0.5,21,0.6
24661,616,0.5,22,0.6
24662,616,0.5,23,0.6
24663,616,0.5,24,0.6
24664,616,0.5,25,0.6
24665,616,0.5,26,0.6
24666,616,0.5,27,0.6
24667,616,0.5,28,0.6
24668,616,0.5,29,0.6
24669,616,0.5,30,0.6
24670,616,0.5,31,0.6
24671,616,0.5,32,0.6
24672,616,0.5,33,0.6
24673,616,0.5,34,0.6
24674,616,0.5,35,0.6
24675,616,0.5,36,0.6
24676,616,0.5,37,0.6
24677,616,0.5,38,0.6
24678,616,0.5,39,0.6
24679,616,0.5,40,0.6
24680,617,0.5,1,0.6
24681,617,0.5,2,0.6
24682,617,0.5,3,0.6
24683,617,0.5,4,0.6
24684,617,0.5,5,0.8
24685,617,0.5,6,0.6
24686,617,0.5,7,0.6
24687,617,0.5,8,0.6
24688,617,0.5,9,0.6
24689,617,0.5,10,0.6
24690,617,0.5,11,0.8
24691,617,0.5,12,0.8
24692,617,0.5,13,0.6
24693,617,0.5,14,0.8
24694,617,0.5,15,0.8
24695,617,0.5,16,1.0
24696,617,0.5,17,0.8
24697,617,0.5,18,0.8
24698,617,0.5,19,0.8
24699,617,0.5,20,0.8
24700,617,0.5,21,0.8
24701,617,0.5,22,0.8
24702,617,0.5,23,0.8
24703,617,0.5,24,0.8
24704,617,0.5,25,0.6
24705,617,0.5,26,0.6
24706,617,0.5,27,0.6
24707,617,0.5,28,0.8
24708,617,0.5,29,0.8
24709,617,0.5,30,0.8
24710,617,0.5,31,0.8
24711,617,0.5,32,0.8
24712,617,0.5,33,0.8
24713,617,0.5,34,0.8
24714,617,0.5,35,0.8
24715,617,0.5,36,0.8
24716,617,0.5,37,0.8
24717,617,0.5,38,0.8
24718,617,0.5,39,0.8
24719,617,0.5,40,0.6
24720,618,0.5,1,0.0
24721,618,0.5,2,0.8
24722,618,0.5,3,0.8
24723,618,0.5,4,0.8
24724,618,0.5,5,0.8
24725,618,0.5,6,0.8
24726,618,0.5,7,0.8
24727,618,0.5,8,0.8
24728,618,0.5,9,0.8
24729,618,0.5,10,0.8
24730,618,0.5,11,0.8
24731,618,0.5,12,0.8
24732,618,0.5,13,0.8
24733,618,0.5,14,0.8
24734,618,0.5,15,0.8
24735,618,0.5,16,0.8
24736,618,0.5,17,0.8
24737,618,0.5,18,0.8
24738,618,0.5,19,0.8
24739,618,0.5,20,0.8
24740,618,0.5,21,0.8
24741,618,0.5,22,0.8
24742,618,0.5,23,0.8
24743,618,0.5,24,0.8
24744,618,0.5,25,1.0
24745,618,0.5,26,1.0
24746,618,0.5,27,1.0
24747,618,0.5,28,1.0
24748,618,0.5,29,1.0
24749,618,0.5,30,1.0
24750,618,0.5,31,1.0
24751,618,0.5,32,1.0
24752,618,0.5,33,1.0
24753,618,0.5,34,1.0
24754,618,0.5,35,1.0
24755,618,0.5,36,1.0
24756,618,0.5,37,1.0
24757,618,0.5,38,1.0
24758,618,0.5,39,1.0
24759,618,0.5,40,1.0
24760,619,0.5,1,1.0
24761,619,0.5,2,1.0
24762,619,0.5,3,1.0
24763,619,0.5,4,1.0
24764,619,0.5,5,0.6
24765,619,0.5,6,0.8
24766,619,0.5,7,0.8
24767,619,0.5,8,0.8
24768,619,0.5,9,0.8
24769,619,0.5,10,0.8
24770,619,0.5,11,1.0
24771,619,0.5,12,1.0
24772,619,0.5,13,1.0
24773,619,0.5,14,1.0
24774,619,0.5,15,1.0
24775,619,0.5,16,1.0
24776,619,0.5,17,1.0
24777,619,0.5,18,0.8
24778,619,0.5,19,0.8
24779,619,0.5,20,0.8
24780,619,0.5,21,0.8
24781,619,0.5,22,0.6
24782,619,0.5,23,0.8
24783,619,0.5,24,0.8
24784,619,0.5,25,0.8
24785,619,0.5,26,0.8
24786,619,0.5,27,0.8
24787,619,0.5,28,0.8
24788,619,0.5,29,0.8
24789,619,0.5,30,0.8
24790,619,0.5,31,0.8
24791,619,0.5,32,0.8
24792,619,0.5,33,0.8
24793,619,0.5,34,0.8
24794,619,0.5,35,0.8
24795,619,0.5,36,0.8
24796,619,0.5,37,0.8
24797,619,0.5,38,0.8
24798,619,0.5,39,0.8
24799,619,0.5,40,0.8
24800,620,0.5,1,0.0
24801,620,0.5,2,0.6
24802,620,0.5,3,0.6
24803,620,0.5,4,0.6
24804,620,0.5,5,0.6
24805,620,0.5,6,0.6
24806,620,0.5,7,0.6
24807,620,0.5,8,0.6
24808,620,0.5,9,0.6
24809,620,0.5,10,0.2
24810,620,0.5,11,0.2
24811,620,0.5,12,0.2
24812,620,0.5,13,0.2
24813,620,0.5,14,0.2
24814,620,0.5,15,0.6
24815,620,0.5,16,0.6
24816,620,0.5,17,0.6
24817,620,0.5,18,0.6
24818,620,0.5,19,0.6
24819,620,0.5,20,0.6
24820,620,0.5,21,0.6
24821,620,0.5,22,0.6
24822,620,0.5,23,0.6
24823,620,0.5,24,0.6
24824,620,0.5,25,0.6
24825,620,0.5,26,0.6
24826,620,0.5,27,0.4
24827,620,0.5,28,0.6
24828,620,0.5,29,0.6
24829,620,0.5,30,0.6
24830,620,0.5,31,0.6
24831,620,0.5,32,0.4
24832,620,0.5,33,0.6
24833,620,0.5,34,0.6
24834,620,0.5,35,0.6
24835,620,0.5,36,0.4
24836,620,0.5,37,0.6
24837,620,0.5,38,0.4
24838,620,0.5,39,0.4
24839,620,0.5,40,0.4
24840,621,0.5,1,1.0
24841,621,0.5,2,1.0
24842,621,0.5,3,1.0
24843,621,0.5,4,0.6
24844,621,0.5,5,0.6
24845,621,0.5,6,0.6
24846,621,0.5,7,0.6
24847,621,0.5,8,0.6
24848,621,0.5,9,0.6
24849,621,0.5,10,0.6
24850,621,0.5,11,0.6
24851,621,0.5,12,0.6
24852,621,0.5,13,0.6
24853,621,0.5,14,0.6
24854,621,0.5,15,0.6
24855,621,0.5,16,0.6
24856,621,0.5,17,0.6
24857,621,0.5,18,0.6
24858,621,0.5,19,0.6
24859,621,0.5,20,0.6
24860,621,0.5,21,0.6
24861,621,0.5,22,0.6
24862,621,0.5,23,0.6
24863,621,0.5,24,0.6
24864,621,0.5,25,0.6
24865,621,0.5,26,0.6
24866,621,0.5,27,0.6
24867,621,0.5,28,0.6
24868,621,0.5,29,1.0
24869,621,0.5,30,1.0
24870,621,0.5,31,1.0
24871,621,0.5,32,1.0
24872,621,0.5,33,1.0
24873,621,0.5,34,1.0
24874,621,0.5,35,1.0
24875,621,0.5,36,1.0
24876,621,0.5,37,1.0
24877,621,0.5,38,1.0
24878,621,0.5,39,1.0
24879,621,0.5,40,1.0
24880,622,0.5,1,0.8
24881,622,0.5,2,1.0
24882,622,0.5,3,0.4
24883,622,0.5,4,0.6
24884,622,0.5,5,0.8
24885,622,0.5,6,0.8
24886,622,0.5,7,0.6
24887,622,0.5,8,0.6
24888,622,0.5,9,0.8
24889,622,0.5,10,0.6
24890,622,0.5,11,0.6
24891,622,0.5,12,0.6
24892,622,0.5,13,0.8
24893,622,0.5,14,0.8
24894,622,0.5,15,0.8
24895,622,0.5,16,0.4
24896,622,0.5,17,0.8
24897,622,0.5,18,0.8
24898,622,0.5,19,0.8
24899,622,0.5,20,0.8
24900,622,0.5,21,0.8
24901,622,0.5,22,0.8
24902,622,0.5,23,0.8
24903,622,0.5,24,0.8
24904,622,0.5,25,0.8
24905,622,0.5,26,0.6
24906,622,0.5,27,0.6
24907,622,0.5,28,0.6
24908,622,0.5,29,0.8
24909,622,0.5,30,0.6
24910,622,0.5,31,0.6
24911,622,0.5,32,0.8
24912,622,0.5,33,1.0
24913,622,0.5,34,1.0
24914,622,0.5,35,1.0
24915,622,0.5,36,1.0
24916,622,0.5,37,1.0
24917,622,0.5,38,1.0
24918,622,0.5,39,1.0
24919,622,0.5,40,1.0
24920,623,0.5,1,0.6
24921,623,0.5,2,0.6
24922,623,0.5,3,0.6
24923,623,0.5,4,0.6
24924,623,0.5,5,0.6
24925,623,0.5,6,0.6
24926,623,0.5,7,0.6
24927,623,0.5,8,0.6
24928,623,0.5,9,0.6
24929,623,0.5,10,0.6
24930,623,0.5,11,0.8
24931,623,0.5,12,0.8
24932,623,0.5,13,0.8
24933,623,0.5,14,0.8
24934,623,0.5,15,0.8
24935,623,0.5,16,0.8
24936,623,0.5,17,0.8
24937,623,0.5,18,0.8
24938,623,0.5,19,0.8
24939,623,0.5,20,0.8
24940,623,0.5,21,0.8
24941,623,0.5,22,0.8
24942,623,0.5,23,0.8
24943,623,0.5,24,0.8
24944,623,0.5,25,0.8
24945,623,0.5,26,0.8
24946,623,0.5,27,0.6
24947,623,0.5,28,0.6
24948,623,0.5,29,0.6
24949,623,0.5,30,0.8
24950,623,0.5,31,0.8
24951,623,0.5,32,0.8
24952,623,0.5,33,0.8
24953,623,0.5,34,0.8
24954,623,0.5,35,0.8
24955,623,0.5,36,0.8
24956,623,0.5,37,0.8
24957,623,0.5,38,0.6
24958,623,0.5,39,0.6
24959,623,0.5,40,0.6
24960,624,0.5,1,0.8
24961,624,0.5,2,0.4
24962,624,0.5,3,0.6
24963,624,0.5,4,0.4
24964,624,0.5,5,0.4
24965,624,0.5,6,0.4
24966,624,0.5,7,0.4
24967,624,0.5,8,0.4
24968,624,0.5,9,0.4
24969,624,0.5,10,0.4
24970,624,0.5,11,0.6
24971,624,0.5,12,0.6
24972,624,0.5,13,0.6
24973,624,0.5,14,0.6
24974,624,0.5,15,0.6
24975,624,0.5,16,0.6
24976,624,0.5,17,0.6
24977,624,0.5,18,0.6
24978,624,0.5,19,0.6
24979,624,0.5,20,0.6
24980,624,0.5,21,0.6
24981,624,0.5,22,0.6
24982,624,0.5,23,0.6
24983,624,0.5,24,0.8
24984,624,0.5,25,0.8
24985,624,0.5,26,0.8
24986,624,0.5,27,0.8
24987,624,0.5,28,0.8
24988,624,0.5,29,0.8
24989,624,0.5,30,0.8
24990,624,0.5,31,0.8
24991,624,0.5,32,0.8
24992,624,0.5,33,0.8
24993,624,0.5,34,0.8
24994,624,0.5,35,0.8
24995,624,0.5,36,0.8
24996,624,0.5,37,0.8
24997,624,0.5,38,0.8
24998,624,0.5,39,0.8
24999,624,0.5,40,0.8
25000,625,0.5,1,0.6
25001,625,0.5,2,0.6
25002,625,0.5,3,0.4
25003,625,0.5,4,0.6
25004,625,0.5,5,0.8
25005,625,0.5,6,0.4
25006,625,0.5,7,0.4
25007,625,0.5,8,0.6
25008,625,0.5,9,0.6
25009,625,0.5,10,1.0
25010,625,0.5,11,0.8
25011,625,0.5,12,1.0
25012,625,0.5,13,1.0
25013,625,0.5,14,1.0
25014,625,0.5,15,1.0
25015,625,0.5,16,1.0
25016,625,0.5,17,1.0
25017,625,0.5,18,1.0
25018,625,0.5,19,1.0
25019,625,0.5,20,1.0
25020,625,0.5,21,1.0
25021,625,0.5,22,1.0
25022,625,0.5,23,0.8
25023,625,0.5,24,0.8
25024,625,0.5,25,0.8
25025,625,0.5,26,0.8
25026,625,0.5,27,0.8
25027,625,0.5,28,0.8
25028,625,0.5,29,0.8
25029,625,0.5,30,0.8
25030,625,0.5,31,0.8
25031,625,0.5,32,0.8
25032,625,0.5,33,0.8
25033,625,0.5,34,0.8
25034,625,0.5,35,0.8
25035,625,0.5,36,0.8
25036,625,0.5,37,0.8
25037,625,0.5,38,0.8
25038,625,0.5,39,0.8
25039,625,0.5,40,0.8
25040,626,0.5,1,0.4
25041,626,0.5,2,0.4
25042,626,0.5,3,0.2
25043,626,0.5,4,0.2
25044,626,0.5,5,0.2
25045,626,0.5,6,0.4
25046,626,0.5,7,0.4
25047,626,0.5,8,0.4
25048,626,0.5,9,0.4
25049,626,0.5,10,0.4
25050,626,0.5,11,0.4
25051,626,0.5,12,0.4
25052,626,0.5,13,0.4
25053,626,0.5,14,0.4
25054,626,0.5,15,0.4
25055,626,0.5,16,0.4
25056,626,0.5,17,0.4
25057,626,0.5,18,0.4
25058,626,0.5,19,0.4
25059,626,0.5,20,0.4
25060,626,0.5,21,0.4
25061,626,0.5,22,0.4
25062,626,0.5,23,0.4
25063,626,0.5,24,0.4
25064,626,0.5,25,0.4
25065,626,0.5,26,0.4
25066,626,0.5,27,0.4
25067,626,0.5,28,0.4
25068,626,0.5,29,0.4
25069,626,0.5,30,0.4
25070,626,0.5,31,0.4
25071,626,0.5,32,0.4
25072,626,0.5,33,0.4
25073,626,0.5,34,0.4
25074,626,0.5,35,0.4
25075,626,0.5,36,0.4
25076,626,0.5,37,0.4
25077,626,0.5,38,0.4
25078,626,0.5,39,0.4
25079,626,0.5,40,0.4
25080,627,0.5,1,0.0
25081,627,0.5,2,0.4
25082,627,0.5,3,0.4
25083,627,0.5,4,0.4
25084,627,0.5,5,0.6
25085,627,0.5,6,0.4
25086,627,0.5,7,0.6
25087,627,0.5,8,0.6
25088,627,0.5,9,0.4
25089,627,0.5,10,0.4
25090,627,0.5,11,0.6
25091,627,0.5,12,0.8
25092,627,0.5,13,0.4
25093,627,0.5,14,0.6
25094,627,0.5,15,0.6
25095,627,0.5,16,0.6
25096,627,0.5,17,0.4
25097,627,0.5,18,0.6
25098,627,0.5,19,0.8
25099,627,0.5,20,1.0
25100,627,0.5,21,1.0
25101,627,0.5,22,1.0
25102,627,0.5,23,1.0
25103,627,0.5,24,1.0
25104,627,0.5,25,1.0
25105,627,0.5,26,1.0
25106,627,0.5,27,1.0
25107,627,0.5,28,1.0
25108,627,0.5,29,1.0
25109,627,0.5,30,1.0
25110,627,0.5,31,0.8
25111,627,0.5,32,0.8
25112,627,0.5,33,0.8
25113,627,0.5,34,0.8
25114,627,0.5,35,0.8
25115,627,0.5,36,0.8
25116,627,0.5,37,0.8
25117,627,0.5,38,0.8
25118,627,0.5,39,0.8
25119,627,0.5,40,0.8
25120,628,0.5,1,1.0
25121,628,0.5,2,1.0
25122,628,0.5,3,1.0
25123,628,0.5,4,1.0
25124,628,0.5,5,1.0
25125,628,0.5,6,0.8
25126,628,0.5,7,1.0
25127,628,0.5,8,0.8
25128,628,0.5,9,1.0
25129,628,0.5,10,1.0
25130,628,0.5,11,1.0
25131,628,0.5,12,1.0
25132,628,0.5,13,1.0
25133,628,0.5,14,0.8
25134,628,0.5,15,0.8
25135,628,0.5,16,0.8
25136,628,0.5,17,1.0
25137,628,0.5,18,1.0
25138,628,0.5,19,1.0
25139,628,0.5,20,1.0
25140,628,0.5,21,1.0
25141,628,0.5,22,1.0
25142,628,0.5,23,1.0
25143,628,0.5,24,1.0
25144,628,0.5,25,1.0
25145,628,0.5,26,1.0
25146,628,0.5,27,1.0
25147,628,0.5,28,1.0
25148,628,0.5,29,1.0
25149,628,0.5,30,1.0
25150,628,0.5,31,1.0
25151,628,0.5,32,1.0
25152,628,0.5,33,1.0
25153,628,0.5,34,1.0
25154,628,0.5,35,1.0
25155,628,0.5,36,1.0
25156,628,0.5,37,1.0
25157,628,0.5,38,1.0
25158,628,0.5,39,1.0
25159,628,0.5,40,1.0
25160,629,0.5,1,0.0
25161,629,0.5,2,0.8
25162,629,0.5,3,0.8
25163,629,0.5,4,0.8
25164,629,0.5,5,0.8
25165,629,0.5,6,0.8
25166,629,0.5,7,0.8
25167,629,0.5,8,0.8
25168,629,0.5,9,0.8
25169,629,0.5,10,0.8
25170,629,0.5,11,0.8
25171,629,0.5,12,0.8
25172,629,0.5,13,0.8
25173,629,0.5,14,0.8
25174,629,0.5,15,0.8
25175,629,0.5,16,0.8
25176,629,0.5,17,0.8
25177,629,0.5,18,0.8
25178,629,0.5,19,0.8
25179,629,0.5,20,0.8
25180,629,0.5,21,0.8
25181,629,0.5,22,0.8
25182,629,0.5,23,0.8
25183,629,0.5,24,0.8
25184,629,0.5,25,0.8
25185,629,0.5,26,0.8
25186,629,0.5,27,0.8
25187,629,0.5,28,0.8
25188,629,0.5,29,0.8
25189,629,0.5,30,0.8
25190,629,0.5,31,0.8
25191,629,0.5,32,0.8
25192,629,0.5,33,0.8
25193,629,0.5,34,0.8
25194,629,0.5,35,0.8
25195,629,0.5,36,0.8
25196,629,0.5,37,0.8
25197,629,0.5,38,0.8
25198,629,0.5,39,0.8
25199,629,0.5,40,0.8
25200,630,0.5,1,1.0
25201,630,0.5,2,1.0
25202,630,0.5,3,1.0
25203,630,0.5,4,1.0
25204,630,0.5,5,1.0
25205,630,0.5,6,1.0
25206,630,0.5,7,1.0
25207,630,0.5,8,0.8
25208,630,0.5,9,1.0
25209,630,0.5,10,1.0
25210,630,0.5,11,1.0
25211,630,0.5,12,1.0
25212,630,0.5,13,1.0
25213,630,0.5,14,1.0
25214,630,0.5,15,1.0
25215,630,0.5,16,1.0
25216,630,0.5,17,1.0
25217,630,0.5,18,1.0
25218,630,0.5,19,1.0
25219,630,0.5,20,1.0
25220,630,0.5,21,1.0
25221,630,0.5,22,1.0
25222,630,0.5,23,1.0
25223,630,0.5,24,1.0
25224,630,0.5,25,1.0
25225,630,0.5,26,1.0
25226,630,0.5,27,1.0
25227,630,0.5,28,1.0
25228,630,0.5,29,1.0
25229,630,0.5,30,1.0
25230,630,0.5,31,1.0
25231,630,0.5,32,1.0
25232,630,0.5,33,0.8
25233,630,0.5,34,0.8
25234,630,0.5,35,0.8
25235,630,0.5,36,0.8
25236,630,0.5,37,0.8
25237,630,0.5,38,0.8
25238,630,0.5,39,0.8
25239,630,0.5,40,0.8
25240,631,0.5,1,0.8
25241,631,0.5,2,0.6
25242,631,0.5,3,0.6
25243,631,0.5,4,0.6
25244,631,0.5,5,0.6
25245,631,0.5,6,0.4
25246,631,0.5,7,0.4
25247,631,0.5,8,0.6
25248,631,0.5,9,0.6
25249,631,0.5,10,0.6
25250,631,0.5,11,0.4
25251,631,0.5,12,0.6
25252,631,0.5,13,0.4
25253,631,0.5,14,0.4
25254,631,0.5,15,0.4
25255,631,0.5,16,0.6
25256,631,0.5,17,0.6
25257,631,0.5,18,0.6
25258,631,0.5,19,0.6
25259,631,0.5,20,0.6
25260,631,0.5,21,0.6
25261,631,0.5,22,0.6
25262,631,0.5,23,0.6
25263,631,0.5,24,0.4
25264,631,0.5,25,0.4
25265,631,0.5,26,0.4
25266,631,0.5,27,0.4
25267,631,0.5,28,0.4
25268,631,0.5,29,0.4
25269,631,0.5,30,0.4
25270,631,0.5,31,0.4
25271,631,0.5,32,0.4
25272,631,0.5,33,0.4
25273,631,0.5,34,0.4
25274,631,0.5,35,0.4
25275,631,0.5,36,0.4
25276,631,0.5,37,0.4
25277,631,0.5,38,0.4
25278,631,0.5,39,0.4
25279,631,0.5,40,0.4
25280,632,0.5,1,0.6
25281,632,0.5,2,0.2
25282,632,0.5,3,0.8
25283,632,0.5,4,0.4
25284,632,0.5,5,0.6
25285,632,0.5,6,0.6
25286,632,0.5,7,0.6
25287,632,0.5,8,0.6
25288,632,0.5,9,0.6
25289,632,0.5,10,0.6
25290,632,0.5,11,0.6
25291,632,0.5,12,0.4
25292,632,0.5,13,0.6
25293,632,0.5,14,0.6
25294,632,0.5,15,0.6
25295,632,0.5,16,0.6
25296,632,0.5,17,0.6
25297,632,0.5,18,0.6
25298,632,0.5,19,0.6
25299,632,0.5,20,0.6
25300,632,0.5,21,0.4
25301,632,0.5,22,0.6
25302,632,0.5,23,0.6
25303,632,0.5,24,0.6
25304,632,0.5,25,0.2
25305,632,0.5,26,0.2
25306,632,0.5,27,0.2
25307,632,0.5,28,0.2
25308,632,0.5,29,0.2
25309,632,0.5,30,0.2
25310,632,0.5,31,0.2
25311,632,0.5,32,0.2
25312,632,0.5,33,0.2
25313,632,0.5,34,0.2
25314,632,0.5,35,0.2
25315,632,0.5,36,0.2
25316,632,0.5,37,0.2
25317,632,0.5,38,0.2
25318,632,0.5,39,0.2
25319,632,0.5,40,0.2
25320,633,0.5,1,0.8
25321,633,0.5,2,0.8
25322,633,0.5,3,0.8
25323,633,0.5,4,0.8
25324,633,0.5,5,0.6
25325,633,0.5,6,0.8
25326,633,0.5,7,0.8
25327,633,0.5,8,0.8
25328,633,0.5,9,0.8
25329,633,0.5,10,1.0
25330,633,0.5,11,0.8
25331,633,0.5,12,0.8
25332,633,0.5,13,0.8
25333,633,0.5,14,0.8
25334,633,0.5,15,0.8
25335,633,0.5,16,0.8
25336,633,0.5,17,0.8
25337,633,0.5,18,1.0
25338,633,0.5,19,1.0
25339,633,0.5,20,1.0
25340,633,0.5,21,1.0
25341,633,0.5,22,1.0
25342,633,0.5,23,0.8
25343,633,0.5,24,0.8
25344,633,0.5,25,0.8
25345,633,0.5,26,0.8
25346,633,0.5,27,0.8
25347,633,0.5,28,0.8
25348,633,0.5,29,1.0
25349,633,0.5,30,1.0
25350,633,0.5,31,1.0
25351,633,0.5,32,1.0
25352,633,0.5,33,0.8
25353,633,0.5,34,0.8
25354,633,0.5,35,0.8
25355,633,0.5,36,0.8
25356,633,0.5,37,0.8
25357,633,0.5,38,0.8
25358,633,0.5,39,0.8
25359,633,0.5,40,0.8
25360,634,0.5,1,0.6
25361,634,0.5,2,0.6
25362,634,0.5,3,0.6
25363,634,0.5,4,0.6
25364,634,0.5,5,1.0
25365,634,0.5,6,1.0
25366,634,0.5,7,1.0
25367,634,0.5,8,1.0
25368,634,0.5,9,1.0
25369,634,0.5,10,1.0
25370,634,0.5,11,1.0
25371,634,0.5,12,0.8
25372,634,0.5,13,1.0
25373,634,0.5,14,0.6
25374,634,0.5,15,0.8
25375,634,0.5,16,0.8
25376,634,0.5,17,0.8
25377,634,0.5,18,0.8
25378,634,0.5,19,0.8
25379,634,0.5,20,0.8
25380,634,0.5,21,0.8
25381,634,0.5,22,1.0
25382,634,0.5,23,1.0
25383,634,0.5,24,1.0
25384,634,0.5,25,1.0
25385,634,0.5,26,1.0
25386,634,0.5,27,1.0
25387,634,0.5,28,1.0
25388,634,0.5,29,1.0
25389,634,0.5,30,1.0
25390,634,0.5,31,1.0
25391,634,0.5,32,1.0
25392,634,0.5,33,1.0
25393,634,0.5,34,1.0
25394,634,0.5,35,1.0
25395,634,0.5,36,1.0
25396,634,0.5,37,1.0
25397,634,0.5,38,1.0
25398,634,0.5,39,1.0
25399,634,0.5,40,1.0
25400,635,0.5,1,0.6
25401,635,0.5,2,0.6
25402,635,0.5,3,0.6
25403,635,0.5,4,0.8
25404,635,0.5,5,0.4
25405,635,0.5,6,0.4
25406,635,0.5,7,0.4
25407,635,0.5,8,0.4
25408,635,0.5,9,0.4
25409,635,0.5,10,0.4
25410,635,0.5,11,0.4
25411,635,0.5,12,0.4
25412,635,0.5,13,0.4
25413,635,0.5,14,1.0
25414,635,0.5,15,1.0
25415,635,0.5,16,1.0
25416,635,0.5,17,1.0
25417,635,0.5,18,0.8
25418,635,0.5,19,0.8
25419,635,0.5,20,1.0
25420,635,0.5,21,1.0
25421,635,0.5,22,0.8
25422,635,0.5,23,0.8
25423,635,0.5,24,0.8
25424,635,0.5,25,0.8
25425,635,0.5,26,0.8
25426,635,0.5,27,0.8
25427,635,0.5,28,0.8
25428,635,0.5,29,0.8
25429,635,0.5,30,0.8
25430,635,0.5,31,0.8
25431,635,0.5,32,0.8
25432,635,0.5,33,0.8
25433,635,0.5,34,0.8
25434,635,0.5,35,0.8
25435,635,0.5,36,1.0
25436,635,0.5,37,0.8
25437,635,0.5,38,0.8
25438,635,0.5,39,0.8
25439,635,0.5,40,0.8
25440,636,0.5,1,0.0
25441,636,0.5,2,0.8
25442,636,0.5,3,1.0
25443,636,0.5,4,1.0
25444,636,0.5,5,1.0
25445,636,0.5,6,1.0
25446,636,0.5,7,1.0
25447,636,0.5,8,1.0
25448,636,0.5,9,1.0
25449,636,0.5,10,1.0
25450,636,0.5,11,1.0
25451,636,0.5,12,1.0
25452,636,0.5,13,1.0
25453,636,0.5,14,1.0
25454,636,0.5,15,1.0
25455,636,0.5,16,1.0
25456,636,0.5,17,1.0
25457,636,0.5,18,1.0
25458,636,0.5,19,1.0
25459,636,0.5,20,1.0
25460,636,0.5,21,1.0
25461,636,0.5,22,1.0
25462,636,0.5,23,1.0
25463,636,0.5,24,1.0
25464,636,0.5,25,1.0
25465,636,0.5,26,1.0
25466,636,0.5,27,1.0
25467,636,0.5,28,1.0
25468,636,0.5,29,1.0
25469,636,0.5,30,1.0
25470,636,0.5,31,1.0
25471,636,0.5,32,1.0
25472,636,0.5,33,1.0
25473,636,0.5,34,1.0
25474,636,0.5,35,1.0
25475,636,0.5,36,1.0
25476,636,0.5,37,1.0
25477,636,0.5,38,1.0
25478,636,0.5,39,1.0
25479,636,0.5,40,1.0
25480,637,0.5,1,1.0
25481,637,0.5,2,1.0
25482,637,0.5,3,0.8
25483,637,0.5,4,0.6
25484,637,0.5,5,0.8
25485,637,0.5,6,0.8
25486,637,0.5,7,0.8
25487,637,0.5,8,0.8
25488,637,0.5,9,1.0
25489,637,0.5,10,1.0
25490,637,0.5,11,1.0
25491,637,0.5,12,1.0
25492,637,0.5,13,0.8
25493,637,0.5,14,0.8
25494,637,0.5,15,0.8
25495,637,0.5,16,0.8
25496,637,0.5,17,0.8
25497,637,0.5,18,0.8
25498,637,0.5,19,0.8
25499,637,0.5,20,1.0
25500,637,0.5,21,1.0
25501,637,0.5,22,0.8
25502,637,0.5,23,0.8
25503,637,0.5,24,0.8
25504,637,0.5,25,0.8
25505,637,0.5,26,0.8
25506,637,0.5,27,0.8
25507,637,0.5,28,0.8
25508,637,0.5,29,0.8
25509,637,0.5,30,0.8
25510,637,0.5,31,0.8
25511,637,0.5,32,0.8
25512,637,0.5,33,0.8
25513,637,0.5,34,0.8
25514,637,0.5,35,0.8
25515,637,0.5,36,0.8
25516,637,0.5,37,0.8
25517,637,0.5,38,0.8
25518,637,0.5,39,0.8
25519,637,0.5,40,0.8
25520,638,0.5,1,0.0
25521,638,0.5,2,0.4
25522,638,0.5,3,0.6
25523,638,0.5,4,0.6
25524,638,0.5,5,0.6
25525,638,0.5,6,0.6
25526,638,0.5,7,0.6
25527,638,0.5,8,0.6
25528,638,0.5,9,0.6
25529,638,0.5,10,0.6
25530,638,0.5,11,0.4
25531,638,0.5,12,0.4
25532,638,0.5,13,0.4
25533,638,0.5,14,0.8
25534,638,0.5,15,0.6
25535,638,0.5,16,0.6
25536,638,0.5,17,0.8
25537,638,0.5,18,0.8
25538,638,0.5,19,0.8
25539,638,0.5,20,1.0
25540,638,0.5,21,1.0
25541,638,0.5,22,1.0
25542,638,0.5,23,1.0
25543,638,0.5,24,1.0
25544,638,0.5,25,0.8
25545,638,0.5,26,0.8
25546,638,0.5,27,0.8
25547,638,0.5,28,1.0
25548,638,0.5,29,0.8
25549,638,0.5,30,0.8
25550,638,0.5,31,0.8
25551,638,0.5,32,0.8
25552,638,0.5,33,0.8
25553,638,0.5,34,0.8
25554,638,0.5,35,0.8
25555,638,0.5,36,0.8
25556,638,0.5,37,0.8
25557,638,0.5,38,0.8
25558,638,0.5,39,0.8
25559,638,0.5,40,0.8
25560,639,0.5,1,1.0
25561,639,0.5,2,1.0
25562,639,0.5,3,1.0
25563,639,0.5,4,1.0
25564,639,0.5,5,1.0
25565,639,0.5,6,0.6
25566,639,0.5,7,0.6
25567,639,0.5,8,1.0
25568,639,0.5,9,0.6
25569,639,0.5,10,0.8
25570,639,0.5,11,0.6
25571,639,0.5,12,0.6
25572,639,0.5,13,0.2
25573,639,0.5,14,0.2
25574,639,0.5,15,0.2
25575,639,0.5,16,0.2
25576,639,0.5,17,0.2
25577,639,0.5,18,0.2
25578,639,0.5,19,0.2
25579,639,0.5,20,0.2
25580,639,0.5,21,0.2
25581,639,0.5,22,0.2
25582,639,0.5,23,0.2
25583,639,0.5,24,0.4
25584,639,0.5,25,0.4
25585,639,0.5,26,0.4
25586,639,0.5,27,0.4
25587,639,0.5,28,0.4
25588,639,0.5,29,0.4
25589,639,0.5,30,0.4
25590,639,0.5,31,0.4
25591,639,0.5,32,0.4
25592,639,0.5,33,0.4
25593,639,0.5,34,0.4
25594,639,0.5,35,0.4
25595,639,0.5,36,0.4
25596,639,0.5,37,0.4
25597,639,0.5,38,0.4
25598,639,0.5,39,0.4
25599,639,0.5,40,0.4
25600,640,0.5,1,0.8
25601,640,0.5,2,0.8
25602,640,0.5,3,0.8
25603,640,0.5,4,0.8
25604,640,0.5,5,1.0
25605,640,0.5,6,1.0
25606,640,0.5,7,0.8
25607,640,0.5,8,1.0
25608,640,0.5,9,1.0
25609,640,0.5,10,1.0
25610,640,0.5,11,1.0
25611,640,0.5,12,1.0
25612,640,0.5,13,1.0
25613,640,0.5,14,0.4
25614,640,0.5,15,0.4
25615,640,0.5,16,0.4
25616,640,0.5,17,0.4
25617,640,0.5,18,0.4
25618,640,0.5,19,0.4
25619,640,0.5,20,0.4
25620,640,0.5,21,0.4
25621,640,0.5,22,0.4
25622,640,0.5,23,0.4
25623,640,0.5,24,0.4
25624,640,0.5,25,0.4
25625,640,0.5,26,0.4
25626,640,0.5,27,0.4
25627,640,0.5,28,0.4
25628,640,0.5,29,0.4
25629,640,0.5,30,0.4
25630,640,0.5,31,0.4
25631,640,0.5,32,0.2
25632,640,0.5,33,0.2
25633,640,0.5,34,0.2
25634,640,0.5,35,0.2
25635,640,0.5,36,0.2
25636,640,0.5,37,0.2
25637,640,0.5,38,0.2
25638,640,0.5,39,0.2
25639,640,0.5,40,0.6
25640,641,0.5,1,0.6
25641,641,0.5,2,0.6
25642,641,0.5,3,0.6
25643,641,0.5,4,0.6
25644,641,0.5,5,0.6
25645,641,0.5,6,0.6
25646,641,0.5,7,0.6
25647,641,0.5,8,0.6
25648,641,0.5,9,0.6
25649,641,0.5,10,0.4
25650,641,0.5,11,0.4
25651,641,0.5,12,0.4
25652,641,0.5,13,0.8
25653,641,0.5,14,1.0
25654,641,0.5,15,1.0
25655,641,0.5,16,1.0
25656,641,0.5,17,1.0
25657,641,0.5,18,1.0
25658,641,0.5,19,1.0
25659,641,0.5,20,1.0
25660,641,0.5,21,1.0
25661,641,0.5,22,1.0
25662,641,0.5,23,1.0
25663,641,0.5,24,1.0
25664,641,0.5,25,1.0
25665,641,0.5,26,1.0
25666,641,0.5,27,1.0
25667,641,0.5,28,1.0
25668,641,0.5,29,1.0
25669,641,0.5,30,1.0
25670,641,0.5,31,1.0
25671,641,0.5,32,1.0
25672,641,0.5,33,1.0
25673,641,0.5,34,1.0
25674,641,0.5,35,1.0
25675,641,0.5,36,1.0
25676,641,0.5,37,1.0
25677,641,0.5,38,1.0
25678,641,0.5,39,1.0
25679,641,0.5,40,1.0
25680,642,0.5,1,0.0
25681,642,0.5,2,0.2
25682,642,0.5,3,0.2
25683,642,0.5,4,0.2
25684,642,0.5,5,0.2
25685,642,0.5,6,0.2
25686,642,0.5,7,0.2
25687,642,0.5,8,0.2
25688,642,0.5,9,0.2
25689,642,0.5,10,0.2
25690,642,0.5,11,0.2
25691,642,0.5,12,0.2
25692,642,0.5,13,0.2
25693,642,0.5,14,0.2
25694,642,0.5,15,0.2
25695,642,0.5,16,0.2
25696,642,0.5,17,0.2
25697,642,0.5,18,0.2
25698,642,0.5,19,0.2
25699,642,0.5,20,0.2
25700,642,0.5,21,0.2
25701,642,0.5,22,0.2
25702,642,0.5,23,0.2
25703,642,0.5,24,0.4
25704,642,0.5,25,0.4
25705,642,0.5,26,0.8
25706,642,0.5,27,0.4
25707,642,0.5,28,0.6
25708,642,0.5,29,0.6
25709,642,0.5,30,0.6
25710,642,0.5,31,0.6
25711,642,0.5,32,0.6
25712,642,0.5,33,0.6
25713,642,0.5,34,0.6
25714,642,0.5,35,0.6
25715,642,0.5,36,0.8
25716,642,0.5,37,0.8
25717,642,0.5,38,0.8
25718,642,0.5,39,0.8
25719,642,0.5,40,0.8
25720,643,0.5,1,0.6
25721,643,0.5,2,0.6
25722,643,0.5,3,0.6
25723,643,0.5,4,0.8
25724,643,0.5,5,0.8
25725,643,0.5,6,0.8
25726,643,0.5,7,0.8
25727,643,0.5,8,0.8
25728,643,0.5,9,0.6
25729,643,0.5,10,0.6
25730,643,0.5,11,0.6
25731,643,0.5,12,0.8
25732,643,0.5,13,0.8
25733,643,0.5,14,0.8
25734,643,0.5,15,0.8
25735,643,0.5,16,0.8
25736,643,0.5,17,0.8
25737,643,0.5,18,0.8
25738,643,0.5,19,0.8
25739,643,0.5,20,1.0
25740,643,0.5,21,0.8
25741,643,0.5,22,0.6
25742,643,0.5,23,0.8
25743,643,0.5,24,0.8
25744,643,0.5,25,0.8
25745,643,0.5,26,0.8
25746,643,0.5,27,0.8
25747,643,0.5,28,0.8
25748,643,0.5,29,0.8
25749,643,0.5,30,0.8
25750,643,0.5,31,0.8
25751,643,0.5,32,0.8
25752,643,0.5,33,0.8
25753,643,0.5,34,0.8
25754,643,0.5,35,0.8
25755,643,0.5,36,0.8
25756,643,0.5,37,0.8
25757,643,0.5,38,0.8
25758,643,0.5,39,0.8
25759,643,0.5,40,0.8
25760,644,0.5,1,0.6
25761,644,0.5,2,0.6
25762,644,0.5,3,0.8
25763,644,0.5,4,0.4
25764,644,0.5,5,0.6
25765,644,0.5,6,0.4
25766,644,0.5,7,0.4
25767,644,0.5,8,0.8
25768,644,0.5,9,0.6
25769,644,0.5,10,0.4
25770,644,0.5,11,0.6
25771,644,0.5,12,0.8
25772,644,0.5,13,0.6
25773,644,0.5,14,0.4
25774,644,0.5,15,0.4
25775,644,0.5,16,0.4
25776,644,0.5,17,0.4
25777,644,0.5,18,0.4
25778,644,0.5,19,0.6
25779,644,0.5,20,0.4
25780,644,0.5,21,0.6
25781,644,0.5,22,0.4
25782,644,0.5,23,0.4
25783,644,0.5,24,0.4
25784,644,0.5,25,0.4
25785,644,0.5,26,0.6
25786,644,0.5,27,0.6
25787,644,0.5,28,0.6
25788,644,0.5,29,0.6
25789,644,0.5,30,0.6
25790,644,0.5,31,0.6
25791,644,0.5,32,0.6
25792,644,0.5,33,0.8
25793,644,0.5,34,0.8
25794,644,0.5,35,0.8
25795,644,0.5,36,0.6
25796,644,0.5,37,0.6
25797,644,0.5,38,0.8
25798,644,0.5,39,0.8
25799,644,0.5,40,0.8
25800,645,0.5,1,0.0
25801,645,0.5,2,0.4
25802,645,0.5,3,0.4
25803,645,0.5,4,0.6
25804,645,0.5,5,0.6
25805,645,0.5,6,0.6
25806,645,0.5,7,0.6
25807,645,0.5,8,0.4
25808,645,0.5,9,0.4
25809,645,0.5,10,0.8
25810,645,0.5,11,1.0
25811,645,0.5,12,0.8
25812,645,0.5,13,0.8
25813,645,0.5,14,0.8
25814,645,0.5,15,0.8
25815,645,0.5,16,0.8
25816,645,0.5,17,0.8
25817,645,0.5,18,0.8
25818,645,0.5,19,0.8
25819,645,0.5,20,0.8
25820,645,0.5,21,0.8
25821,645,0.5,22,0.8
25822,645,0.5,23,0.8
25823,645,0.5,24,0.8
25824,645,0.5,25,0.8
25825,645,0.5,26,0.8
25826,645,0.5,27,0.8
25827,645,0.5,28,0.8
25828,645,0.5,29,0.8
25829,645,0.5,30,0.8
25830,645,0.5,31,0.8
25831,645,0.5,32,0.8
25832,645,0.5,33,0.8
25833,645,0.5,34,0.8
25834,645,0.5,35,0.8
25835,645,0.5,36,0.8
25836,645,0.5,37,0.8
25837,645,0.5,38,0.8
25838,645,0.5,39,0.8
25839,645,0.5,40,0.8
25840,646,0.5,1,1.0
25841,646,0.5,2,1.0
25842,646,0.5,3,1.0
25843,646,0.5,4,1.0
25844,646,0.5,5,1.0
25845,646,0.5,6,0.8
25846,646,0.5,7,0.8
25847,646,0.5,8,0.8
25848,646,0.5,9,0.8
25849,646,0.5,10,0.8
25850,646,0.5,11,0.8
25851,646,0.5,12,0.8
25852,646,0.5,13,0.8
25853,646,0.5,14,0.8
25854,646,0.5,15,0.8
25855,646,0.5,16,0.8
25856,646,0.5,17,0.8
25857,646,0.5,18,0.8
25858,646,0.5,19,0.8
25859,646,0.5,20,0.8
25860,646,0.5,21,0.8
25861,646,0.5,22,0.8
25862,646,0.5,23,0.8
25863,646,0.5,24,0.8
25864,646,0.5,25,0.8
25865,646,0.5,26,0.8
25866,646,0.5,27,0.6
25867,646,0.5,28,0.6
25868,646,0.5,29,0.6
25869,646,0.5,30,0.6
25870,646,0.5,31,0.6
25871,646,0.5,32,0.6
25872,646,0.5,33,0.6
25873,646,0.5,34,0.6
25874,646,0.5,35,0.6
25875,646,0.5,36,0.6
25876,646,0.5,37,0.6
25877,646,0.5,38,0.6
25878,646,0.5,39,0.6
25879,646,0.5,40,0.6
25880,647,0.5,1,0.0
25881,647,0.5,2,0.2
25882,647,0.5,3,0.4
25883,647,0.5,4,0.4
25884,647,0.5,5,0.4
25885,647,0.5,6,0.4
25886,647,0.5,7,0.6
25887,647,0.5,8,0.6
25888,647,0.5,9,0.6
25889,647,0.5,10,0.6
25890,647,0.5,11,0.6
25891,647,0.5,12,0.6
25892,647,0.5,13,0.6
25893,647,0.5,14,0.6
25894,647,0.5,15,0.6
25895,647,0.5,16,0.6
25896,647,0.5,17,0.6
25897,647,0.5,18,0.6
25898,647,0.5,19,1.0
25899,647,0.5,20,1.0
25900,647,0.5,21,1.0
25901,647,0.5,22,1.0
25902,647,0.5,23,1.0
25903,647,0.5,24,1.0
25904,647,0.5,25,1.0
25905,647,0.5,26,1.0
25906,647,0.5,27,1.0
25907,647,0.5,28,1.0
25908,647,0.5,29,1.0
25909,647,0.5,30,1.0
25910,647,0.5,31,1.0
25911,647,0.5,32,1.0
25912,647,0.5,33,1.0
25913,647,0.5,34,1.0
25914,647,0.5,35,1.0
25915,647,0.5,36,1.0
25916,647,0.5,37,1.0
25917,647,0.5,38,1.0
25918,647,0.5,39,1.0
25919,647,0.5,40,1.0
25920,648,0.5,1,1.0
25921,648,0.5,2,1.0
25922,648,0.5,3,1.0
25923,648,0.5,4,1.0
25924,648,0.5,5,1.0
25925,648,0.5,6,0.8
25926,648,0.5,7,1.0
25927,648,0.5,8,1.0
25928,648,0.5,9,0.8
25929,648,0.5,10,1.0
25930,648,0.5,11,1.0
25931,648,0.5,12,1.0
25932,648,0.5,13,1.0
25933,648,0.5,14,1.0
25934,648,0.5,15,0.8
25935,648,0.5,16,0.8
25936,648,0.5,17,0.8
25937,648,0.5,18,1.0
25938,648,0.5,19,0.6
25939,648,0.5,20,0.6
25940,648,0.5,21,0.6
25941,648,0.5,22,0.6
25942,648,0.5,23,0.6
25943,648,0.5,24,0.6
25944,648,0.5,25,0.6
25945,648,0.5,26,0.6
25946,648,0.5,27,0.6
25947,648,0.5,28,0.6
25948,648,0.5,29,0.6
25949,648,0.5,30,0.6
25950,648,0.5,31,0.6
25951,648,0.5,32,0.6
25952,648,0.5,33,0.6
25953,648,0.5,34,0.6
25954,648,0.5,35,0.6
25955,648,0.5,36,0.6
25956,648,0.5,37,0.6
25957,648,0.5,38,0.6
25958,648,0.5,39,0.6
25959,648,0.5,40,0.6
25960,649,0.5,1,0.8
25961,649,0.5,2,0.8
25962,649,0.5,3,0.4
25963,649,0.5,4,0.6
25964,649,0.5,5,0.6
25965,649,0.5,6,0.6
25966,649,0.5,7,0.2
25967,649,0.5,8,0.6
25968,649,0.5,9,0.6
25969,649,0.5,10,0.6
25970,649,0.5,11,0.8
25971,649,0.5,12,0.6
25972,649,0.5,13,0.8
25973,649,0.5,14,0.8
25974,649,0.5,15,0.6
25975,649,0.5,16,0.8
25976,649,0.5,17,1.0
25977,649,0.5,18,1.0
25978,649,0.5,19,1.0
25979,649,0.5,20,1.0
25980,649,0.5,21,0.8
25981,649,0.5,22,1.0
25982,649,0.5,23,1.0
25983,649,0.5,24,1.0
25984,649,0.5,25,1.0
25985,649,0.5,26,1.0
25986,649,0.5,27,1.0
25987,649,0.5,28,1.0
25988,649,0.5,29,1.0
25989,649,0.5,30,0.8
25990,649,0.5,31,0.8
25991,649,0.5,32,0.8
25992,649,0.5,33,0.8
25993,649,0.5,34,0.8
25994,649,0.5,35,0.8
25995,649,0.5,36,0.8
25996,649,0.5,37,0.8
25997,649,0.5,38,0.8
25998,649,0.5,39,0.8
25999,649,0.5,40,0.8
26000,650,0.5,1,0.6
26001,650,0.5,2,0.6
26002,650,0.5,3,0.6
26003,650,0.5,4,0.6
26004,650,0.5,5,0.4
26005,650,0.5,6,0.6
26006,650,0.5,7,0.6
26007,650,0.5,8,0.4
26008,650,0.5,9,0.8
26009,650,0.5,10,0.8
26010,650,0.5,11,1.0
26011,650,0.5,12,1.0
26012,650,0.5,13,0.8
26013,650,0.5,14,0.8
26014,650,0.5,15,0.8
26015,650,0.5,16,0.8
26016,650,0.5,17,0.8
26017,650,0.5,18,0.8
26018,650,0.5,19,0.8
26019,650,0.5,20,0.8
26020,650,0.5,21,0.8
26021,650,0.5,22,0.8
26022,650,0.5,23,0.8
26023,650,0.5,24,0.8
26024,650,0.5,25,0.8
26025,650,0.5,26,0.8
26026,650,0.5,27,0.8
26027,650,0.5,28,0.8
26028,650,0.5,29,0.8
26029,650,0.5,30,0.8
26030,650,0.5,31,0.8
26031,650,0.5,32,0.8
26032,650,0.5,33,0.8
26033,650,0.5,34,0.8
26034,650,0.5,35,0.8
26035,650,0.5,36,0.8
26036,650,0.5,37,0.8
26037,650,0.5,38,0.8
26038,650,0.5,39,0.8
26039,650,0.5,40,0.8
26040,651,0.5,1,0.8
26041,651,0.5,2,0.8
26042,651,0.5,3,0.8
26043,651,0.5,4,0.8
26044,651,0.5,5,0.8
26045,651,0.5,6,0.8
26046,651,0.5,7,0.8
26047,651,0.5,8,0.4
26048,651,0.5,9,0.4
26049,651,0.5,10,0.4
26050,651,0.5,11,0.6
26051,651,0.5,12,0.6
26052,651,0.5,13,0.6
26053,651,0.5,14,0.6
26054,651,0.5,15,0.6
26055,651,0.5,16,0.6
26056,651,0.5,17,0.6
26057,651,0.5,18,0.6
26058,651,0.5,19,0.6
26059,651,0.5,20,0.6
26060,651,0.5,21,0.6
26061,651,0.5,22,0.6
26062,651,0.5,23,0.6
26063,651,0.5,24,0.6
26064,651,0.5,25,0.6
26065,651,0.5,26,0.6
26066,651,0.5,27,0.6
26067,651,0.5,28,0.6
26068,651,0.5,29,0.6
26069,651,0.5,30,0.6
26070,651,0.5,31,0.6
26071,651,0.5,32,0.6
26072,651,0.5,33,0.6
26073,651,0.5,34,0.6
26074,651,0.5,35,0.8
26075,651,0.5,36,0.8
26076,651,0.5,37,0.8
26077,651,0.5,38,0.8
26078,651,0.5,39,0.8
26079,651,0.5,40,0.8
26080,652,0.5,1,0.6
26081,652,0.5,2,0.6
26082,652,0.5,3,0.6
26083,652,0.5,4,0.4
26084,652,0.5,5,0.6
26085,652,0.5,6,0.8
26086,652,0.5,7,0.8
26087,652,0.5,8,0.8
26088,652,0.5,9,0.8
26089,652,0.5,10,0.8
26090,652,0.5,11,0.8
26091,652,0.5,12,0.8
26092,652,0.5,13,0.8
26093,652,0.5,14,0.6
26094,652,0.5,15,0.6
26095,652,0.5,16,0.6
26096,652,0.5,17,0.6
26097,652,0.5,18,0.8
26098,652,0.5,19,0.8
26099,652,0.5,20,0.8
26100,652,0.5,21,0.8
26101,652,0.5,22,0.8
26102,652,0.5,23,0.8
26103,652,0.5,24,0.8
26104,652,0.5,25,0.8
26105,652,0.5,26,0.8
26106,652,0.5,27,0.6
26107,652,0.5,28,0.8
26108,652,0.5,29,1.0
26109,652,0.5,30,1.0
26110,652,0.5,31,0.8
26111,652,0.5,32,1.0
26112,652,0.5,33,1.0
26113,652,0.5,34,1.0
26114,652,0.5,35,1.0
26115,652,0.5,36,1.0
26116,652,0.5,37,1.0
26117,652,0.5,38,1.0
26118,652,0.5,39,1.0
26119,652,0.5,40,1.0
26120,653,0.5,1,0.6
26121,653,0.5,2,0.6
26122,653,0.5,3,0.6
26123,653,0.5,4,0.6
26124,653,0.5,5,0.6
26125,653,0.5,6,0.6
26126,653,0.5,7,0.6
26127,653,0.5,8,1.0
26128,653,0.5,9,1.0
26129,653,0.5,10,1.0
26130,653,0.5,11,0.8
26131,653,0.5,12,1.0
26132,653,0.5,13,1.0
26133,653,0.5,14,1.0
26134,653,0.5,15,1.0
26135,653,0.5,16,1.0
26136,653,0.5,17,1.0
26137,653,0.5,18,1.0
26138,653,0.5,19,1.0
26139,653,0.5,20,1.0
26140,653,0.5,21,1.0
26141,653,0.5,22,1.0
26142,653,0.5,23,1.0
26143,653,0.5,24,1.0
26144,653,0.5,25,1.0
26145,653,0.5,26,1.0
26146,653,0.5,27,1.0
26147,653,0.5,28,1.0
26148,653,0.5,29,1.0
26149,653,0.5,30,1.0
26150,653,0.5,31,1.0
26151,653,0.5,32,1.0
26152,653,0.5,33,1.0
26153,653,0.5,34,1.0
26154,653,0.5,35,1.0
26155,653,0.5,36,1.0
26156,653,0.5,37,1.0
26157,653,0.5,38,1.0
26158,653,0.5,39,1.0
26159,653,0.5,40,1.0
26160,654,0.5,1,0.0
26161,654,0.5,2,0.6
26162,654,0.5,3,0.4
26163,654,0.5,4,0.4
26164,654,0.5,5,0.4
26165,654,0.5,6,0.8
26166,654,0.5,7,0.8
26167,654,0.5,8,0.8
26168,654,0.5,9,0.6
26169,654,0.5,10,0.6
26170,654,0.5,11,0.6
26171,654,0.5,12,0.4
26172,654,0.5,13,1.0
26173,654,0.5,14,1.0
26174,654,0.5,15,0.8
26175,654,0.5,16,1.0
26176,654,0.5,17,1.0
26177,654,0.5,18,0.8
26178,654,0.5,19,0.8
26179,654,0.5,20,0.8
26180,654,0.5,21,0.8
26181,654,0.5,22,0.8
26182,654,0.5,23,0.8
26183,654,0.5,24,0.8
26184,654,0.5,25,0.8
26185,654,0.5,26,0.8
26186,654,0.5,27,0.8
26187,654,0.5,28,0.8
26188,654,0.5,29,0.8
26189,654,0.5,30,0.8
26190,654,0.5,31,0.8
26191,654,0.5,32,0.8
26192,654,0.5,33,0.8
26193,654,0.5,34,0.8
26194,654,0.5,35,0.8
26195,654,0.5,36,0.8
26196,654,0.5,37,0.8
26197,654,0.5,38,0.8
26198,654,0.5,39,0.8
26199,654,0.5,40,0.8
26200,655,0.5,1,1.0
26201,655,0.5,2,1.0
26202,655,0.5,3,1.0
26203,655,0.5,4,1.0
26204,655,0.5,5,1.0
26205,655,0.5,6,1.0
26206,655,0.5,7,0.8
26207,655,0.5,8,0.8
26208,655,0.5,9,0.8
26209,655,0.5,10,0.6
26210,655,0.5,11,0.6
26211,655,0.5,12,0.6
26212,655,0.5,13,0.6
26213,655,0.5,14,0.6
26214,655,0.5,15,0.8
26215,655,0.5,16,0.8
26216,655,0.5,17,0.8
26217,655,0.5,18,0.8
26218,655,0.5,19,0.6
26219,655,0.5,20,0.6
26220,655,0.5,21,0.6
26221,655,0.5,22,0.6
26222,655,0.5,23,0.6
26223,655,0.5,24,0.6
26224,655,0.5,25,0.6
26225,655,0.5,26,0.6
26226,655,0.5,27,0.6
26227,655,0.5,28,0.6
26228,655,0.5,29,0.8
26229,655,0.5,30,0.8
26230,655,0.5,31,1.0
26231,655,0.5,32,1.0
26232,655,0.5,33,1.0
26233,655,0.5,34,0.8
26234,655,0.5,35,0.8
26235,655,0.5,36,0.8
26236,655,0.5,37,0.8
26237,655,0.5,38,1.0
26238,655,0.5,39,1.0
26239,655,0.5,40,1.0
26240,656,0.5,1,0.0
26241,656,0.5,2,1.0
26242,656,0.5,3,0.8
26243,656,0.5,4,1.0
26244,656,0.5,5,0.6
26245,656,0.5,6,0.6
26246,656,0.5,7,0.6
26247,656,0.5,8,0.6
26248,656,0.5,9,0.6
26249,656,0.5,10,0.6
26250,656,0.5,11,0.6
26251,656,0.5,12,0.6
26252,656,0.5,13,0.6
26253,656,0.5,14,0.6
26254,656,0.5,15,0.6
26255,656,0.5,16,0.8
26256,656,0.5,17,0.6
26257,656,0.5,18,0.4
26258,656,0.5,19,0.6
26259,656,0.5,20,0.6
26260,656,0.5,21,0.6
26261,656,0.5,22,0.6
26262,656,0.5,23,0.6
26263,656,0.5,24,0.6
26264,656,0.5,25,0.6
26265,656,0.5,26,0.6
26266,656,0.5,27,0.6
26267,656,0.5,28,0.6
26268,656,0.5,29,0.8
26269,656,0.5,30,0.8
26270,656,0.5,31,0.8
26271,656,0.5,32,0.8
26272,656,0.5,33,0.8
26273,656,0.5,34,0.8
26274,656,0.5,35,0.8
26275,656,0.5,36,0.6
26276,656,0.5,37,0.6
26277,656,0.5,38,0.6
26278,656,0.5,39,0.8
26279,656,0.5,40,0.6
26280,657,0.5,1,1.0
26281,657,0.5,2,1.0
26282,657,0.5,3,1.0
26283,657,0.5,4,1.0
26284,657,0.5,5,0.8
26285,657,0.5,6,1.0
26286,657,0.5,7,0.8
26287,657,0.5,8,0.8
26288,657,0.5,9,0.8
26289,657,0.5,10,0.8
26290,657,0.5,11,0.8
26291,657,0.5,12,0.8
26292,657,0.5,13,0.8
26293,657,0.5,14,0.8
26294,657,0.5,15,0.8
26295,657,0.5,16,0.8
26296,657,0.5,17,0.8
26297,657,0.5,18,0.8
26298,657,0.5,19,0.8
26299,657,0.5,20,0.8
26300,657,0.5,21,0.8
26301,657,0.5,22,0.8
26302,657,0.5,23,0.8
26303,657,0.5,24,0.8
26304,657,0.5,25,0.8
26305,657,0.5,26,0.8
26306,657,0.5,27,0.8
26307,657,0.5,28,0.8
26308,657,0.5,29,0.8
26309,657,0.5,30,0.8
26310,657,0.5,31,0.8
26311,657,0.5,32,0.6
26312,657,0.5,33,0.6
26313,657,0.5,34,0.6
26314,657,0.5,35,0.6
26315,657,0.5,36,0.6
26316,657,0.5,37,0.6
26317,657,0.5,38,0.6
26318,657,0.5,39,0.6
26319,657,0.5,40,0.6
26320,658,0.5,1,0.8
26321,658,0.5,2,0.8
26322,658,0.5,3,0.8
26323,658,0.5,4,0.6
26324,658,0.5,5,0.8
26325,658,0.5,6,0.6
26326,658,0.5,7,0.4
26327,658,0.5,8,0.4
26328,658,0.5,9,0.6
26329,658,0.5,10,0.8
26330,658,0.5,11,0.8
26331,658,0.5,12,0.8
26332,658,0.5,13,0.8
26333,658,0.5,14,0.8
26334,658,0.5,15,0.8
26335,658,0.5,16,0.8
26336,658,0.5,17,0.8
26337,658,0.5,18,0.8
26338,658,0.5,19,0.8
26339,658,0.5,20,0.8
26340,658,0.5,21,0.8
26341,658,0.5,22,0.8
26342,658,0.5,23,0.8
26343,658,0.5,24,0.8
26344,658,0.5,25,0.8
26345,658,0.5,26,0.8
26346,658,0.5,27,0.8
26347,658,0.5,28,0.8
26348,658,0.5,29,0.8
26349,658,0.5,30,1.0
26350,658,0.5,31,1.0
26351,658,0.5,32,1.0
26352,658,0.5,33,1.0
26353,658,0.5,34,1.0
26354,658,0.5,35,1.0
26355,658,0.5,36,1.0
26356,658,0.5,37,1.0
26357,658,0.5,38,1.0
26358,658,0.5,39,1.0
26359,658,0.5,40,1.0
26360,659,0.5,1,0.6
26361,659,0.5,2,0.8
26362,659,0.5,3,0.6
26363,659,0.5,4,0.4
26364,659,0.5,5,0.6
26365,659,0.5,6,0.6
26366,659,0.5,7,0.6
26367,659,0.5,8,0.8
26368,659,0.5,9,0.8
26369,659,0.5,10,0.8
26370,659,0.5,11,0.8
26371,659,0.5,12,0.8
26372,659,0.5,13,0.8
26373,659,0.5,14,0.8
26374,659,0.5,15,0.8
26375,659,0.5,16,0.8
26376,659,0.5,17,0.8
26377,659,0.5,18,0.8
26378,659,0.5,19,0.8
26379,659,0.5,20,0.8
26380,659,0.5,21,0.8
26381,659,0.5,22,0.8
26382,659,0.5,23,0.8
26383,659,0.5,24,0.8
26384,659,0.5,25,0.8
26385,659,0.5,26,0.8
26386,659,0.5,27,0.8
26387,659,0.5,28,0.8
26388,659,0.5,29,0.8
26389,659,0.5,30,0.8
26390,659,0.5,31,0.8
26391,659,0.5,32,0.8
26392,659,0.5,33,0.8
26393,659,0.5,34,0.8
26394,659,0.5,35,0.8
26395,659,0.5,36,0.8
26396,659,0.5,37,0.8
26397,659,0.5,38,0.8
26398,659,0.5,39,0.8
26399,659,0.5,40,0.8
26400,660,0.5,1,0.8
26401,660,0.5,2,0.8
26402,660,0.5,3,0.8
26403,660,0.5,4,0.8
26404,660,0.5,5,0.8
26405,660,0.5,6,0.8
26406,660,0.5,7,0.8
26407,660,0.5,8,0.8
26408,660,0.5,9,0.8
26409,660,0.5,10,0.8
26410,660,0.5,11,0.8
26411,660,0.5,12,0.8
26412,660,0.5,13,0.8
26413,660,0.5,14,0.8
26414,660,0.5,15,0.8
26415,660,0.5,16,0.8
26416,660,0.5,17,0.8
26417,660,0.5,18,0.8
26418,660,0.5,19,0.8
26419,660,0.5,20,0.8
26420,660,0.5,21,0.8
26421,660,0.5,22,0.8
26422,660,0.5,23,0.8
26423,660,0.5,24,0.8
26424,660,0.5,25,0.6
26425,660,0.5,26,0.6
26426,660,0.5,27,0.6
26427,660,0.5,28,0.6
26428,660,0.5,29,0.6
26429,660,0.5,30,0.8
26430,660,0.5,31,0.8
26431,660,0.5,32,0.8
26432,660,0.5,33,0.8
26433,660,0.5,34,0.8
26434,660,0.5,35,0.0
26435,660,0.5,36,0.0
26436,660,0.5,37,0.0
26437,660,0.5,38,0.0
26438,660,0.5,39,0.0
26439,660,0.5,40,0.0
26440,661,0.5,1,0.6
26441,661,0.5,2,0.6
26442,661,0.5,3,0.8
26443,661,0.5,4,0.8
26444,661,0.5,5,0.6
26445,661,0.5,6,0.8
26446,661,0.5,7,0.8
26447,661,0.5,8,0.8
26448,661,0.5,9,0.6
26449,661,0.5,10,0.6
26450,661,0.5,11,0.6
26451,661,0.5,12,0.6
26452,661,0.5,13,0.6
26453,661,0.5,14,0.6
26454,661,0.5,15,0.6
26455,661,0.5,16,0.6
26456,661,0.5,17,0.6
26457,661,0.5,18,0.6
26458,661,0.5,19,0.6
26459,661,0.5,20,0.6
26460,661,0.5,21,0.6
26461,661,0.5,22,0.6
26462,661,0.5,23,0.6
26463,661,0.5,24,0.6
26464,661,0.5,25,0.6
26465,661,0.5,26,0.6
26466,661,0.5,27,0.6
26467,661,0.5,28,0.6
26468,661,0.5,29,0.6
26469,661,0.5,30,0.6
26470,661,0.5,31,0.6
26471,661,0.5,32,0.6
26472,661,0.5,33,0.6
26473,661,0.5,34,0.6
26474,661,0.5,35,0.6
26475,661,0.5,36,0.6
26476,661,0.5,37,0.6
26477,661,0.5,38,0.6
26478,661,0.5,39,0.6
26479,661,0.5,40,0.6
26480,662,0.5,1,0.6
26481,662,0.5,2,0.6
26482,662,0.5,3,0.6
26483,662,0.5,4,0.6
26484,662,0.5,5,0.8
26485,662,0.5,6,0.8
26486,662,0.5,7,0.8
26487,662,0.5,8,0.8
26488,662,0.5,9,0.8
26489,662,0.5,10,0.8
26490,662,0.5,11,0.8
26491,662,0.5,12,0.8
26492,662,0.5,13,0.8
26493,662,0.5,14,0.8
26494,662,0.5,15,0.8
26495,662,0.5,16,0.8
26496,662,0.5,17,1.0
26497,662,0.5,18,1.0
26498,662,0.5,19,1.0
26499,662,0.5,20,1.0
26500,662,0.5,21,1.0
26501,662,0.5,22,1.0
26502,662,0.5,23,1.0
26503,662,0.5,24,1.0
26504,662,0.5,25,1.0
26505,662,0.5,26,1.0
26506,662,0.5,27,1.0
26507,662,0.5,28,1.0
26508,662,0.5,29,1.0
26509,662,0.5,30,1.0
26510,662,0.5,31,1.0
26511,662,0.5,32,1.0
26512,662,0.5,33,1.0
26513,662,0.5,34,1.0
26514,662,0.5,35,1.0
26515,662,0.5,36,1.0
26516,662,0.5,37,1.0
26517,662,0.5,38,1.0
26518,662,0.5,39,1.0
26519,662,0.5,40,1.0
26520,663,0.5,1,0.0
26521,663,0.5,2,0.4
26522,663,0.5,3,0.4
26523,663,0.5,4,0.4
26524,663,0.5,5,0.2
26525,663,0.5,6,0.4
26526,663,0.5,7,0.6
26527,663,0.5,8,0.6
26528,663,0.5,9,0.6
26529,663,0.5,10,0.6
26530,663,0.5,11,0.8
26531,663,0.5,12,0.8
26532,663,0.5,13,0.8
26533,663,0.5,14,0.8
26534,663,0.5,15,0.8
26535,663,0.5,16,0.8
26536,663,0.5,17,0.8
26537,663,0.5,18,0.8
26538,663,0.5,19,0.8
26539,663,0.5,20,0.8
26540,663,0.5,21,0.4
26541,663,0.5,22,0.4
26542,663,0.5,23,0.4
26543,663,0.5,24,0.4
26544,663,0.5,25,0.4
26545,663,0.5,26,0.4
26546,663,0.5,27,0.4
26547,663,0.5,28,0.4
26548,663,0.5,29,0.4
26549,663,0.5,30,0.4
26550,663,0.5,31,0.4
26551,663,0.5,32,0.4
26552,663,0.5,33,0.4
26553,663,0.5,34,0.4
26554,663,0.5,35,0.4
26555,663,0.5,36,0.4
26556,663,0.5,37,0.4
26557,663,0.5,38,0.4
26558,663,0.5,39,0.4
26559,663,0.5,40,0.4
26560,664,0.5,1,1.0
26561,664,0.5,2,1.0
26562,664,0.5,3,1.0
26563,664,0.5,4,0.8
26564,664,0.5,5,0.8
26565,664,0.5,6,0.8
26566,664,0.5,7,1.0
26567,664,0.5,8,1.0
26568,664,0.5,9,1.0
26569,664,0.5,10,1.0
26570,664,0.5,11,1.0
26571,664,0.5,12,1.0
26572,664,0.5,13,1.0
26573,664,0.5,14,1.0
26574,664,0.5,15,1.0
26575,664,0.5,16,1.0
26576,664,0.5,17,1.0
26577,664,0.5,18,1.0
26578,664,0.5,19,1.0
26579,664,0.5,20,1.0
26580,664,0.5,21,1.0
26581,664,0.5,22,1.0
26582,664,0.5,23,1.0
26583,664,0.5,24,1.0
26584,664,0.5,25,1.0
26585,664,0.5,26,1.0
26586,664,0.5,27,1.0
26587,664,0.5,28,1.0
26588,664,0.5,29,1.0
26589,664,0.5,30,1.0
26590,664,0.5,31,1.0
26591,664,0.5,32,1.0
26592,664,0.5,33,1.0
26593,664,0.5,34,1.0
26594,664,0.5,35,1.0
26595,664,0.5,36,1.0
26596,664,0.5,37,0.8
26597,664,0.5,38,0.8
26598,664,0.5,39,0.8
26599,664,0.5,40,0.8
26600,665,0.5,1,0.0
26601,665,0.5,2,0.4
26602,665,0.5,3,0.4
26603,665,0.5,4,0.4
26604,665,0.5,5,0.2
26605,665,0.5,6,0.2
26606,665,0.5,7,0.2
26607,665,0.5,8,0.4
26608,665,0.5,9,0.2
26609,665,0.5,10,0.2
26610,665,0.5,11,0.0
26611,665,0.5,12,0.4
26612,665,0.5,13,0.4
26613,665,0.5,14,0.4
26614,665,0.5,15,0.8
26615,665,0.5,16,0.8
26616,665,0.5,17,0.8
26617,665,0.5,18,0.8
26618,665,0.5,19,0.8
26619,665,0.5,20,0.8
26620,665,0.5,21,0.8
26621,665,0.5,22,0.8
26622,665,0.5,23,1.0
26623,665,0.5,24,0.8
26624,665,0.5,25,0.8
26625,665,0.5,26,0.8
26626,665,0.5,27,0.8
26627,665,0.5,28,0.8
26628,665,0.5,29,0.8
26629,665,0.5,30,0.8
26630,665,0.5,31,0.8
26631,665,0.5,32,0.8
26632,665,0.5,33,0.8
26633,665,0.5,34,0.8
26634,665,0.5,35,0.8
26635,665,0.5,36,0.8
26636,665,0.5,37,0.8
26637,665,0.5,38,0.8
26638,665,0.5,39,0.8
26639,665,0.5,40,0.8
26640,666,0.5,1,1.0
26641,666,0.5,2,0.4
26642,666,0.5,3,0.4
26643,666,0.5,4,0.6
26644,666,0.5,5,0.6
26645,666,0.5,6,0.6
26646,666,0.5,7,0.6
26647,666,0.5,8,1.0
26648,666,0.5,9,0.8
26649,666,0.5,10,0.6
26650,666,0.5,11,0.8
26651,666,0.5,12,0.8
26652,666,0.5,13,0.8
26653,666,0.5,14,0.8
26654,666,0.5,15,0.8
26655,666,0.5,16,0.8
26656,666,0.5,17,0.8
26657,666,0.5,18,1.0
26658,666,0.5,19,1.0
26659,666,0.5,20,1.0
26660,666,0.5,21,1.0
26661,666,0.5,22,1.0
26662,666,0.5,23,1.0
26663,666,0.5,24,1.0
26664,666,0.5,25,1.0
26665,666,0.5,26,1.0
26666,666,0.5,27,1.0
26667,666,0.5,28,1.0
26668,666,0.5,29,1.0
26669,666,0.5,30,1.0
26670,666,0.5,31,1.0
26671,666,0.5,32,1.0
26672,666,0.5,33,1.0
26673,666,0.5,34,1.0
26674,666,0.5,35,1.0
26675,666,0.5,36,1.0
26676,666,0.5,37,1.0
26677,666,0.5,38,1.0
26678,666,0.5,39,1.0
26679,666,0.5,40,1.0
26680,667,0.5,1,0.8
26681,667,0.5,2,0.8
26682,667,0.5,3,0.8
26683,667,0.5,4,0.4
26684,667,0.5,5,0.6
26685,667,0.5,6,0.6
26686,667,0.5,7,0.4
26687,667,0.5,8,0.6
26688,667,0.5,9,0.6
26689,667,0.5,10,0.6
26690,667,0.5,11,0.6
26691,667,0.5,12,0.6
26692,667,0.5,13,0.6
26693,667,0.5,14,0.6
26694,667,0.5,15,0.6
26695,667,0.5,16,0.6
26696,667,0.5,17,0.6
26697,667,0.5,18,0.6
26698,667,0.5,19,0.6
26699,667,0.5,20,0.6
26700,667,0.5,21,0.8
26701,667,0.5,22,0.8
26702,667,0.5,23,0.8
26703,667,0.5,24,0.8
26704,667,0.5,25,1.0
26705,667,0.5,26,0.8
26706,667,0.5,27,0.8
26707,667,0.5,28,0.8
26708,667,0.5,29,0.6
26709,667,0.5,30,0.8
26710,667,0.5,31,0.6
26711,667,0.5,32,0.6
26712,667,0.5,33,0.6
26713,667,0.5,34,0.8
26714,667,0.5,35,0.6
26715,667,0.5,36,0.6
26716,667,0.5,37,0.6
26717,667,0.5,38,0.6
26718,667,0.5,39,0.6
26719,667,0.5,40,0.6
26720,668,0.5,1,0.6
26721,668,0.5,2,0.4
26722,668,0.5,3,0.4
26723,668,0.5,4,0.6
26724,668,0.5,5,0.6
26725,668,0.5,6,0.4
26726,668,0.5,7,0.8
26727,668,0.5,8,0.6
26728,668,0.5,9,0.6
26729,668,0.5,10,0.6
26730,668,0.5,11,0.8
26731,668,0.5,12,0.6
26732,668,0.5,13,0.8
26733,668,0.5,14,0.6
26734,668,0.5,15,0.8
26735,668,0.5,16,0.8
26736,668,0.5,17,0.8
26737,668,0.5,18,0.8
26738,668,0.5,19,0.8
26739,668,0.5,20,0.8
26740,668,0.5,21,0.6
26741,668,0.5,22,0.8
26742,668,0.5,23,0.8
26743,668,0.5,24,0.8
26744,668,0.5,25,0.8
26745,668,0.5,26,0.8
26746,668,0.5,27,1.0
26747,668,0.5,28,0.8
26748,668,0.5,29,0.8
26749,668,0.5,30,0.8
26750,668,0.5,31,0.8
26751,668,0.5,32,0.8
26752,668,0.5,33,0.8
26753,668,0.5,34,0.6
26754,668,0.5,35,0.8
26755,668,0.5,36,0.8
26756,668,0.5,37,0.8
26757,668,0.5,38,0.8
26758,668,0.5,39,0.8
26759,668,0.5,40,0.8
26760,669,0.5,1,0.8
26761,669,0.5,2,0.8
26762,669,0.5,3,0.8
26763,669,0.5,4,0.8
26764,669,0.5,5,0.8
26765,669,0.5,6,0.6
26766,669,0.5,7,0.6
26767,669,0.5,8,0.6
26768,669,0.5,9,0.8
26769,669,0.5,10,0.8
26770,669,0.5,11,0.8
26771,669,0.5,12,0.8
26772,669,0.5,13,0.8
26773,669,0.5,14,0.8
26774,669,0.5,15,0.8
26775,669,0.5,16,0.8
26776,669,0.5,17,0.8
26777,669,0.5,18,0.8
26778,669,0.5,19,0.8
26779,669,0.5,20,0.8
26780,669,0.5,21,1.0
26781,669,0.5,22,1.0
26782,669,0.5,23,1.0
26783,669,0.5,24,1.0
26784,669,0.5,25,1.0
26785,669,0.5,26,1.0
26786,669,0.5,27,1.0
26787,669,0.5,28,1.0
26788,669,0.5,29,1.0
26789,669,0.5,30,1.0
26790,669,0.5,31,1.0
26791,669,0.5,32,1.0
26792,669,0.5,33,1.0
26793,669,0.5,34,1.0
26794,669,0.5,35,1.0
26795,669,0.5,36,1.0
26796,669,0.5,37,0.8
26797,669,0.5,38,0.8
26798,669,0.5,39,0.8
26799,669,0.5,40,0.8
26800,670,0.5,1,0.6
26801,670,0.5,2,0.6
26802,670,0.5,3,0.6
26803,670,0.5,4,0.8
26804,670,0.5,5,0.8
26805,670,0.5,6,0.8
26806,670,0.5,7,0.8
26807,670,0.5,8,0.8
26808,670,0.5,9,0.8
26809,670,0.5,10,0.8
26810,670,0.5,11,0.8
26811,670,0.5,12,0.8
26812,670,0.5,13,0.8
26813,670,0.5,14,0.8
26814,670,0.5,15,0.8
26815,670,0.5,16,0.8
26816,670,0.5,17,0.8
26817,670,0.5,18,0.8
26818,670,0.5,19,0.8
26819,670,0.5,20,0.8
26820,670,0.5,21,0.8
26821,670,0.5,22,0.8
26822,670,0.5,23,0.6
26823,670,0.5,24,0.6
26824,670,0.5,25,0.6
26825,670,0.5,26,0.6
26826,670,0.5,27,0.6
26827,670,0.5,28,0.6
26828,670,0.5,29,0.6
26829,670,0.5,30,0.6
26830,670,0.5,31,0.8
26831,670,0.5,32,0.8
26832,670,0.5,33,0.8
26833,670,0.5,34,0.8
26834,670,0.5,35,0.8
26835,670,0.5,36,0.8
26836,670,0.5,37,0.8
26837,670,0.5,38,0.8
26838,670,0.5,39,0.8
26839,670,0.5,40,0.8
26840,671,0.5,1,0.6
26841,671,0.5,2,0.6
26842,671,0.5,3,0.6
26843,671,0.5,4,0.6
26844,671,0.5,5,0.6
26845,671,0.5,6,0.6
26846,671,0.5,7,0.6
26847,671,0.5,8,0.6
26848,671,0.5,9,0.6
26849,671,0.5,10,0.6
26850,671,0.5,11,0.6
26851,671,0.5,12,0.8
26852,671,0.5,13,0.8
26853,671,0.5,14,0.8
26854,671,0.5,15,0.8
26855,671,0.5,16,0.8
26856,671,0.5,17,0.8
26857,671,0.5,18,0.8
26858,671,0.5,19,0.8
26859,671,0.5,20,0.8
26860,671,0.5,21,0.8
26861,671,0.5,22,1.0
26862,671,0.5,23,1.0
26863,671,0.5,24,1.0
26864,671,0.5,25,1.0
26865,671,0.5,26,1.0
26866,671,0.5,27,1.0
26867,671,0.5,28,1.0
26868,671,0.5,29,1.0
26869,671,0.5,30,1.0
26870,671,0.5,31,1.0
26871,671,0.5,32,1.0
26872,671,0.5,33,1.0
26873,671,0.5,34,0.8
26874,671,0.5,35,0.8
26875,671,0.5,36,1.0
26876,671,0.5,37,1.0
26877,671,0.5,38,1.0
26878,671,0.5,39,1.0
26879,671,0.5,40,1.0
26880,672,0.5,1,0.0
26881,672,0.5,2,0.6
26882,672,0.5,3,0.6
26883,672,0.5,4,0.8
26884,672,0.5,5,0.8
26885,672,0.5,6,0.8
26886,672,0.5,7,0.8
26887,672,0.5,8,0.6
26888,672,0.5,9,0.6
26889,672,0.5,10,0.6
26890,672,0.5,11,0.6
26891,672,0.5,12,0.6
26892,672,0.5,13,0.6
26893,672,0.5,14,0.6
26894,672,0.5,15,0.6
26895,672,0.5,16,0.6
26896,672,0.5,17,0.6
26897,672,0.5,18,0.6
26898,672,0.5,19,0.6
26899,672,0.5,20,0.6
26900,672,0.5,21,0.6
26901,672,0.5,22,0.6
26902,672,0.5,23,0.6
26903,672,0.5,24,0.8
26904,672,0.5,25,0.8
26905,672,0.5,26,0.8
26906,672,0.5,27,0.8
26907,672,0.5,28,0.8
26908,672,0.5,29,0.8
26909,672,0.5,30,0.8
26910,672,0.5,31,0.8
26911,672,0.5,32,0.8
26912,672,0.5,33,0.8
26913,672,0.5,34,0.8
26914,672,0.5,35,0.8
26915,672,0.5,36,0.8
26916,672,0.5,37,0.8
26917,672,0.5,38,0.8
26918,672,0.5,39,0.8
26919,672,0.5,40,0.8
26920,673,0.5,1,1.0
26921,673,0.5,2,1.0
26922,673,0.5,3,1.0
26923,673,0.5,4,0.8
26924,673,0.5,5,0.8
26925,673,0.5,6,0.6
26926,673,0.5,7,0.8
26927,673,0.5,8,0.8
26928,673,0.5,9,0.8
26929,673,0.5,10,1.0
26930,673,0.5,11,1.0
26931,673,0.5,12,1.0
26932,673,0.5,13,0.6
26933,673,0.5,14,0.6
26934,673,0.5,15,0.6
26935,673,0.5,16,0.6
26936,673,0.5,17,0.6
26937,673,0.5,18,0.6
26938,673,0.5,19,0.6
26939,673,0.5,20,0.6
26940,673,0.5,21,0.4
26941,673,0.5,22,0.4
26942,673,0.5,23,0.6
26943,673,0.5,24,0.6
26944,673,0.5,25,0.6
26945,673,0.5,26,0.6
26946,673,0.5,27,0.6
26947,673,0.5,28,0.6
26948,673,0.5,29,0.6
26949,673,0.5,30,0.6
26950,673,0.5,31,0.6
26951,673,0.5,32,0.6
26952,673,0.5,33,0.6
26953,673,0.5,34,0.6
26954,673,0.5,35,0.6
26955,673,0.5,36,0.6
26956,673,0.5,37,0.4
26957,673,0.5,38,0.4
26958,673,0.5,39,0.4
26959,673,0.5,40,0.4
26960,674,0.5,1,0.0
26961,674,0.5,2,0.6
26962,674,0.5,3,0.6
26963,674,0.5,4,0.6
26964,674,0.5,5,0.6
26965,674,0.5,6,0.8
26966,674,0.5,7,0.8
26967,674,0.5,8,0.8
26968,674,0.5,9,0.8
26969,674,0.5,10,0.8
26970,674,0.5,11,0.8
26971,674,0.5,12,0.8
26972,674,0.5,13,0.8
26973,674,0.5,14,0.8
26974,674,0.5,15,0.8
26975,674,0.5,16,0.8
26976,674,0.5,17,0.8
26977,674,0.5,18,0.8
26978,674,0.5,19,0.8
26979,674,0.5,20,0.8
26980,674,0.5,21,0.8
26981,674,0.5,22,0.6
26982,674,0.5,23,0.6
26983,674,0.5,24,0.6
26984,674,0.5,25,0.6
26985,674,0.5,26,0.6
26986,674,0.5,27,1.0
26987,674,0.5,28,1.0
26988,674,0.5,29,1.0
26989,674,0.5,30,1.0
26990,674,0.5,31,1.0
26991,674,0.5,32,1.0
26992,674,0.5,33,1.0
26993,674,0.5,34,1.0
26994,674,0.5,35,1.0
26995,674,0.5,36,1.0
26996,674,0.5,37,1.0
26997,674,0.5,38,1.0
26998,674,0.5,39,1.0
26999,674,0.5,40,1.0
27000,675,0.5,1,1.0
27001,675,0.5,2,1.0
27002,675,0.5,3,1.0
27003,675,0.5,4,1.0
27004,675,0.5,5,1.0
27005,675,0.5,6,1.0
27006,675,0.5,7,1.0
27007,675,0.5,8,0.8
27008,675,0.5,9,0.6
27009,675,0.5,10,1.0
27010,675,0.5,11,0.8
27011,675,0.5,12,0.8
27012,675,0.5,13,0.8
27013,675,0.5,14,0.8
27014,675,0.5,15,0.8
27015,675,0.5,16,0.8
27016,675,0.5,17,0.8
27017,675,0.5,18,0.8
27018,675,0.5,19,0.8
27019,675,0.5,20,1.0
27020,675,0.5,21,1.0
27021,675,0.5,22,1.0
27022,675,0.5,23,1.0
27023,675,0.5,24,1.0
27024,675,0.5,25,0.8
27025,675,0.5,26,0.8
27026,675,0.5,27,0.8
27027,675,0.5,28,0.8
27028,675,0.5,29,0.8
27029,675,0.5,30,0.8
27030,675,0.5,31,0.8
27031,675,0.5,32,0.8
27032,675,0.5,33,0.8
27033,675,0.5,34,1.0
27034,675,0.5,35,1.0
27035,675,0.5,36,1.0
27036,675,0.5,37,1.0
27037,675,0.5,38,1.0
27038,675,0.5,39,1.0
27039,675,0.5,40,1.0
27040,676,0.5,1,0.8
27041,676,0.5,2,0.6
27042,676,0.5,3,0.6
27043,676,0.5,4,0.6
27044,676,0.5,5,0.6
27045,676,0.5,6,0.8
27046,676,0.5,7,0.8
27047,676,0.5,8,0.8
27048,676,0.5,9,1.0
27049,676,0.5,10,1.0
27050,676,0.5,11,1.0
27051,676,0.5,12,1.0
27052,676,0.5,13,1.0
27053,676,0.5,14,1.0
27054,676,0.5,15,1.0
27055,676,0.5,16,1.0
27056,676,0.5,17,1.0
27057,676,0.5,18,1.0
27058,676,0.5,19,1.0
27059,676,0.5,20,1.0
27060,676,0.5,21,1.0
27061,676,0.5,22,1.0
27062,676,0.5,23,1.0
27063,676,0.5,24,1.0
27064,676,0.5,25,1.0
27065,676,0.5,26,1.0
27066,676,0.5,27,1.0
27067,676,0.5,28,1.0
27068,676,0.5,29,1.0
27069,676,0.5,30,1.0
27070,676,0.5,31,1.0
27071,676,0.5,32,1.0
27072,676,0.5,33,1.0
27073,676,0.5,34,1.0
27074,676,0.5,35,1.0
27075,676,0.5,36,1.0
27076,676,0.5,37,1.0
27077,676,0.5,38,0.8
27078,676,0.5,39,0.8
27079,676,0.5,40,0.8
27080,677,0.5,1,0.6
27081,677,0.5,2,0.4
27082,677,0.5,3,0.4
27083,677,0.5,4,0.2
27084,677,0.5,5,0.4
27085,677,0.5,6,0.6
27086,677,0.5,7,0.8
27087,677,0.5,8,0.4
27088,677,0.5,9,0.4
27089,677,0.5,10,0.4
27090,677,0.5,11,0.4
27091,677,0.5,12,0.6
27092,677,0.5,13,0.6
27093,677,0.5,14,0.8
27094,677,0.5,15,0.8
27095,677,0.5,16,0.8
27096,677,0.5,17,1.0
27097,677,0.5,18,1.0
27098,677,0.5,19,1.0
27099,677,0.5,20,1.0
27100,677,0.5,21,0.8
27101,677,0.5,22,1.0
27102,677,0.5,23,0.8
27103,677,0.5,24,0.8
27104,677,0.5,25,0.8
27105,677,0.5,26,0.8
27106,677,0.5,27,0.8
27107,677,0.5,28,0.8
27108,677,0.5,29,1.0
27109,677,0.5,30,1.0
27110,677,0.5,31,1.0
27111,677,0.5,32,1.0
27112,677,0.5,33,1.0
27113,677,0.5,34,1.0
27114,677,0.5,35,1.0
27115,677,0.5,36,1.0
27116,677,0.5,37,1.0
27117,677,0.5,38,1.0
27118,677,0.5,39,0.8
27119,677,0.5,40,0.8
27120,678,0.5,1,0.8
27121,678,0.5,2,0.8
27122,678,0.5,3,0.8
27123,678,0.5,4,0.8
27124,678,0.5,5,0.8
27125,678,0.5,6,0.8
27126,678,0.5,7,0.8
27127,678,0.5,8,0.8
27128,678,0.5,9,0.8
27129,678,0.5,10,1.0
27130,678,0.5,11,1.0
27131,678,0.5,12,1.0
27132,678,0.5,13,1.0
27133,678,0.5,14,1.0
27134,678,0.5,15,1.0
27135,678,0.5,16,1.0
27136,678,0.5,17,1.0
27137,678,0.5,18,1.0
27138,678,0.5,19,1.0
27139,678,0.5,20,1.0
27140,678,0.5,21,1.0
27141,678,0.5,22,1.0
27142,678,0.5,23,1.0
27143,678,0.5,24,1.0
27144,678,0.5,25,1.0
27145,678,0.5,26,1.0
27146,678,0.5,27,1.0
27147,678,0.5,28,1.0
27148,678,0.5,29,1.0
27149,678,0.5,30,1.0
27150,678,0.5,31,1.0
27151,678,0.5,32,1.0
27152,678,0.5,33,1.0
27153,678,0.5,34,1.0
27154,678,0.5,35,1.0
27155,678,0.5,36,1.0
27156,678,0.5,37,1.0
27157,678,0.5,38,1.0
27158,678,0.5,39,1.0
27159,678,0.5,40,1.0
27160,679,0.5,1,0.6
27161,679,0.5,2,0.4
27162,679,0.5,3,0.4
27163,679,0.5,4,0.4
27164,679,0.5,5,0.4
27165,679,0.5,6,0.2
27166,679,0.5,7,0.4
27167,679,0.5,8,0.6
27168,679,0.5,9,0.4
27169,679,0.5,10,0.4
27170,679,0.5,11,0.4
27171,679,0.5,12,0.8
27172,679,0.5,13,0.8
27173,679,0.5,14,0.8
27174,679,0.5,15,0.8
27175,679,0.5,16,0.8
27176,679,0.5,17,0.8
27177,679,0.5,18,0.6
27178,679,0.5,19,0.6
27179,679,0.5,20,0.6
27180,679,0.5,21,0.6
27181,679,0.5,22,0.6
27182,679,0.5,23,0.6
27183,679,0.5,24,0.6
27184,679,0.5,25,0.6
27185,679,0.5,26,0.6
27186,679,0.5,27,0.6
27187,679,0.5,28,0.6
27188,679,0.5,29,0.6
27189,679,0.5,30,0.6
27190,679,0.5,31,0.6
27191,679,0.5,32,0.8
27192,679,0.5,33,0.8
27193,679,0.5,34,0.8
27194,679,0.5,35,0.8
27195,679,0.5,36,0.8
27196,679,0.5,37,0.8
27197,679,0.5,38,0.8
27198,679,0.5,39,0.8
27199,679,0.5,40,0.8
27200,680,0.5,1,0.6
27201,680,0.5,2,0.8
27202,680,0.5,3,0.8
27203,680,0.5,4,0.4
27204,680,0.5,5,0.4
27205,680,0.5,6,0.4
27206,680,0.5,7,0.4
27207,680,0.5,8,0.2
27208,680,0.5,9,1.0
27209,680,0.5,10,1.0
27210,680,0.5,11,1.0
27211,680,0.5,12,1.0
27212,680,0.5,13,1.0
27213,680,0.5,14,1.0
27214,680,0.5,15,1.0
27215,680,0.5,16,1.0
27216,680,0.5,17,0.8
27217,680,0.5,18,0.8
27218,680,0.5,19,0.8
27219,680,0.5,20,0.8
27220,680,0.5,21,0.8
27221,680,0.5,22,1.0
27222,680,0.5,23,1.0
27223,680,0.5,24,1.0
27224,680,0.5,25,1.0
27225,680,0.5,26,1.0
27226,680,0.5,27,1.0
27227,680,0.5,28,1.0
27228,680,0.5,29,1.0
27229,680,0.5,30,1.0
27230,680,0.5,31,1.0
27231,680,0.5,32,1.0
27232,680,0.5,33,1.0
27233,680,0.5,34,1.0
27234,680,0.5,35,1.0
27235,680,0.5,36,1.0
27236,680,0.5,37,1.0
27237,680,0.5,38,1.0
27238,680,0.5,39,1.0
27239,680,0.5,40,1.0
27240,681,0.5,1,0.0
27241,681,0.5,2,0.6
27242,681,0.5,3,0.8
27243,681,0.5,4,0.8
27244,681,0.5,5,0.8
27245,681,0.5,6,0.8
27246,681,0.5,7,0.8
27247,681,0.5,8,0.8
27248,681,0.5,9,0.8
27249,681,0.5,10,0.8
27250,681,0.5,11,0.8
27251,681,0.5,12,0.8
27252,681,0.5,13,0.8
27253,681,0.5,14,0.8
27254,681,0.5,15,0.8
27255,681,0.5,16,0.8
27256,681,0.5,17,0.8
27257,681,0.5,18,0.8
27258,681,0.5,19,0.8
27259,681,0.5,20,0.8
27260,681,0.5,21,0.6
27261,681,0.5,22,0.6
27262,681,0.5,23,0.6
27263,681,0.5,24,0.6
27264,681,0.5,25,0.6
27265,681,0.5,26,0.6
27266,681,0.5,27,0.6
27267,681,0.5,28,1.0
27268,681,0.5,29,1.0
27269,681,0.5,30,1.0
27270,681,0.5,31,1.0
27271,681,0.5,32,1.0
27272,681,0.5,33,1.0
27273,681,0.5,34,1.0
27274,681,0.5,35,1.0
27275,681,0.5,36,1.0
27276,681,0.5,37,1.0
27277,681,0.5,38,1.0
27278,681,0.5,39,1.0
27279,681,0.5,40,1.0
27280,682,0.5,1,1.0
27281,682,0.5,2,0.6
27282,682,0.5,3,0.8
27283,682,0.5,4,0.8
27284,682,0.5,5,1.0
27285,682,0.5,6,0.8
27286,682,0.5,7,0.8
27287,682,0.5,8,0.8
27288,682,0.5,9,0.8
27289,682,0.5,10,0.8
27290,682,0.5,11,0.6
27291,682,0.5,12,0.6
27292,682,0.5,13,0.6
27293,682,0.5,14,0.6
27294,682,0.5,15,0.6
27295,682,0.5,16,0.8
27296,682,0.5,17,0.8
27297,682,0.5,18,0.8
27298,682,0.5,19,0.6
27299,682,0.5,20,0.6
27300,682,0.5,21,0.8
27301,682,0.5,22,0.8
27302,682,0.5,23,0.8
27303,682,0.5,24,0.8
27304,682,0.5,25,0.8
27305,682,0.5,26,0.8
27306,682,0.5,27,0.8
27307,682,0.5,28,0.8
27308,682,0.5,29,0.8
27309,682,0.5,30,0.8
27310,682,0.5,31,0.8
27311,682,0.5,32,0.8
27312,682,0.5,33,0.8
27313,682,0.5,34,0.8
27314,682,0.5,35,0.8
27315,682,0.5,36,0.8
27316,682,0.5,37,0.8
27317,682,0.5,38,0.8
27318,682,0.5,39,0.8
27319,682,0.5,40,0.8
27320,683,0.5,1,0.0
27321,683,0.5,2,1.0
27322,683,0.5,3,1.0
27323,683,0.5,4,1.0
27324,683,0.5,5,0.8
27325,683,0.5,6,0.8
27326,683,0.5,7,0.8
27327,683,0.5,8,0.8
27328,683,0.5,9,0.8
27329,683,0.5,10,0.8
27330,683,0.5,11,0.8
27331,683,0.5,12,0.8
27332,683,0.5,13,0.8
27333,683,0.5,14,0.8
27334,683,0.5,15,0.8
27335,683,0.5,16,0.8
27336,683,0.5,17,0.8
27337,683,0.5,18,0.8
27338,683,0.5,19,0.8
27339,683,0.5,20,0.8
27340,683,0.5,21,1.0
27341,683,0.5,22,1.0
27342,683,0.5,23,1.0
27343,683,0.5,24,1.0
27344,683,0.5,25,1.0
27345,683,0.5,26,1.0
27346,683,0.5,27,1.0
27347,683,0.5,28,1.0
27348,683,0.5,29,1.0
27349,683,0.5,30,0.8
27350,683,0.5,31,0.8
27351,683,0.5,32,1.0
27352,683,0.5,33,1.0
27353,683,0.5,34,1.0
27354,683,0.5,35,1.0
27355,683,0.5,36,1.0
27356,683,0.5,37,1.0
27357,683,0.5,38,1.0
27358,683,0.5,39,1.0
27359,683,0.5,40,1.0
27360,684,0.5,1,1.0
27361,684,0.5,2,1.0
27362,684,0.5,3,0.8
27363,684,0.5,4,1.0
27364,684,0.5,5,1.0
27365,684,0.5,6,0.8
27366,684,0.5,7,0.8
27367,684,0.5,8,0.8
27368,684,0.5,9,0.8
27369,684,0.5,10,0.8
27370,684,0.5,11,0.8
27371,684,0.5,12,0.8
27372,684,0.5,13,0.8
27373,684,0.5,14,0.8
27374,684,0.5,15,0.8
27375,684,0.5,16,0.8
27376,684,0.5,17,0.8
27377,684,0.5,18,0.8
27378,684,0.5,19,0.8
27379,684,0.5,20,0.6
27380,684,0.5,21,0.6
27381,684,0.5,22,0.6
27382,684,0.5,23,0.6
27383,684,0.5,24,0.6
27384,684,0.5,25,0.6
27385,684,0.5,26,0.6
27386,684,0.5,27,0.6
27387,684,0.5,28,0.6
27388,684,0.5,29,0.6
27389,684,0.5,30,0.6
27390,684,0.5,31,0.6
27391,684,0.5,32,0.6
27392,684,0.5,33,0.6
27393,684,0.5,34,0.6
27394,684,0.5,35,0.6
27395,684,0.5,36,0.6
27396,684,0.5,37,0.6
27397,684,0.5,38,0.6
27398,684,0.5,39,0.6
27399,684,0.5,40,0.6
27400,685,0.5,1,0.8
27401,685,0.5,2,0.8
27402,685,0.5,3,0.8
27403,685,0.5,4,0.4
27404,685,0.5,5,0.6
27405,685,0.5,6,0.6
27406,685,0.5,7,0.6
27407,685,0.5,8,0.6
27408,685,0.5,9,0.6
27409,685,0.5,10,0.6
27410,685,0.5,11,0.6
27411,685,0.5,12,0.6
27412,685,0.5,13,0.6
27413,685,0.5,14,0.6
27414,685,0.5,15,0.6
27415,685,0.5,16,0.6
27416,685,0.5,17,0.6
27417,685,0.5,18,0.6
27418,685,0.5,19,0.6
27419,685,0.5,20,0.6
27420,685,0.5,21,0.6
27421,685,0.5,22,0.6
27422,685,0.5,23,0.6
27423,685,0.5,24,0.6
27424,685,0.5,25,0.6
27425,685,0.5,26,0.6
27426,685,0.5,27,0.6
27427,685,0.5,28,0.6
27428,685,0.5,29,0.6
27429,685,0.5,30,0.6
27430,685,0.5,31,0.6
27431,685,0.5,32,0.6
27432,685,0.5,33,0.6
27433,685,0.5,34,0.6
27434,685,0.5,35,0.6
27435,685,0.5,36,0.6
27436,685,0.5,37,0.6
27437,685,0.5,38,0.6
27438,685,0.5,39,0.6
27439,685,0.5,40,0.6
27440,686,0.5,1,0.6
27441,686,0.5,2,0.6
27442,686,0.5,3,0.6
27443,686,0.5,4,0.6
27444,686,0.5,5,0.6
27445,686,0.5,6,0.6
27446,686,0.5,7,0.8
27447,686,0.5,8,0.6
27448,686,0.5,9,0.6
27449,686,0.5,10,0.6
27450,686,0.5,11,0.8
27451,686,0.5,12,0.8
27452,686,0.5,13,0.8
27453,686,0.5,14,0.8
27454,686,0.5,15,0.8
27455,686,0.5,16,0.8
27456,686,0.5,17,0.6
27457,686,0.5,18,0.6
27458,686,0.5,19,0.6
27459,686,0.5,20,0.6
27460,686,0.5,21,0.6
27461,686,0.5,22,0.6
27462,686,0.5,23,0.4
27463,686,0.5,24,0.4
27464,686,0.5,25,0.4
27465,686,0.5,26,0.6
27466,686,0.5,27,0.6
27467,686,0.5,28,0.6
27468,686,0.5,29,0.6
27469,686,0.5,30,0.6
27470,686,0.5,31,0.6
27471,686,0.5,32,0.6
27472,686,0.5,33,0.6
27473,686,0.5,34,0.6
27474,686,0.5,35,0.6
27475,686,0.5,36,0.6
27476,686,0.5,37,0.6
27477,686,0.5,38,0.6
27478,686,0.5,39,0.6
27479,686,0.5,40,0.4
27480,687,0.5,1,0.8
27481,687,0.5,2,0.8
27482,687,0.5,3,1.0
27483,687,0.5,4,0.8
27484,687,0.5,5,0.8
27485,687,0.5,6,0.8
27486,687,0.5,7,1.0
27487,687,0.5,8,1.0
27488,687,0.5,9,1.0
27489,687,0.5,10,1.0
27490,687,0.5,11,1.0
27491,687,0.5,12,1.0
27492,687,0.5,13,1.0
27493,687,0.5,14,0.8
27494,687,0.5,15,0.8
27495,687,0.5,16,0.6
27496,687,0.5,17,0.6
27497,687,0.5,18,0.6
27498,687,0.5,19,0.8
27499,687,0.5,20,0.8
27500,687,0.5,21,0.6
27501,687,0.5,22,0.6
27502,687,0.5,23,0.6
27503,687,0.5,24,0.6
27504,687,0.5,25,0.8
27505,687,0.5,26,1.0
27506,687,0.5,27,1.0
27507,687,0.5,28,1.0
27508,687,0.5,29,1.0
27509,687,0.5,30,1.0
27510,687,0.5,31,1.0
27511,687,0.5,32,1.0
27512,687,0.5,33,1.0
27513,687,0.5,34,1.0
27514,687,0.5,35,1.0
27515,687,0.5,36,1.0
27516,687,0.5,37,1.0
27517,687,0.5,38,1.0
27518,687,0.5,39,1.0
27519,687,0.5,40,1.0
27520,688,0.5,1,0.6
27521,688,0.5,2,0.4
27522,688,0.5,3,0.4
27523,688,0.5,4,0.4
27524,688,0.5,5,0.4
27525,688,0.5,6,0.4
27526,688,0.5,7,0.6
27527,688,0.5,8,0.8
27528,688,0.5,9,1.0
27529,688,0.5,10,0.8
27530,688,0.5,11,1.0
27531,688,0.5,12,0.8
27532,688,0.5,13,1.0
27533,688,0.5,14,1.0
27534,688,0.5,15,1.0
27535,688,0.5,16,1.0
27536,688,0.5,17,1.0
27537,688,0.5,18,1.0
27538,688,0.5,19,1.0
27539,688,0.5,20,1.0
27540,688,0.5,21,1.0
27541,688,0.5,22,1.0
27542,688,0.5,23,1.0
27543,688,0.5,24,1.0
27544,688,0.5,25,1.0
27545,688,0.5,26,1.0
27546,688,0.5,27,1.0
27547,688,0.5,28,1.0
27548,688,0.5,29,1.0
27549,688,0.5,30,1.0
27550,688,0.5,31,1.0
27551,688,0.5,32,1.0
27552,688,0.5,33,1.0
27553,688,0.5,34,1.0
27554,688,0.5,35,1.0
27555,688,0.5,36,1.0
27556,688,0.5,37,1.0
27557,688,0.5,38,1.0
27558,688,0.5,39,1.0
27559,688,0.5,40,1.0
27560,689,0.5,1,0.6
27561,689,0.5,2,0.6
27562,689,0.5,3,0.6
27563,689,0.5,4,0.6
27564,689,0.5,5,0.6
27565,689,0.5,6,0.4
27566,689,0.5,7,0.6
27567,689,0.5,8,0.4
27568,689,0.5,9,0.4
27569,689,0.5,10,0.2
27570,689,0.5,11,0.2
27571,689,0.5,12,0.4
27572,689,0.5,13,0.4
27573,689,0.5,14,0.4
27574,689,0.5,15,0.4
27575,689,0.5,16,0.4
27576,689,0.5,17,0.4
27577,689,0.5,18,0.4
27578,689,0.5,19,0.8
27579,689,0.5,20,0.8
27580,689,0.5,21,0.8
27581,689,0.5,22,0.8
27582,689,0.5,23,0.8
27583,689,0.5,24,0.8
27584,689,0.5,25,0.8
27585,689,0.5,26,0.8
27586,689,0.5,27,0.8
27587,689,0.5,28,0.8
27588,689,0.5,29,0.8
27589,689,0.5,30,0.8
27590,689,0.5,31,0.8
27591,689,0.5,32,0.8
27592,689,0.5,33,0.8
27593,689,0.5,34,0.8
27594,689,0.5,35,0.8
27595,689,0.5,36,0.8
27596,689,0.5,37,0.8
27597,689,0.5,38,0.8
27598,689,0.5,39,0.8
27599,689,0.5,40,0.8
27600,690,0.5,1,0.0
27601,690,0.5,2,0.8
27602,690,0.5,3,0.6
27603,690,0.5,4,1.0
27604,690,0.5,5,1.0
27605,690,0.5,6,1.0
27606,690,0.5,7,1.0
27607,690,0.5,8,1.0
27608,690,0.5,9,1.0
27609,690,0.5,10,1.0
27610,690,0.5,11,1.0
27611,690,0.5,12,1.0
27612,690,0.5,13,1.0
27613,690,0.5,14,1.0
27614,690,0.5,15,1.0
27615,690,0.5,16,1.0
27616,690,0.5,17,1.0
27617,690,0.5,18,1.0
27618,690,0.5,19,1.0
27619,690,0.5,20,1.0
27620,690,0.5,21,1.0
27621,690,0.5,22,1.0
27622,690,0.5,23,1.0
27623,690,0.5,24,1.0
27624,690,0.5,25,1.0
27625,690,0.5,26,1.0
27626,690,0.5,27,1.0
27627,690,0.5,28,1.0
27628,690,0.5,29,1.0
27629,690,0.5,30,1.0
27630,690,0.5,31,1.0
27631,690,0.5,32,1.0
27632,690,0.5,33,1.0
27633,690,0.5,34,1.0
27634,690,0.5,35,1.0
27635,690,0.5,36,1.0
27636,690,0.5,37,1.0
27637,690,0.5,38,1.0
27638,690,0.5,39,1.0
27639,690,0.5,40,1.0
27640,691,0.5,1,1.0
27641,691,0.5,2,1.0
27642,691,0.5,3,0.6
27643,691,0.5,4,0.2
27644,691,0.5,5,0.2
27645,691,0.5,6,0.2
27646,691,0.5,7,0.4
27647,691,0.5,8,0.4
27648,691,0.5,9,0.4
27649,691,0.5,10,0.4
27650,691,0.5,11,0.4
27651,691,0.5,12,0.4
27652,691,0.5,13,0.4
27653,691,0.5,14,0.4
27654,691,0.5,15,0.4
27655,691,0.5,16,0.4
27656,691,0.5,17,0.4
27657,691,0.5,18,0.4
27658,691,0.5,19,0.4
27659,691,0.5,20,0.4
27660,691,0.5,21,0.4
27661,691,0.5,22,0.4
27662,691,0.5,23,0.4
27663,691,0.5,24,0.4
27664,691,0.5,25,0.4
27665,691,0.5,26,0.4
27666,691,0.5,27,0.4
27667,691,0.5,28,0.4
27668,691,0.5,29,0.4
27669,691,0.5,30,0.4
27670,691,0.5,31,0.4
27671,691,0.5,32,0.4
27672,691,0.5,33,0.4
27673,691,0.5,34,0.4
27674,691,0.5,35,0.4
27675,691,0.5,36,0.4
27676,691,0.5,37,0.4
27677,691,0.5,38,0.4
27678,691,0.5,39,0.4
27679,691,0.5,40,0.4
27680,692,0.5,1,0.0
27681,692,0.5,2,0.4
27682,692,0.5,3,0.4
27683,692,0.5,4,0.4
27684,692,0.5,5,0.2
27685,692,0.5,6,0.2
27686,692,0.5,7,0.4
27687,692,0.5,8,0.4
27688,692,0.5,9,0.6
27689,692,0.5,10,0.6
27690,692,0.5,11,0.8
27691,692,0.5,12,0.8
27692,692,0.5,13,0.8
27693,692,0.5,14,0.8
27694,692,0.5,15,0.8
27695,692,0.5,16,0.8
27696,692,0.5,17,0.8
27697,692,0.5,18,0.8
27698,692,0.5,19,0.8
27699,692,0.5,20,0.8
27700,692,0.5,21,0.8
27701,692,0.5,22,0.8
27702,692,0.5,23,0.8
27703,692,0.5,24,0.8
27704,692,0.5,25,0.8
27705,692,0.5,26,0.8
27706,692,0.5,27,0.8
27707,692,0.5,28,0.8
27708,692,0.5,29,0.8
27709,692,0.5,30,0.8
27710,692,0.5,31,0.8
27711,692,0.5,32,0.8
27712,692,0.5,33,0.8
27713,692,0.5,34,0.8
27714,692,0.5,35,0.8
27715,692,0.5,36,0.8
27716,692,0.5,37,0.8
27717,692,0.5,38,0.8
27718,692,0.5,39,0.8
27719,692,0.5,40,0.8
27720,693,0.5,1,1.0
27721,693,0.5,2,1.0
27722,693,0.5,3,1.0
27723,693,0.5,4,1.0
27724,693,0.5,5,1.0
27725,693,0.5,6,1.0
27726,693,0.5,7,0.8
27727,693,0.5,8,0.8
27728,693,0.5,9,0.8
27729,693,0.5,10,0.8
27730,693,0.5,11,1.0
27731,693,0.5,12,0.8
27732,693,0.5,13,0.8
27733,693,0.5,14,0.8
27734,693,0.5,15,0.8
27735,693,0.5,16,0.8
27736,693,0.5,17,0.8
27737,693,0.5,18,0.8
27738,693,0.5,19,0.8
27739,693,0.5,20,0.8
27740,693,0.5,21,0.8
27741,693,0.5,22,0.8
27742,693,0.5,23,0.8
27743,693,0.5,24,0.8
27744,693,0.5,25,0.8
27745,693,0.5,26,0.8
27746,693,0.5,27,0.8
27747,693,0.5,28,0.8
27748,693,0.5,29,0.8
27749,693,0.5,30,0.8
27750,693,0.5,31,0.8
27751,693,0.5,32,0.8
27752,693,0.5,33,0.8
27753,693,0.5,34,0.8
27754,693,0.5,35,0.8
27755,693,0.5,36,0.8
27756,693,0.5,37,0.8
27757,693,0.5,38,0.8
27758,693,0.5,39,0.8
27759,693,0.5,40,0.8
27760,694,0.5,1,0.8
27761,694,0.5,2,0.8
27762,694,0.5,3,0.8
27763,694,0.5,4,0.8
27764,694,0.5,5,0.8
27765,694,0.5,6,0.8
27766,694,0.5,7,0.8
27767,694,0.5,8,0.6
27768,694,0.5,9,0.6
27769,694,0.5,10,0.8
27770,694,0.5,11,0.8
27771,694,0.5,12,0.6
27772,694,0.5,13,0.8
27773,694,0.5,14,0.6
27774,694,0.5,15,0.8
27775,694,0.5,16,0.8
27776,694,0.5,17,1.0
27777,694,0.5,18,1.0
27778,694,0.5,19,1.0
27779,694,0.5,20,1.0
27780,694,0.5,21,1.0
27781,694,0.5,22,0.8
27782,694,0.5,23,0.8
27783,694,0.5,24,0.8
27784,694,0.5,25,0.8
27785,694,0.5,26,0.8
27786,694,0.5,27,0.8
27787,694,0.5,28,0.6
27788,694,0.5,29,0.8
27789,694,0.5,30,0.8
27790,694,0.5,31,0.8
27791,694,0.5,32,0.8
27792,694,0.5,33,0.8
27793,694,0.5,34,0.8
27794,694,0.5,35,0.8
27795,694,0.5,36,0.8
27796,694,0.5,37,0.8
27797,694,0.5,38,0.8
27798,694,0.5,39,0.8
27799,694,0.5,40,0.8
27800,695,0.5,1,0.6
27801,695,0.5,2,0.6
27802,695,0.5,3,0.6
27803,695,0.5,4,0.6
27804,695,0.5,5,0.6
27805,695,0.5,6,0.6
27806,695,0.5,7,0.6
27807,695,0.5,8,0.6
27808,695,0.5,9,0.6
27809,695,0.5,10,0.6
27810,695,0.5,11,0.6
27811,695,0.5,12,0.6
27812,695,0.5,13,0.6
27813,695,0.5,14,0.6
27814,695,0.5,15,0.6
27815,695,0.5,16,0.6
27816,695,0.5,17,0.6
27817,695,0.5,18,0.6
27818,695,0.5,19,0.6
27819,695,0.5,20,0.6
27820,695,0.5,21,0.4
27821,695,0.5,22,0.4
27822,695,0.5,23,0.4
27823,695,0.5,24,0.4
27824,695,0.5,25,0.4
27825,695,0.5,26,0.4
27826,695,0.5,27,0.6
27827,695,0.5,28,0.6
27828,695,0.5,29,0.8
27829,695,0.5,30,0.8
27830,695,0.5,31,0.8
27831,695,0.5,32,0.8
27832,695,0.5,33,0.8
27833,695,0.5,34,0.8
27834,695,0.5,35,1.0
27835,695,0.5,36,1.0
27836,695,0.5,37,0.8
27837,695,0.5,38,1.0
27838,695,0.5,39,1.0
27839,695,0.5,40,1.0
27840,696,0.5,1,0.8
27841,696,0.5,2,0.8
27842,696,0.5,3,0.8
27843,696,0.5,4,0.4
27844,696,0.5,5,0.4
27845,696,0.5,6,0.6
27846,696,0.5,7,0.4
27847,696,0.5,8,0.4
27848,696,0.5,9,0.6
27849,696,0.5,10,0.6
27850,696,0.5,11,0.6
27851,696,0.5,12,0.6
27852,696,0.5,13,0.4
27853,696,0.5,14,0.6
27854,696,0.5,15,0.4
27855,696,0.5,16,0.4
27856,696,0.5,17,0.6
27857,696,0.5,18,0.6
27858,696,0.5,19,0.8
27859,696,0.5,20,0.8
27860,696,0.5,21,1.0
27861,696,0.5,22,1.0
27862,696,0.5,23,0.8
27863,696,0.5,24,0.8
27864,696,0.5,25,0.8
27865,696,0.5,26,0.6
27866,696,0.5,27,0.8
27867,696,0.5,28,0.8
27868,696,0.5,29,0.8
27869,696,0.5,30,0.8
27870,696,0.5,31,0.6
27871,696,0.5,32,0.8
27872,696,0.5,33,0.8
27873,696,0.5,34,0.6
27874,696,0.5,35,0.6
27875,696,0.5,36,0.8
27876,696,0.5,37,0.8
27877,696,0.5,38,0.8
27878,696,0.5,39,0.8
27879,696,0.5,40,0.8
27880,697,0.5,1,0.6
27881,697,0.5,2,0.6
27882,697,0.5,3,0.8
27883,697,0.5,4,0.8
27884,697,0.5,5,0.8
27885,697,0.5,6,0.8
27886,697,0.5,7,0.8
27887,697,0.5,8,0.6
27888,697,0.5,9,0.6
27889,697,0.5,10,0.8
27890,697,0.5,11,0.8
27891,697,0.5,12,0.8
27892,697,0.5,13,0.6
27893,697,0.5,14,0.8
27894,697,0.5,15,0.8
27895,697,0.5,16,0.8
27896,697,0.5,17,0.6
27897,697,0.5,18,0.8
27898,697,0.5,19,0.8
27899,697,0.5,20,0.8
27900,697,0.5,21,0.8
27901,697,0.5,22,0.8
27902,697,0.5,23,0.8
27903,697,0.5,24,0.8
27904,697,0.5,25,0.6
27905,697,0.5,26,0.6
27906,697,0.5,27,0.6
27907,697,0.5,28,0.6
27908,697,0.5,29,0.6
27909,697,0.5,30,0.6
27910,697,0.5,31,0.6
27911,697,0.5,32,0.6
27912,697,0.5,33,0.6
27913,697,0.5,34,0.6
27914,697,0.5,35,0.6
27915,697,0.5,36,0.6
27916,697,0.5,37,0.6
27917,697,0.5,38,0.6
27918,697,0.5,39,0.6
27919,697,0.5,40,0.6
27920,698,0.5,1,0.6
27921,698,0.5,2,0.6
27922,698,0.5,3,0.6
27923,698,0.5,4,0.8
27924,698,0.5,5,0.6
27925,698,0.5,6,0.6
27926,698,0.5,7,0.8
27927,698,0.5,8,0.8
27928,698,0.5,9,0.8
27929,698,0.5,10,1.0
27930,698,0.5,11,1.0
27931,698,0.5,12,1.0
27932,698,0.5,13,1.0
27933,698,0.5,14,0.8
27934,698,0.5,15,0.8
27935,698,0.5,16,0.8
27936,698,0.5,17,0.8
27937,698,0.5,18,1.0
27938,698,0.5,19,0.8
27939,698,0.5,20,0.8
27940,698,0.5,21,1.0
27941,698,0.5,22,0.8
27942,698,0.5,23,0.8
27943,698,0.5,24,1.0
27944,698,0.5,25,0.8
27945,698,0.5,26,1.0
27946,698,0.5,27,1.0
27947,698,0.5,28,1.0
27948,698,0.5,29,0.2
27949,698,0.5,30,0.2
27950,698,0.5,31,0.2
27951,698,0.5,32,0.2
27952,698,0.5,33,0.2
27953,698,0.5,34,0.2
27954,698,0.5,35,0.2
27955,698,0.5,36,0.2
27956,698,0.5,37,0.2
27957,698,0.5,38,0.2
27958,698,0.5,39,0.2
27959,698,0.5,40,0.2
27960,699,0.5,1,0.0
27961,699,0.5,2,0.6
27962,699,0.5,3,0.6
27963,699,0.5,4,0.6
27964,699,0.5,5,0.6
27965,699,0.5,6,0.6
27966,699,0.5,7,0.6
27967,699,0.5,8,0.6
27968,699,0.5,9,0.8
27969,699,0.5,10,0.8
27970,699,0.5,11,0.8
27971,699,0.5,12,0.8
27972,699,0.5,13,0.8
27973,699,0.5,14,0.8
27974,699,0.5,15,0.8
27975,699,0.5,16,1.0
27976,699,0.5,17,1.0
27977,699,0.5,18,0.8
27978,699,0.5,19,1.0
27979,699,0.5,20,0.8
27980,699,0.5,21,0.8
27981,699,0.5,22,0.8
27982,699,0.5,23,0.8
27983,699,0.5,24,0.8
27984,699,0.5,25,0.8
27985,699,0.5,26,0.8
27986,699,0.5,27,0.8
27987,699,0.5,28,0.8
27988,699,0.5,29,0.8
27989,699,0.5,30,0.8
27990,699,0.5,31,0.8
27991,699,0.5,32,0.8
27992,699,0.5,33,0.8
27993,699,0.5,34,0.8
27994,699,0.5,35,0.8
27995,699,0.5,36,0.8
27996,699,0.5,37,0.8
27997,699,0.5,38,0.8
27998,699,0.5,39,0.8
27999,699,0.5,40,0.8
28000,700,0.5,1,1.0
28001,700,0.5,2,1.0
28002,700,0.5,3,1.0
28003,700,0.5,4,0.8
28004,700,0.5,5,0.6
28005,700,0.5,6,0.8
28006,700,0.5,7,1.0
28007,700,0.5,8,1.0
28008,700,0.5,9,0.8
28009,700,0.5,10,1.0
28010,700,0.5,11,1.0
28011,700,0.5,12,1.0
28012,700,0.5,13,1.0
28013,700,0.5,14,0.8
28014,700,0.5,15,1.0
28015,700,0.5,16,0.8
28016,700,0.5,17,1.0
28017,700,0.5,18,0.8
28018,700,0.5,19,0.8
28019,700,0.5,20,1.0
28020,700,0.5,21,1.0
28021,700,0.5,22,1.0
28022,700,0.5,23,1.0
28023,700,0.5,24,0.8
28024,700,0.5,25,0.8
28025,700,0.5,26,0.8
28026,700,0.5,27,0.8
28027,700,0.5,28,0.8
28028,700,0.5,29,0.8
28029,700,0.5,30,0.8
28030,700,0.5,31,0.8
28031,700,0.5,32,0.8
28032,700,0.5,33,0.8
28033,700,0.5,34,0.8
28034,700,0.5,35,0.6
28035,700,0.5,36,0.6
28036,700,0.5,37,0.6
28037,700,0.5,38,0.6
28038,700,0.5,39,0.6
28039,700,0.5,40,0.6
28040,701,0.5,1,0.0
28041,701,0.5,2,0.2
28042,701,0.5,3,0.8
28043,701,0.5,4,0.8
28044,701,0.5,5,0.8
28045,701,0.5,6,0.8
28046,701,0.5,7,0.8
28047,701,0.5,8,0.8
28048,701,0.5,9,0.8
28049,701,0.5,10,0.8
28050,701,0.5,11,0.8
28051,701,0.5,12,0.8
28052,701,0.5,13,0.8
28053,701,0.5,14,1.0
28054,701,0.5,15,0.8
28055,701,0.5,16,1.0
28056,701,0.5,17,1.0
28057,701,0.5,18,1.0
28058,701,0.5,19,1.0
28059,701,0.5,20,1.0
28060,701,0.5,21,1.0
28061,701,0.5,22,1.0
28062,701,0.5,23,1.0
28063,701,0.5,24,1.0
28064,701,0.5,25,1.0
28065,701,0.5,26,1.0
28066,701,0.5,27,1.0
28067,701,0.5,28,1.0
28068,701,0.5,29,1.0
28069,701,0.5,30,1.0
28070,701,0.5,31,1.0
28071,701,0.5,32,1.0
28072,701,0.5,33,1.0
28073,701,0.5,34,1.0
28074,701,0.5,35,1.0
28075,701,0.5,36,1.0
28076,701,0.5,37,1.0
28077,701,0.5,38,1.0
28078,701,0.5,39,1.0
28079,701,0.5,40,1.0
28080,702,0.5,1,1.0
28081,702,0.5,2,1.0
28082,702,0.5,3,1.0
28083,702,0.5,4,1.0
28084,702,0.5,5,1.0
28085,702,0.5,6,1.0
28086,702,0.5,7,0.8
28087,702,0.5,8,1.0
28088,702,0.5,9,1.0
28089,702,0.5,10,0.8
28090,702,0.5,11,0.8
28091,702,0.5,12,0.8
28092,702,0.5,13,0.8
28093,702,0.5,14,0.8
28094,702,0.5,15,0.8
28095,702,0.5,16,0.8
28096,702,0.5,17,0.8
28097,702,0.5,18,0.8
28098,702,0.5,19,0.8
28099,702,0.5,20,0.8
28100,702,0.5,21,0.8
28101,702,0.5,22,0.8
28102,702,0.5,23,0.8
28103,702,0.5,24,0.8
28104,702,0.5,25,0.8
28105,702,0.5,26,1.0
28106,702,0.5,27,1.0
28107,702,0.5,28,1.0
28108,702,0.5,29,1.0
28109,702,0.5,30,1.0
28110,702,0.5,31,1.0
28111,702,0.5,32,1.0
28112,702,0.5,33,1.0
28113,702,0.5,34,1.0
28114,702,0.5,35,1.0
28115,702,0.5,36,1.0
28116,702,0.5,37,1.0
28117,702,0.5,38,1.0
28118,702,0.5,39,1.0
28119,702,0.5,40,1.0
28120,703,0.5,1,0.8
28121,703,0.5,2,0.8
28122,703,0.5,3,0.8
28123,703,0.5,4,0.8
28124,703,0.5,5,0.8
28125,703,0.5,6,0.8
28126,703,0.5,7,0.8
28127,703,0.5,8,0.8
28128,703,0.5,9,0.8
28129,703,0.5,10,0.6
28130,703,0.5,11,0.6
28131,703,0.5,12,0.8
28132,703,0.5,13,0.8
28133,703,0.5,14,0.8
28134,703,0.5,15,0.8
28135,703,0.5,16,0.8
28136,703,0.5,17,1.0
28137,703,0.5,18,0.8
28138,703,0.5,19,0.8
28139,703,0.5,20,0.8
28140,703,0.5,21,0.8
28141,703,0.5,22,0.8
28142,703,0.5,23,0.6
28143,703,0.5,24,0.6
28144,703,0.5,25,0.6
28145,703,0.5,26,0.6
28146,703,0.5,27,1.0
28147,703,0.5,28,1.0
28148,703,0.5,29,1.0
28149,703,0.5,30,1.0
28150,703,0.5,31,1.0
28151,703,0.5,32,1.0
28152,703,0.5,33,1.0
28153,703,0.5,34,1.0
28154,703,0.5,35,1.0
28155,703,0.5,36,1.0
28156,703,0.5,37,1.0
28157,703,0.5,38,1.0
28158,703,0.5,39,1.0
28159,703,0.5,40,1.0
28160,704,0.5,1,0.6
28161,704,0.5,2,0.6
28162,704,0.5,3,0.6
28163,704,0.5,4,0.4
28164,704,0.5,5,0.6
28165,704,0.5,6,0.6
28166,704,0.5,7,0.6
28167,704,0.5,8,0.6
28168,704,0.5,9,0.6
28169,704,0.5,10,0.6
28170,704,0.5,11,0.6
28171,704,0.5,12,0.6
28172,704,0.5,13,0.6
28173,704,0.5,14,0.6
28174,704,0.5,15,0.6
28175,704,0.5,16,0.6
28176,704,0.5,17,0.6
28177,704,0.5,18,0.6
28178,704,0.5,19,0.6
28179,704,0.5,20,0.6
28180,704,0.5,21,1.0
28181,704,0.5,22,0.6
28182,704,0.5,23,0.6
28183,704,0.5,24,0.6
28184,704,0.5,25,0.6
28185,704,0.5,26,0.6
28186,704,0.5,27,0.6
28187,704,0.5,28,0.6
28188,704,0.5,29,0.6
28189,704,0.5,30,0.6
28190,704,0.5,31,0.6
28191,704,0.5,32,0.6
28192,704,0.5,33,0.6
28193,704,0.5,34,0.6
28194,704,0.5,35,0.6
28195,704,0.5,36,0.6
28196,704,0.5,37,0.6
28197,704,0.5,38,0.6
28198,704,0.5,39,0.6
28199,704,0.5,40,0.6
28200,705,0.5,1,0.8
28201,705,0.5,2,0.8
28202,705,0.5,3,0.8
28203,705,0.5,4,0.6
28204,705,0.5,5,0.6
28205,705,0.5,6,0.6
28206,705,0.5,7,0.8
28207,705,0.5,8,0.8
28208,705,0.5,9,0.8
28209,705,0.5,10,0.8
28210,705,0.5,11,0.8
28211,705,0.5,12,0.8
28212,705,0.5,13,0.8
28213,705,0.5,14,0.8
28214,705,0.5,15,0.6
28215,705,0.5,16,0.6
28216,705,0.5,17,0.6
28217,705,0.5,18,0.6
28218,705,0.5,19,0.6
28219,705,0.5,20,0.6
28220,705,0.5,21,0.8
28221,705,0.5,22,0.8
28222,705,0.5,23,0.8
28223,705,0.5,24,0.8
28224,705,0.5,25,0.8
28225,705,0.5,26,0.8
28226,705,0.5,27,0.8
28227,705,0.5,28,0.8
28228,705,0.5,29,0.8
28229,705,0.5,30,0.8
28230,705,0.5,31,0.8
28231,705,0.5,32,0.8
28232,705,0.5,33,0.8
28233,705,0.5,34,0.8
28234,705,0.5,35,1.0
28235,705,0.5,36,0.8
28236,705,0.5,37,0.8
28237,705,0.5,38,0.8
28238,705,0.5,39,0.8
28239,705,0.5,40,1.0
28240,706,0.5,1,0.6
28241,706,0.5,2,0.6
28242,706,0.5,3,0.4
28243,706,0.5,4,0.6
28244,706,0.5,5,0.6
28245,706,0.5,6,0.6
28246,706,0.5,7,0.6
28247,706,0.5,8,0.6
28248,706,0.5,9,0.6
28249,706,0.5,10,0.6
28250,706,0.5,11,0.6
28251,706,0.5,12,0.8
28252,706,0.5,13,0.6
28253,706,0.5,14,0.8
28254,706,0.5,15,0.8
28255,706,0.5,16,0.8
28256,706,0.5,17,0.6
28257,706,0.5,18,0.8
28258,706,0.5,19,0.8
28259,706,0.5,20,0.8
28260,706,0.5,21,0.8
28261,706,0.5,22,0.8
28262,706,0.5,23,0.8
28263,706,0.5,24,1.0
28264,706,0.5,25,1.0
28265,706,0.5,26,1.0
28266,706,0.5,27,1.0
28267,706,0.5,28,1.0
28268,706,0.5,29,1.0
28269,706,0.5,30,1.0
28270,706,0.5,31,1.0
28271,706,0.5,32,1.0
28272,706,0.5,33,1.0
28273,706,0.5,34,1.0
28274,706,0.5,35,1.0
28275,706,0.5,36,1.0
28276,706,0.5,37,1.0
28277,706,0.5,38,1.0
28278,706,0.5,39,1.0
28279,706,0.5,40,1.0
28280,707,0.5,1,0.6
28281,707,0.5,2,0.6
28282,707,0.5,3,0.6
28283,707,0.5,4,0.8
28284,707,0.5,5,0.6
28285,707,0.5,6,0.6
28286,707,0.5,7,0.4
28287,707,0.5,8,0.4
28288,707,0.5,9,0.4
28289,707,0.5,10,0.4
28290,707,0.5,11,0.4
28291,707,0.5,12,0.2
28292,707,0.5,13,0.2
28293,707,0.5,14,0.6
28294,707,0.5,15,0.6
28295,707,0.5,16,0.6
28296,707,0.5,17,0.6
28297,707,0.5,18,0.6
28298,707,0.5,19,0.6
28299,707,0.5,20,0.4
28300,707,0.5,21,0.4
28301,707,0.5,22,0.6
28302,707,0.5,23,0.6
28303,707,0.5,24,0.6
28304,707,0.5,25,0.6
28305,707,0.5,26,0.6
28306,707,0.5,27,0.6
28307,707,0.5,28,0.6
28308,707,0.5,29,0.6
28309,707,0.5,30,0.6
28310,707,0.5,31,0.6
28311,707,0.5,32,0.6
28312,707,0.5,33,0.6
28313,707,0.5,34,0.6
28314,707,0.5,35,0.6
28315,707,0.5,36,0.6
28316,707,0.5,37,0.6
28317,707,0.5,38,0.6
28318,707,0.5,39,0.6
28319,707,0.5,40,0.6
28320,708,0.5,1,0.0
28321,708,0.5,2,0.6
28322,708,0.5,3,0.6
28323,708,0.5,4,0.4
28324,708,0.5,5,0.6
28325,708,0.5,6,0.6
28326,708,0.5,7,0.6
28327,708,0.5,8,0.6
28328,708,0.5,9,0.6
28329,708,0.5,10,0.6
28330,708,0.5,11,0.6
28331,708,0.5,12,0.4
28332,708,0.5,13,0.4
28333,708,0.5,14,0.4
28334,708,0.5,15,0.4
28335,708,0.5,16,0.4
28336,708,0.5,17,0.4
28337,708,0.5,18,0.4
28338,708,0.5,19,0.4
28339,708,0.5,20,0.4
28340,708,0.5,21,0.4
28341,708,0.5,22,0.4
28342,708,0.5,23,0.4
28343,708,0.5,24,0.6
28344,708,0.5,25,0.4
28345,708,0.5,26,0.4
28346,708,0.5,27,0.4
28347,708,0.5,28,0.4
28348,708,0.5,29,0.4
28349,708,0.5,30,0.4
28350,708,0.5,31,0.4
28351,708,0.5,32,0.4
28352,708,0.5,33,0.4
28353,708,0.5,34,0.4
28354,708,0.5,35,0.4
28355,708,0.5,36,0.4
28356,708,0.5,37,0.6
28357,708,0.5,38,0.4
28358,708,0.5,39,0.4
28359,708,0.5,40,0.4
28360,709,0.5,1,1.0
28361,709,0.5,2,1.0
28362,709,0.5,3,1.0
28363,709,0.5,4,1.0
28364,709,0.5,5,0.8
28365,709,0.5,6,0.8
28366,709,0.5,7,0.6
28367,709,0.5,8,0.6
28368,709,0.5,9,0.6
28369,709,0.5,10,0.6
28370,709,0.5,11,0.6
28371,709,0.5,12,0.8
28372,709,0.5,13,0.6
28373,709,0.5,14,0.6
28374,709,0.5,15,0.6
28375,709,0.5,16,0.6
28376,709,0.5,17,0.6
28377,709,0.5,18,0.6
28378,709,0.5,19,0.6
28379,709,0.5,20,0.6
28380,709,0.5,21,0.6
28381,709,0.5,22,0.6
28382,709,0.5,23,0.4
28383,709,0.5,24,0.4
28384,709,0.5,25,0.6
28385,709,0.5,26,0.6
28386,709,0.5,27,0.2
28387,709,0.5,28,0.2
28388,709,0.5,29,0.2
28389,709,0.5,30,0.2
28390,709,0.5,31,0.2
28391,709,0.5,32,0.2
28392,709,0.5,33,0.2
28393,709,0.5,34,0.2
28394,709,0.5,35,0.2
28395,709,0.5,36,0.2
28396,709,0.5,37,0.2
28397,709,0.5,38,0.2
28398,709,0.5,39,0.2
28399,709,0.5,40,0.2
28400,710,0.5,1,0.0
28401,710,0.5,2,0.6
28402,710,0.5,3,0.6
28403,710,0.5,4,0.6
28404,710,0.5,5,0.6
28405,710,0.5,6,0.6
28406,710,0.5,7,0.6
28407,710,0.5,8,0.6
28408,710,0.5,9,0.6
28409,710,0.5,10,0.6
28410,710,0.5,11,0.6
28411,710,0.5,12,0.6
28412,710,0.5,13,0.6
28413,710,0.5,14,0.6
28414,710,0.5,15,0.6
28415,710,0.5,16,0.8
28416,710,0.5,17,0.8
28417,710,0.5,18,0.8
28418,710,0.5,19,0.8
28419,710,0.5,20,0.8
28420,710,0.5,21,0.6
28421,710,0.5,22,0.8
28422,710,0.5,23,0.6
28423,710,0.5,24,0.8
28424,710,0.5,25,0.8
28425,710,0.5,26,0.8
28426,710,0.5,27,0.8
28427,710,0.5,28,0.8
28428,710,0.5,29,0.8
28429,710,0.5,30,0.8
28430,710,0.5,31,0.8
28431,710,0.5,32,0.8
28432,710,0.5,33,0.8
28433,710,0.5,34,0.8
28434,710,0.5,35,0.8
28435,710,0.5,36,0.8
28436,710,0.5,37,0.8
28437,710,0.5,38,0.8
28438,710,0.5,39,0.8
28439,710,0.5,40,0.8
28440,711,0.5,1,1.0
28441,711,0.5,2,1.0
28442,711,0.5,3,1.0
28443,711,0.5,4,0.8
28444,711,0.5,5,0.8
28445,711,0.5,6,0.8
28446,711,0.5,7,0.8
28447,711,0.5,8,0.8
28448,711,0.5,9,0.8
28449,711,0.5,10,0.8
28450,711,0.5,11,0.8
28451,711,0.5,12,0.8
28452,711,0.5,13,1.0
28453,711,0.5,14,1.0
28454,711,0.5,15,1.0
28455,711,0.5,16,1.0
28456,711,0.5,17,1.0
28457,711,0.5,18,1.0
28458,711,0.5,19,1.0
28459,711,0.5,20,1.0
28460,711,0.5,21,1.0
28461,711,0.5,22,1.0
28462,711,0.5,23,1.0
28463,711,0.5,24,1.0
28464,711,0.5,25,1.0
28465,711,0.5,26,1.0
28466,711,0.5,27,1.0
28467,711,0.5,28,1.0
28468,711,0.5,29,1.0
28469,711,0.5,30,1.0
28470,711,0.5,31,1.0
28471,711,0.5,32,1.0
28472,711,0.5,33,1.0
28473,711,0.5,34,1.0
28474,711,0.5,35,1.0
28475,711,0.5,36,1.0
28476,711,0.5,37,1.0
28477,711,0.5,38,1.0
28478,711,0.5,39,1.0
28479,711,0.5,40,1.0
28480,712,0.5,1,0.8
28481,712,0.5,2,0.8
28482,712,0.5,3,0.8
28483,712,0.5,4,0.8
28484,712,0.5,5,0.8
28485,712,0.5,6,0.8
28486,712,0.5,7,0.8
28487,712,0.5,8,0.6
28488,712,0.5,9,0.8
28489,712,0.5,10,0.8
28490,712,0.5,11,0.8
28491,712,0.5,12,0.8
28492,712,0.5,13,0.8
28493,712,0.5,14,0.8
28494,712,0.5,15,0.8
28495,712,0.5,16,0.8
28496,712,0.5,17,0.8
28497,712,0.5,18,0.8
28498,712,0.5,19,0.8
28499,712,0.5,20,0.8
28500,712,0.5,21,0.8
28501,712,0.5,22,0.8
28502,712,0.5,23,0.8
28503,712,0.5,24,0.4
28504,712,0.5,25,0.4
28505,712,0.5,26,0.4
28506,712,0.5,27,0.4
28507,712,0.5,28,0.4
28508,712,0.5,29,0.4
28509,712,0.5,30,0.4
28510,712,0.5,31,0.4
28511,712,0.5,32,0.4
28512,712,0.5,33,0.4
28513,712,0.5,34,0.4
28514,712,0.5,35,0.4
28515,712,0.5,36,0.4
28516,712,0.5,37,0.4
28517,712,0.5,38,0.4
28518,712,0.5,39,0.4
28519,712,0.5,40,0.4
28520,713,0.5,1,0.6
28521,713,0.5,2,0.4
28522,713,0.5,3,0.6
28523,713,0.5,4,0.4
28524,713,0.5,5,0.6
28525,713,0.5,6,0.6
28526,713,0.5,7,0.6
28527,713,0.5,8,0.2
28528,713,0.5,9,0.6
28529,713,0.5,10,0.6
28530,713,0.5,11,0.6
28531,713,0.5,12,0.8
28532,713,0.5,13,0.8
28533,713,0.5,14,0.8
28534,713,0.5,15,0.8
28535,713,0.5,16,0.8
28536,713,0.5,17,0.8
28537,713,0.5,18,0.8
28538,713,0.5,19,0.8
28539,713,0.5,20,0.6
28540,713,0.5,21,1.0
28541,713,0.5,22,1.0
28542,713,0.5,23,0.8
28543,713,0.5,24,0.8
28544,713,0.5,25,0.8
28545,713,0.5,26,0.8
28546,713,0.5,27,0.8
28547,713,0.5,28,0.8
28548,713,0.5,29,1.0
28549,713,0.5,30,0.8
28550,713,0.5,31,0.8
28551,713,0.5,32,0.8
28552,713,0.5,33,1.0
28553,713,0.5,34,1.0
28554,713,0.5,35,0.8
28555,713,0.5,36,0.8
28556,713,0.5,37,0.8
28557,713,0.5,38,0.8
28558,713,0.5,39,0.8
28559,713,0.5,40,0.8
28560,714,0.5,1,0.8
28561,714,0.5,2,0.8
28562,714,0.5,3,0.8
28563,714,0.5,4,0.8
28564,714,0.5,5,0.8
28565,714,0.5,6,0.8
28566,714,0.5,7,0.8
28567,714,0.5,8,1.0
28568,714,0.5,9,1.0
28569,714,0.5,10,1.0
28570,714,0.5,11,0.8
28571,714,0.5,12,1.0
28572,714,0.5,13,0.8
28573,714,0.5,14,0.8
28574,714,0.5,15,0.8
28575,714,0.5,16,1.0
28576,714,0.5,17,0.8
28577,714,0.5,18,1.0
28578,714,0.5,19,0.4
28579,714,0.5,20,0.4
28580,714,0.5,21,0.4
28581,714,0.5,22,0.4
28582,714,0.5,23,0.4
28583,714,0.5,24,0.4
28584,714,0.5,25,0.4
28585,714,0.5,26,0.4
28586,714,0.5,27,0.4
28587,714,0.5,28,0.4
28588,714,0.5,29,0.4
28589,714,0.5,30,0.4
28590,714,0.5,31,0.4
28591,714,0.5,32,0.4
28592,714,0.5,33,0.4
28593,714,0.5,34,0.4
28594,714,0.5,35,0.4
28595,714,0.5,36,0.4
28596,714,0.5,37,0.4
28597,714,0.5,38,0.4
28598,714,0.5,39,0.4
28599,714,0.5,40,0.4
28600,715,0.5,1,0.6
28601,715,0.5,2,0.6
28602,715,0.5,3,0.6
28603,715,0.5,4,0.4
28604,715,0.5,5,0.6
28605,715,0.5,6,0.6
28606,715,0.5,7,0.6
28607,715,0.5,8,0.6
28608,715,0.5,9,0.6
28609,715,0.5,10,0.8
28610,715,0.5,11,0.8
28611,715,0.5,12,1.0
28612,715,0.5,13,0.8
28613,715,0.5,14,0.8
28614,715,0.5,15,0.8
28615,715,0.5,16,0.8
28616,715,0.5,17,0.8
28617,715,0.5,18,0.8
28618,715,0.5,19,0.8
28619,715,0.5,20,0.8
28620,715,0.5,21,0.8
28621,715,0.5,22,0.8
28622,715,0.5,23,0.8
28623,715,0.5,24,0.8
28624,715,0.5,25,0.8
28625,715,0.5,26,0.8
28626,715,0.5,27,0.8
28627,715,0.5,28,0.8
28628,715,0.5,29,0.8
28629,715,0.5,30,0.8
28630,715,0.5,31,0.8
28631,715,0.5,32,0.8
28632,715,0.5,33,0.8
28633,715,0.5,34,0.8
28634,715,0.5,35,0.8
28635,715,0.5,36,0.8
28636,715,0.5,37,0.8
28637,715,0.5,38,0.8
28638,715,0.5,39,0.8
28639,715,0.5,40,0.8
28640,716,0.5,1,0.6
28641,716,0.5,2,0.6
28642,716,0.5,3,0.6
28643,716,0.5,4,0.6
28644,716,0.5,5,0.6
28645,716,0.5,6,0.6
28646,716,0.5,7,0.4
28647,716,0.5,8,0.4
28648,716,0.5,9,0.4
28649,716,0.5,10,0.4
28650,716,0.5,11,0.4
28651,716,0.5,12,0.4
28652,716,0.5,13,0.4
28653,716,0.5,14,0.4
28654,716,0.5,15,0.8
28655,716,0.5,16,0.6
28656,716,0.5,17,0.6
28657,716,0.5,18,0.6
28658,716,0.5,19,0.8
28659,716,0.5,20,0.8
28660,716,0.5,21,0.8
28661,716,0.5,22,0.8
28662,716,0.5,23,0.8
28663,716,0.5,24,0.8
28664,716,0.5,25,0.8
28665,716,0.5,26,0.6
28666,716,0.5,27,0.8
28667,716,0.5,28,0.8
28668,716,0.5,29,0.8
28669,716,0.5,30,0.6
28670,716,0.5,31,0.8
28671,716,0.5,32,0.8
28672,716,0.5,33,0.8
28673,716,0.5,34,0.6
28674,716,0.5,35,0.6
28675,716,0.5,36,0.8
28676,716,0.5,37,0.6
28677,716,0.5,38,0.6
28678,716,0.5,39,0.8
28679,716,0.5,40,0.8
28680,717,0.5,1,0.0
28681,717,0.5,2,0.2
28682,717,0.5,3,0.2
28683,717,0.5,4,0.4
28684,717,0.5,5,0.6
28685,717,0.5,6,0.6
28686,717,0.5,7,0.4
28687,717,0.5,8,1.0
28688,717,0.5,9,1.0
28689,717,0.5,10,1.0
28690,717,0.5,11,1.0
28691,717,0.5,12,1.0
28692,717,0.5,13,1.0
28693,717,0.5,14,1.0
28694,717,0.5,15,1.0
28695,717,0.5,16,1.0
28696,717,0.5,17,1.0
28697,717,0.5,18,1.0
28698,717,0.5,19,1.0
28699,717,0.5,20,1.0
28700,717,0.5,21,1.0
28701,717,0.5,22,1.0
28702,717,0.5,23,1.0
28703,717,0.5,24,1.0
28704,717,0.5,25,1.0
28705,717,0.5,26,1.0
28706,717,0.5,27,1.0
28707,717,0.5,28,1.0
28708,717,0.5,29,1.0
28709,717,0.5,30,1.0
28710,717,0.5,31,1.0
28711,717,0.5,32,1.0
28712,717,0.5,33,1.0
28713,717,0.5,34,1.0
28714,717,0.5,35,1.0
28715,717,0.5,36,1.0
28716,717,0.5,37,1.0
28717,717,0.5,38,1.0
28718,717,0.5,39,1.0
28719,717,0.5,40,1.0
28720,718,0.5,1,1.0
28721,718,0.5,2,0.6
28722,718,0.5,3,0.6
28723,718,0.5,4,1.0
28724,718,0.5,5,1.0
28725,718,0.5,6,0.8
28726,718,0.5,7,1.0
28727,718,0.5,8,1.0
28728,718,0.5,9,1.0
28729,718,0.5,10,1.0
28730,718,0.5,11,0.8
28731,718,0.5,12,1.0
28732,718,0.5,13,1.0
28733,718,0.5,14,1.0
28734,718,0.5,15,0.6
28735,718,0.5,16,0.8
28736,718,0.5,17,0.8
28737,718,0.5,18,0.8
28738,718,0.5,19,0.8
28739,718,0.5,20,0.8
28740,718,0.5,21,0.8
28741,718,0.5,22,0.8
28742,718,0.5,23,1.0
28743,718,0.5,24,1.0
28744,718,0.5,25,1.0
28745,718,0.5,26,1.0
28746,718,0.5,27,1.0
28747,718,0.5,28,1.0
28748,718,0.5,29,1.0
28749,718,0.5,30,1.0
28750,718,0.5,31,1.0
28751,718,0.5,32,1.0
28752,718,0.5,33,1.0
28753,718,0.5,34,1.0
28754,718,0.5,35,0.4
28755,718,0.5,36,0.4
28756,718,0.5,37,0.4
28757,718,0.5,38,0.4
28758,718,0.5,39,0.4
28759,718,0.5,40,0.4
28760,719,0.5,1,0.0
28761,719,0.5,2,0.8
28762,719,0.5,3,0.8
28763,719,0.5,4,0.8
28764,719,0.5,5,0.8
28765,719,0.5,6,0.8
28766,719,0.5,7,1.0
28767,719,0.5,8,1.0
28768,719,0.5,9,0.8
28769,719,0.5,10,0.8
28770,719,0.5,11,1.0
28771,719,0.5,12,1.0
28772,719,0.5,13,1.0
28773,719,0.5,14,1.0
28774,719,0.5,15,1.0
28775,719,0.5,16,0.8
28776,719,0.5,17,0.8
28777,719,0.5,18,0.8
28778,719,0.5,19,0.8
28779,719,0.5,20,0.8
28780,719,0.5,21,0.8
28781,719,0.5,22,1.0
28782,719,0.5,23,0.8
28783,719,0.5,24,0.8
28784,719,0.5,25,0.8
28785,719,0.5,26,0.8
28786,719,0.5,27,1.0
28787,719,0.5,28,1.0
28788,719,0.5,29,1.0
28789,719,0.5,30,1.0
28790,719,0.5,31,1.0
28791,719,0.5,32,1.0
28792,719,0.5,33,1.0
28793,719,0.5,34,1.0
28794,719,0.5,35,1.0
28795,719,0.5,36,1.0
28796,719,0.5,37,1.0
28797,719,0.5,38,1.0
28798,719,0.5,39,1.0
28799,719,0.5,40,0.8
28800,720,0.8,1,1.0
28801,720,0.8,2,1.0
28802,720,0.8,3,0.6
28803,720,0.8,4,0.6
28804,720,0.8,5,0.6
28805,720,0.8,6,0.6
28806,720,0.8,7,0.6
28807,720,0.8,8,0.6
28808,720,0.8,9,0.6
28809,720,0.8,10,0.6
28810,720,0.8,11,0.4
28811,720,0.8,12,0.4
28812,720,0.8,13,0.4
28813,720,0.8,14,0.4
28814,720,0.8,15,0.6
28815,720,0.8,16,0.6
28816,720,0.8,17,0.6
28817,720,0.8,18,0.6
28818,720,0.8,19,0.6
28819,720,0.8,20,0.6
28820,720,0.8,21,0.6
28821,720,0.8,22,0.6
28822,720,0.8,23,0.6
28823,720,0.8,24,0.6
28824,720,0.8,25,0.6
28825,720,0.8,26,0.4
28826,720,0.8,27,0.4
28827,720,0.8,28,0.4
28828,720,0.8,29,0.2
28829,720,0.8,30,0.2
28830,720,0.8,31,0.2
28831,720,0.8,32,0.2
28832,720,0.8,33,0.2
28833,720,0.8,34,0.2
28834,720,0.8,35,0.2
28835,720,0.8,36,0.2
28836,720,0.8,37,0.2
28837,720,0.8,38,0.2
28838,720,0.8,39,0.2
28839,720,0.8,40,0.2
28840,721,0.8,1,0.8
28841,721,0.8,2,0.8
28842,721,0.8,3,0.4
28843,721,0.8,4,0.4
28844,721,0.8,5,0.4
28845,721,0.8,6,0.4
28846,721,0.8,7,0.4
28847,721,0.8,8,0.4
28848,721,0.8,9,0.4
28849,721,0.8,10,0.4
28850,721,0.8,11,0.4
28851,721,0.8,12,0.4
28852,721,0.8,13,0.4
28853,721,0.8,14,0.4
28854,721,0.8,15,0.4
28855,721,0.8,16,0.4
28856,721,0.8,17,0.4
28857,721,0.8,18,0.6
28858,721,0.8,19,0.6
28859,721,0.8,20,0.4
28860,721,0.8,21,0.6
28861,721,0.8,22,0.6
28862,721,0.8,23,0.6
28863,721,0.8,24,0.8
28864,721,0.8,25,0.6
28865,721,0.8,26,0.6
28866,721,0.8,27,0.8
28867,721,0.8,28,0.6
28868,721,0.8,29,0.6
28869,721,0.8,30,0.6
28870,721,0.8,31,0.6
28871,721,0.8,32,0.4
28872,721,0.8,33,0.4
28873,721,0.8,34,0.4
28874,721,0.8,35,0.4
28875,721,0.8,36,0.4
28876,721,0.8,37,0.6
28877,721,0.8,38,0.4
28878,721,0.8,39,0.6
28879,721,0.8,40,0.6
28880,722,0.8,1,0.6
28881,722,0.8,2,0.6
28882,722,0.8,3,0.6
28883,722,0.8,4,0.4
28884,722,0.8,5,0.6
28885,722,0.8,6,0.6
28886,722,0.8,7,0.6
28887,722,0.8,8,0.4
28888,722,0.8,9,0.2
28889,722,0.8,10,0.2
28890,722,0.8,11,0.4
28891,722,0.8,12,0.6
28892,722,0.8,13,0.6
28893,722,0.8,14,0.4
28894,722,0.8,15,0.4
28895,722,0.8,16,0.4
28896,722,0.8,17,0.4
28897,722,0.8,18,0.4
28898,722,0.8,19,0.4
28899,722,0.8,20,0.6
28900,722,0.8,21,0.6
28901,722,0.8,22,0.6
28902,722,0.8,23,0.6
28903,722,0.8,24,0.6
28904,722,0.8,25,0.8
28905,722,0.8,26,0.8
28906,722,0.8,27,0.6
28907,722,0.8,28,0.8
28908,722,0.8,29,0.8
28909,722,0.8,30,0.8
28910,722,0.8,31,0.8
28911,722,0.8,32,0.8
28912,722,0.8,33,0.8
28913,722,0.8,34,0.8
28914,722,0.8,35,0.8
28915,722,0.8,36,0.8
28916,722,0.8,37,0.8
28917,722,0.8,38,0.8
28918,722,0.8,39,0.8
28919,722,0.8,40,0.8
28920,723,0.8,1,0.8
28921,723,0.8,2,0.8
28922,723,0.8,3,0.8
28923,723,0.8,4,0.8
28924,723,0.8,5,0.8
28925,723,0.8,6,0.8
28926,723,0.8,7,0.8
28927,723,0.8,8,0.8
28928,723,0.8,9,0.8
28929,723,0.8,10,0.6
28930,723,0.8,11,0.6
28931,723,0.8,12,0.4
28932,723,0.8,13,0.4
28933,723,0.8,14,0.4
28934,723,0.8,15,0.4
28935,723,0.8,16,0.4
28936,723,0.8,17,0.4
28937,723,0.8,18,0.6
28938,723,0.8,19,0.6
28939,723,0.8,20,0.6
28940,723,0.8,21,0.6
28941,723,0.8,22,0.8
28942,723,0.8,23,0.8
28943,723,0.8,24,0.8
28944,723,0.8,25,0.8
28945,723,0.8,26,0.8
28946,723,0.8,27,0.8
28947,723,0.8,28,0.8
28948,723,0.8,29,0.8
28949,723,0.8,30,0.8
28950,723,0.8,31,0.8
28951,723,0.8,32,0.6
28952,723,0.8,33,0.6
28953,723,0.8,34,0.6
28954,723,0.8,35,0.4
28955,723,0.8,36,0.4
28956,723,0.8,37,0.4
28957,723,0.8,38,0.4
28958,723,0.8,39,0.4
28959,723,0.8,40,0.4
28960,724,0.8,1,0.6
28961,724,0.8,2,0.6
28962,724,0.8,3,0.6
28963,724,0.8,4,0.8
28964,724,0.8,5,0.8
28965,724,0.8,6,0.6
28966,724,0.8,7,0.6
28967,724,0.8,8,0.6
28968,724,0.8,9,0.4
28969,724,0.8,10,0.4
28970,724,0.8,11,0.4
28971,724,0.8,12,0.4
28972,724,0.8,13,0.4
28973,724,0.8,14,0.4
28974,724,0.8,15,0.4
28975,724,0.8,16,0.4
28976,724,0.8,17,0.4
28977,724,0.8,18,0.4
28978,724,0.8,19,0.4
28979,724,0.8,20,0.4
28980,724,0.8,21,0.4
28981,724,0.8,22,0.4
28982,724,0.8,23,0.8
28983,724,0.8,24,0.8
28984,724,0.8,25,0.8
28985,724,0.8,26,0.6
28986,724,0.8,27,0.6
28987,724,0.8,28,0.6
28988,724,0.8,29,0.6
28989,724,0.8,30,0.6
28990,724,0.8,31,0.6
28991,724,0.8,32,0.8
28992,724,0.8,33,0.6
28993,724,0.8,34,0.6
28994,724,0.8,35,0.6
28995,724,0.8,36,0.6
28996,724,0.8,37,0.8
28997,724,0.8,38,0.8
28998,724,0.8,39,0.8
28999,724,0.8,40,0.6
29000,725,0.8,1,0.6
29001,725,0.8,2,0.4
29002,725,0.8,3,0.4
29003,725,0.8,4,0.6
29004,725,0.8,5,0.6
29005,725,0.8,6,0.8
29006,725,0.8,7,0.8
29007,725,0.8,8,0.8
29008,725,0.8,9,0.8
29009,725,0.8,10,0.8
29010,725,0.8,11,0.8
29011,725,0.8,12,0.8
29012,725,0.8,13,1.0
29013,725,0.8,14,1.0
29014,725,0.8,15,1.0
29015,725,0.8,16,0.8
29016,725,0.8,17,0.8
29017,725,0.8,18,0.8
29018,725,0.8,19,0.8
29019,725,0.8,20,0.8
29020,725,0.8,21,0.8
29021,725,0.8,22,0.6
29022,725,0.8,23,0.6
29023,725,0.8,24,0.6
29024,725,0.8,25,0.6
29025,725,0.8,26,1.0
29026,725,0.8,27,1.0
29027,725,0.8,28,1.0
29028,725,0.8,29,1.0
29029,725,0.8,30,1.0
29030,725,0.8,31,0.8
29031,725,0.8,32,0.8
29032,725,0.8,33,0.8
29033,725,0.8,34,0.8
29034,725,0.8,35,0.8
29035,725,0.8,36,0.8
29036,725,0.8,37,0.8
29037,725,0.8,38,0.8
29038,725,0.8,39,0.8
29039,725,0.8,40,0.8
29040,726,0.8,1,0.0
29041,726,0.8,2,0.6
29042,726,0.8,3,0.6
29043,726,0.8,4,0.8
29044,726,0.8,5,0.8
29045,726,0.8,6,0.8
29046,726,0.8,7,0.8
29047,726,0.8,8,0.8
29048,726,0.8,9,0.8
29049,726,0.8,10,0.8
29050,726,0.8,11,0.6
29051,726,0.8,12,0.6
29052,726,0.8,13,0.6
29053,726,0.8,14,0.6
29054,726,0.8,15,0.8
29055,726,0.8,16,0.6
29056,726,0.8,17,0.6
29057,726,0.8,18,0.8
29058,726,0.8,19,0.8
29059,726,0.8,20,0.8
29060,726,0.8,21,0.8
29061,726,0.8,22,0.8
29062,726,0.8,23,0.8
29063,726,0.8,24,0.8
29064,726,0.8,25,0.8
29065,726,0.8,26,0.8
29066,726,0.8,27,0.8
29067,726,0.8,28,0.8
29068,726,0.8,29,0.8
29069,726,0.8,30,0.8
29070,726,0.8,31,0.8
29071,726,0.8,32,0.8
29072,726,0.8,33,0.8
29073,726,0.8,34,0.8
29074,726,0.8,35,0.8
29075,726,0.8,36,0.8
29076,726,0.8,37,0.8
29077,726,0.8,38,0.8
29078,726,0.8,39,0.8
29079,726,0.8,40,0.8
29080,727,0.8,1,1.0
29081,727,0.8,2,0.4
29082,727,0.8,3,0.4
29083,727,0.8,4,0.4
29084,727,0.8,5,0.4
29085,727,0.8,6,0.2
29086,727,0.8,7,0.2
29087,727,0.8,8,0.2
29088,727,0.8,9,0.8
29089,727,0.8,10,1.0
29090,727,0.8,11,1.0
29091,727,0.8,12,1.0
29092,727,0.8,13,1.0
29093,727,0.8,14,1.0
29094,727,0.8,15,1.0
29095,727,0.8,16,1.0
29096,727,0.8,17,1.0
29097,727,0.8,18,1.0
29098,727,0.8,19,1.0
29099,727,0.8,20,0.8
29100,727,0.8,21,0.8
29101,727,0.8,22,0.8
29102,727,0.8,23,0.8
29103,727,0.8,24,0.8
29104,727,0.8,25,0.8
29105,727,0.8,26,0.8
29106,727,0.8,27,0.8
29107,727,0.8,28,0.8
29108,727,0.8,29,1.0
29109,727,0.8,30,1.0
29110,727,0.8,31,1.0
29111,727,0.8,32,1.0
29112,727,0.8,33,1.0
29113,727,0.8,34,1.0
29114,727,0.8,35,1.0
29115,727,0.8,36,1.0
29116,727,0.8,37,0.8
29117,727,0.8,38,0.8
29118,727,0.8,39,0.8
29119,727,0.8,40,0.8
29120,728,0.8,1,0.0
29121,728,0.8,2,0.2
29122,728,0.8,3,0.4
29123,728,0.8,4,0.4
29124,728,0.8,5,0.4
29125,728,0.8,6,0.6
29126,728,0.8,7,0.6
29127,728,0.8,8,0.6
29128,728,0.8,9,0.4
29129,728,0.8,10,0.4
29130,728,0.8,11,0.4
29131,728,0.8,12,0.4
29132,728,0.8,13,0.4
29133,728,0.8,14,0.4
29134,728,0.8,15,0.4
29135,728,0.8,16,0.6
29136,728,0.8,17,0.6
29137,728,0.8,18,0.4
29138,728,0.8,19,0.4
29139,728,0.8,20,0.4
29140,728,0.8,21,0.8
29141,728,0.8,22,0.8
29142,728,0.8,23,0.8
29143,728,0.8,24,0.8
29144,728,0.8,25,1.0
29145,728,0.8,26,0.6
29146,728,0.8,27,0.4
29147,728,0.8,28,0.8
29148,728,0.8,29,0.8
29149,728,0.8,30,1.0
29150,728,0.8,31,1.0
29151,728,0.8,32,1.0
29152,728,0.8,33,1.0
29153,728,0.8,34,1.0
29154,728,0.8,35,1.0
29155,728,0.8,36,1.0
29156,728,0.8,37,1.0
29157,728,0.8,38,0.8
29158,728,0.8,39,0.8
29159,728,0.8,40,0.8
29160,729,0.8,1,1.0
29161,729,0.8,2,1.0
29162,729,0.8,3,0.6
29163,729,0.8,4,0.6
29164,729,0.8,5,0.6
29165,729,0.8,6,0.8
29166,729,0.8,7,0.8
29167,729,0.8,8,0.8
29168,729,0.8,9,0.8
29169,729,0.8,10,0.8
29170,729,0.8,11,0.8
29171,729,0.8,12,0.8
29172,729,0.8,13,0.8
29173,729,0.8,14,0.8
29174,729,0.8,15,0.8
29175,729,0.8,16,0.8
29176,729,0.8,17,0.8
29177,729,0.8,18,0.8
29178,729,0.8,19,0.8
29179,729,0.8,20,0.8
29180,729,0.8,21,0.8
29181,729,0.8,22,0.8
29182,729,0.8,23,0.8
29183,729,0.8,24,0.8
29184,729,0.8,25,0.8
29185,729,0.8,26,0.8
29186,729,0.8,27,0.8
29187,729,0.8,28,0.8
29188,729,0.8,29,0.8
29189,729,0.8,30,0.8
29190,729,0.8,31,0.8
29191,729,0.8,32,0.8
29192,729,0.8,33,0.8
29193,729,0.8,34,0.8
29194,729,0.8,35,0.8
29195,729,0.8,36,0.8
29196,729,0.8,37,0.8
29197,729,0.8,38,0.8
29198,729,0.8,39,0.8
29199,729,0.8,40,0.8
29200,730,0.8,1,0.8
29201,730,0.8,2,0.6
29202,730,0.8,3,0.6
29203,730,0.8,4,0.6
29204,730,0.8,5,0.6
29205,730,0.8,6,0.6
29206,730,0.8,7,0.6
29207,730,0.8,8,0.6
29208,730,0.8,9,0.6
29209,730,0.8,10,0.6
29210,730,0.8,11,0.6
29211,730,0.8,12,0.6
29212,730,0.8,13,0.6
29213,730,0.8,14,0.6
29214,730,0.8,15,0.4
29215,730,0.8,16,0.4
29216,730,0.8,17,0.4
29217,730,0.8,18,0.4
29218,730,0.8,19,0.4
29219,730,0.8,20,0.4
29220,730,0.8,21,0.4
29221,730,0.8,22,0.4
29222,730,0.8,23,0.4
29223,730,0.8,24,0.4
29224,730,0.8,25,0.4
29225,730,0.8,26,0.4
29226,730,0.8,27,0.6
29227,730,0.8,28,0.6
29228,730,0.8,29,0.6
29229,730,0.8,30,0.6
29230,730,0.8,31,0.6
29231,730,0.8,32,0.8
29232,730,0.8,33,0.8
29233,730,0.8,34,0.6
29234,730,0.8,35,0.6
29235,730,0.8,36,0.6
29236,730,0.8,37,0.6
29237,730,0.8,38,0.6
29238,730,0.8,39,0.6
29239,730,0.8,40,0.6
29240,731,0.8,1,0.6
29241,731,0.8,2,0.6
29242,731,0.8,3,0.6
29243,731,0.8,4,0.6
29244,731,0.8,5,0.6
29245,731,0.8,6,0.6
29246,731,0.8,7,0.6
29247,731,0.8,8,0.6
29248,731,0.8,9,0.6
29249,731,0.8,10,0.6
29250,731,0.8,11,0.6
29251,731,0.8,12,0.6
29252,731,0.8,13,0.6
29253,731,0.8,14,0.6
29254,731,0.8,15,0.4
29255,731,0.8,16,0.4
29256,731,0.8,17,0.4
29257,731,0.8,18,0.4
29258,731,0.8,19,0.4
29259,731,0.8,20,0.4
29260,731,0.8,21,0.4
29261,731,0.8,22,0.4
29262,731,0.8,23,0.4
29263,731,0.8,24,0.4
29264,731,0.8,25,0.2
29265,731,0.8,26,0.2
29266,731,0.8,27,0.2
29267,731,0.8,28,0.4
29268,731,0.8,29,0.4
29269,731,0.8,30,0.4
29270,731,0.8,31,0.4
29271,731,0.8,32,0.4
29272,731,0.8,33,0.4
29273,731,0.8,34,0.4
29274,731,0.8,35,0.4
29275,731,0.8,36,0.4
29276,731,0.8,37,0.4
29277,731,0.8,38,0.6
29278,731,0.8,39,0.6
29279,731,0.8,40,0.6
29280,732,0.8,1,0.8
29281,732,0.8,2,0.6
29282,732,0.8,3,0.6
29283,732,0.8,4,0.6
29284,732,0.8,5,0.6
29285,732,0.8,6,0.6
29286,732,0.8,7,0.6
29287,732,0.8,8,0.6
29288,732,0.8,9,0.6
29289,732,0.8,10,0.6
29290,732,0.8,11,0.6
29291,732,0.8,12,0.6
29292,732,0.8,13,0.6
29293,732,0.8,14,0.6
29294,732,0.8,15,0.6
29295,732,0.8,16,0.6
29296,732,0.8,17,0.6
29297,732,0.8,18,0.6
29298,732,0.8,19,0.6
29299,732,0.8,20,0.6
29300,732,0.8,21,0.6
29301,732,0.8,22,0.6
29302,732,0.8,23,0.6
29303,732,0.8,24,0.6
29304,732,0.8,25,0.6
29305,732,0.8,26,0.4
29306,732,0.8,27,0.4
29307,732,0.8,28,0.4
29308,732,0.8,29,0.4
29309,732,0.8,30,0.4
29310,732,0.8,31,0.4
29311,732,0.8,32,0.4
29312,732,0.8,33,0.4
29313,732,0.8,34,0.4
29314,732,0.8,35,0.4
29315,732,0.8,36,0.4
29316,732,0.8,37,0.4
29317,732,0.8,38,0.4
29318,732,0.8,39,0.4
29319,732,0.8,40,0.4
29320,733,0.8,1,0.6
29321,733,0.8,2,0.6
29322,733,0.8,3,0.4
29323,733,0.8,4,0.4
29324,733,0.8,5,0.2
29325,733,0.8,6,0.4
29326,733,0.8,7,0.2
29327,733,0.8,8,0.4
29328,733,0.8,9,1.0
29329,733,0.8,10,1.0
29330,733,0.8,11,1.0
29331,733,0.8,12,1.0
29332,733,0.8,13,1.0
29333,733,0.8,14,1.0
29334,733,0.8,15,1.0
29335,733,0.8,16,1.0
29336,733,0.8,17,1.0
29337,733,0.8,18,1.0
29338,733,0.8,19,0.6
29339,733,0.8,20,0.8
29340,733,0.8,21,0.8
29341,733,0.8,22,0.8
29342,733,0.8,23,0.8
29343,733,0.8,24,0.8
29344,733,0.8,25,0.8
29345,733,0.8,26,0.8
29346,733,0.8,27,0.8
29347,733,0.8,28,0.8
29348,733,0.8,29,0.8
29349,733,0.8,30,0.8
29350,733,0.8,31,0.8
29351,733,0.8,32,0.8
29352,733,0.8,33,0.8
29353,733,0.8,34,0.8
29354,733,0.8,35,0.8
29355,733,0.8,36,0.8
29356,733,0.8,37,0.8
29357,733,0.8,38,0.8
29358,733,0.8,39,0.8
29359,733,0.8,40,0.8
29360,734,0.8,1,0.6
29361,734,0.8,2,0.2
29362,734,0.8,3,0.4
29363,734,0.8,4,0.4
29364,734,0.8,5,0.6
29365,734,0.8,6,0.6
29366,734,0.8,7,0.4
29367,734,0.8,8,0.4
29368,734,0.8,9,0.4
29369,734,0.8,10,0.6
29370,734,0.8,11,0.4
29371,734,0.8,12,0.4
29372,734,0.8,13,0.6
29373,734,0.8,14,0.4
29374,734,0.8,15,1.0
29375,734,0.8,16,1.0
29376,734,0.8,17,1.0
29377,734,0.8,18,0.8
29378,734,0.8,19,0.8
29379,734,0.8,20,0.6
29380,734,0.8,21,0.6
29381,734,0.8,22,0.8
29382,734,0.8,23,0.8
29383,734,0.8,24,0.8
29384,734,0.8,25,0.8
29385,734,0.8,26,0.8
29386,734,0.8,27,0.8
29387,734,0.8,28,0.8
29388,734,0.8,29,0.8
29389,734,0.8,30,0.8
29390,734,0.8,31,0.8
29391,734,0.8,32,0.8
29392,734,0.8,33,0.8
29393,734,0.8,34,0.8
29394,734,0.8,35,0.8
29395,734,0.8,36,0.8
29396,734,0.8,37,0.8
29397,734,0.8,38,0.8
29398,734,0.8,39,0.8
29399,734,0.8,40,0.8
29400,735,0.8,1,0.0
29401,735,0.8,2,0.4
29402,735,0.8,3,0.4
29403,735,0.8,4,0.4
29404,735,0.8,5,0.4
29405,735,0.8,6,0.4
29406,735,0.8,7,0.4
29407,735,0.8,8,0.6
29408,735,0.8,9,0.4
29409,735,0.8,10,0.4
29410,735,0.8,11,0.4
29411,735,0.8,12,0.4
29412,735,0.8,13,0.4
29413,735,0.8,14,0.4
29414,735,0.8,15,0.4
29415,735,0.8,16,0.4
29416,735,0.8,17,0.4
29417,735,0.8,18,0.4
29418,735,0.8,19,0.4
29419,735,0.8,20,0.8
29420,735,0.8,21,0.4
29421,735,0.8,22,0.6
29422,735,0.8,23,0.6
29423,735,0.8,24,0.6
29424,735,0.8,25,0.6
29425,735,0.8,26,0.6
29426,735,0.8,27,0.6
29427,735,0.8,28,0.6
29428,735,0.8,29,0.6
29429,735,0.8,30,0.6
29430,735,0.8,31,0.6
29431,735,0.8,32,0.6
29432,735,0.8,33,0.8
29433,735,0.8,34,0.8
29434,735,0.8,35,0.8
29435,735,0.8,36,0.6
29436,735,0.8,37,0.6
29437,735,0.8,38,0.6
29438,735,0.8,39,0.8
29439,735,0.8,40,0.8
29440,736,0.8,1,1.0
29441,736,0.8,2,1.0
29442,736,0.8,3,1.0
29443,736,0.8,4,1.0
29444,736,0.8,5,0.6
29445,736,0.8,6,0.6
29446,736,0.8,7,0.2
29447,736,0.8,8,0.6
29448,736,0.8,9,0.4
29449,736,0.8,10,0.4
29450,736,0.8,11,0.6
29451,736,0.8,12,0.6
29452,736,0.8,13,0.4
29453,736,0.8,14,0.4
29454,736,0.8,15,0.4
29455,736,0.8,16,0.4
29456,736,0.8,17,0.6
29457,736,0.8,18,0.6
29458,736,0.8,19,1.0
29459,736,0.8,20,0.8
29460,736,0.8,21,1.0
29461,736,0.8,22,0.8
29462,736,0.8,23,0.6
29463,736,0.8,24,0.8
29464,736,0.8,25,0.8
29465,736,0.8,26,0.8
29466,736,0.8,27,0.8
29467,736,0.8,28,0.6
29468,736,0.8,29,0.6
29469,736,0.8,30,0.6
29470,736,0.8,31,0.8
29471,736,0.8,32,0.8
29472,736,0.8,33,1.0
29473,736,0.8,34,1.0
29474,736,0.8,35,1.0
29475,736,0.8,36,1.0
29476,736,0.8,37,1.0
29477,736,0.8,38,1.0
29478,736,0.8,39,1.0
29479,736,0.8,40,1.0
29480,737,0.8,1,0.0
29481,737,0.8,2,0.4
29482,737,0.8,3,0.6
29483,737,0.8,4,0.4
29484,737,0.8,5,0.4
29485,737,0.8,6,0.4
29486,737,0.8,7,0.4
29487,737,0.8,8,0.4
29488,737,0.8,9,0.4
29489,737,0.8,10,0.6
29490,737,0.8,11,0.6
29491,737,0.8,12,0.4
29492,737,0.8,13,0.6
29493,737,0.8,14,0.6
29494,737,0.8,15,0.6
29495,737,0.8,16,0.6
29496,737,0.8,17,0.6
29497,737,0.8,18,0.6
29498,737,0.8,19,0.4
29499,737,0.8,20,0.4
29500,737,0.8,21,0.6
29501,737,0.8,22,0.6
29502,737,0.8,23,0.6
29503,737,0.8,24,0.4
29504,737,0.8,25,0.2
29505,737,0.8,26,0.2
29506,737,0.8,27,0.4
29507,737,0.8,28,0.4
29508,737,0.8,29,0.4
29509,737,0.8,30,0.4
29510,737,0.8,31,0.6
29511,737,0.8,32,0.4
29512,737,0.8,33,0.6
29513,737,0.8,34,0.6
29514,737,0.8,35,0.6
29515,737,0.8,36,0.6
29516,737,0.8,37,0.6
29517,737,0.8,38,0.4
29518,737,0.8,39,0.6
29519,737,0.8,40,0.6
29520,738,0.8,1,1.0
29521,738,0.8,2,1.0
29522,738,0.8,3,0.6
29523,738,0.8,4,0.6
29524,738,0.8,5,0.4
29525,738,0.8,6,0.4
29526,738,0.8,7,0.4
29527,738,0.8,8,0.4
29528,738,0.8,9,0.4
29529,738,0.8,10,0.4
29530,738,0.8,11,0.4
29531,738,0.8,12,0.4
29532,738,0.8,13,0.6
29533,738,0.8,14,0.6
29534,738,0.8,15,0.6
29535,738,0.8,16,0.6
29536,738,0.8,17,0.6
29537,738,0.8,18,0.6
29538,738,0.8,19,0.6
29539,738,0.8,20,0.6
29540,738,0.8,21,0.6
29541,738,0.8,22,0.6
29542,738,0.8,23,0.6
29543,738,0.8,24,0.6
29544,738,0.8,25,0.6
29545,738,0.8,26,0.6
29546,738,0.8,27,0.6
29547,738,0.8,28,0.6
29548,738,0.8,29,0.6
29549,738,0.8,30,0.6
29550,738,0.8,31,0.6
29551,738,0.8,32,0.6
29552,738,0.8,33,0.6
29553,738,0.8,34,0.6
29554,738,0.8,35,0.6
29555,738,0.8,36,0.6
29556,738,0.8,37,0.6
29557,738,0.8,38,0.6
29558,738,0.8,39,0.6
29559,738,0.8,40,0.6
29560,739,0.8,1,0.2
29561,739,0.8,2,0.0
29562,739,0.8,3,0.2
29563,739,0.8,4,0.2
29564,739,0.8,5,0.2
29565,739,0.8,6,0.4
29566,739,0.8,7,0.6
29567,739,0.8,8,1.0
29568,739,0.8,9,0.8
29569,739,0.8,10,0.8
29570,739,0.8,11,0.8
29571,739,0.8,12,0.6
29572,739,0.8,13,0.8
29573,739,0.8,14,0.8
29574,739,0.8,15,0.8
29575,739,0.8,16,0.8
29576,739,0.8,17,0.8
29577,739,0.8,18,0.8
29578,739,0.8,19,0.8
29579,739,0.8,20,0.8
29580,739,0.8,21,0.8
29581,739,0.8,22,0.8
29582,739,0.8,23,0.8
29583,739,0.8,24,0.8
29584,739,0.8,25,0.8
29585,739,0.8,26,0.8
29586,739,0.8,27,0.8
29587,739,0.8,28,0.8
29588,739,0.8,29,0.8
29589,739,0.8,30,0.8
29590,739,0.8,31,0.8
29591,739,0.8,32,0.8
29592,739,0.8,33,0.8
29593,739,0.8,34,0.6
29594,739,0.8,35,0.8
29595,739,0.8,36,0.6
29596,739,0.8,37,0.6
29597,739,0.8,38,0.8
29598,739,0.8,39,0.8
29599,739,0.8,40,0.8
29600,740,0.8,1,0.6
29601,740,0.8,2,0.6
29602,740,0.8,3,0.6
29603,740,0.8,4,0.8
29604,740,0.8,5,0.8
29605,740,0.8,6,0.8
29606,740,0.8,7,0.8
29607,740,0.8,8,0.6
29608,740,0.8,9,0.6
29609,740,0.8,10,0.6
29610,740,0.8,11,0.6
29611,740,0.8,12,0.6
29612,740,0.8,13,0.6
29613,740,0.8,14,0.6
29614,740,0.8,15,0.6
29615,740,0.8,16,0.4
29616,740,0.8,17,0.4
29617,740,0.8,18,0.6
29618,740,0.8,19,0.6
29619,740,0.8,20,0.6
29620,740,0.8,21,0.6
29621,740,0.8,22,0.6
29622,740,0.8,23,0.6
29623,740,0.8,24,0.6
29624,740,0.8,25,0.6
29625,740,0.8,26,0.6
29626,740,0.8,27,0.4
29627,740,0.8,28,0.4
29628,740,0.8,29,0.4
29629,740,0.8,30,0.4
29630,740,0.8,31,0.4
29631,740,0.8,32,0.4
29632,740,0.8,33,0.6
29633,740,0.8,34,0.6
29634,740,0.8,35,0.6
29635,740,0.8,36,0.6
29636,740,0.8,37,0.6
29637,740,0.8,38,0.6
29638,740,0.8,39,0.4
29639,740,0.8,40,0.4
29640,741,0.8,1,0.8
29641,741,0.8,2,0.8
29642,741,0.8,3,0.8
29643,741,0.8,4,0.8
29644,741,0.8,5,0.0
29645,741,0.8,6,0.8
29646,741,0.8,7,0.8
29647,741,0.8,8,0.8
29648,741,0.8,9,0.8
29649,741,0.8,10,0.6
29650,741,0.8,11,0.6
29651,741,0.8,12,0.6
29652,741,0.8,13,0.8
29653,741,0.8,14,0.8
29654,741,0.8,15,0.8
29655,741,0.8,16,0.8
29656,741,0.8,17,0.8
29657,741,0.8,18,0.8
29658,741,0.8,19,0.8
29659,741,0.8,20,0.8
29660,741,0.8,21,0.6
29661,741,0.8,22,0.6
29662,741,0.8,23,0.6
29663,741,0.8,24,0.6
29664,741,0.8,25,0.6
29665,741,0.8,26,0.6
29666,741,0.8,27,0.6
29667,741,0.8,28,0.6
29668,741,0.8,29,0.6
29669,741,0.8,30,0.6
29670,741,0.8,31,0.6
29671,741,0.8,32,0.4
29672,741,0.8,33,0.4
29673,741,0.8,34,0.6
29674,741,0.8,35,0.4
29675,741,0.8,36,0.4
29676,741,0.8,37,0.4
29677,741,0.8,38,0.6
29678,741,0.8,39,0.6
29679,741,0.8,40,0.6
29680,742,0.8,1,0.6
29681,742,0.8,2,0.4
29682,742,0.8,3,0.4
29683,742,0.8,4,0.4
29684,742,0.8,5,0.4
29685,742,0.8,6,0.4
29686,742,0.8,7,0.4
29687,742,0.8,8,0.4
29688,742,0.8,9,0.4
29689,742,0.8,10,0.2
29690,742,0.8,11,0.4
29691,742,0.8,12,0.4
29692,742,0.8,13,0.4
29693,742,0.8,14,0.4
29694,742,0.8,15,0.4
29695,742,0.8,16,0.4
29696,742,0.8,17,0.4
29697,742,0.8,18,0.4
29698,742,0.8,19,0.4
29699,742,0.8,20,0.4
29700,742,0.8,21,0.0
29701,742,0.8,22,0.0
29702,742,0.8,23,0.0
29703,742,0.8,24,0.2
29704,742,0.8,25,0.2
29705,742,0.8,26,0.2
29706,742,0.8,27,0.2
29707,742,0.8,28,0.4
29708,742,0.8,29,0.4
29709,742,0.8,30,0.6
29710,742,0.8,31,0.6
29711,742,0.8,32,0.6
29712,742,0.8,33,0.6
29713,742,0.8,34,0.6
29714,742,0.8,35,0.6
29715,742,0.8,36,0.6
29716,742,0.8,37,0.6
29717,742,0.8,38,0.6
29718,742,0.8,39,0.6
29719,742,0.8,40,0.6
29720,743,0.8,1,0.4
29721,743,0.8,2,0.4
29722,743,0.8,3,0.4
29723,743,0.8,4,0.4
29724,743,0.8,5,0.4
29725,743,0.8,6,0.4
29726,743,0.8,7,0.4
29727,743,0.8,8,0.4
29728,743,0.8,9,0.4
29729,743,0.8,10,0.4
29730,743,0.8,11,0.4
29731,743,0.8,12,0.4
29732,743,0.8,13,0.4
29733,743,0.8,14,0.4
29734,743,0.8,15,0.4
29735,743,0.8,16,0.4
29736,743,0.8,17,0.4
29737,743,0.8,18,0.4
29738,743,0.8,19,0.4
29739,743,0.8,20,0.6
29740,743,0.8,21,0.6
29741,743,0.8,22,0.2
29742,743,0.8,23,0.4
29743,743,0.8,24,0.4
29744,743,0.8,25,0.4
29745,743,0.8,26,0.2
29746,743,0.8,27,0.2
29747,743,0.8,28,0.2
29748,743,0.8,29,0.4
29749,743,0.8,30,0.2
29750,743,0.8,31,0.2
29751,743,0.8,32,0.6
29752,743,0.8,33,0.6
29753,743,0.8,34,0.6
29754,743,0.8,35,0.4
29755,743,0.8,36,0.4
29756,743,0.8,37,0.4
29757,743,0.8,38,0.4
29758,743,0.8,39,0.4
29759,743,0.8,40,0.4
29760,744,0.8,1,0.0
29761,744,0.8,2,0.2
29762,744,0.8,3,0.4
29763,744,0.8,4,0.4
29764,744,0.8,5,0.4
29765,744,0.8,6,0.4
29766,744,0.8,7,0.4
29767,744,0.8,8,0.4
29768,744,0.8,9,0.4
29769,744,0.8,10,0.4
29770,744,0.8,11,0.4
29771,744,0.8,12,0.4
29772,744,0.8,13,0.4
29773,744,0.8,14,0.4
29774,744,0.8,15,0.4
29775,744,0.8,16,0.4
29776,744,0.8,17,0.4
29777,744,0.8,18,0.4
29778,744,0.8,19,0.4
29779,744,0.8,20,0.4
29780,744,0.8,21,0.4
29781,744,0.8,22,0.4
29782,744,0.8,23,0.4
29783,744,0.8,24,0.4
29784,744,0.8,25,0.4
29785,744,0.8,26,0.4
29786,744,0.8,27,0.4
29787,744,0.8,28,0.4
29788,744,0.8,29,0.4
29789,744,0.8,30,0.4
29790,744,0.8,31,0.4
29791,744,0.8,32,0.4
29792,744,0.8,33,0.4
29793,744,0.8,34,0.4
29794,744,0.8,35,0.4
29795,744,0.8,36,0.4
29796,744,0.8,37,0.4
29797,744,0.8,38,0.4
29798,744,0.8,39,0.4
29799,744,0.8,40,0.4
29800,745,0.8,1,1.0
29801,745,0.8,2,1.0
29802,745,0.8,3,1.0
29803,745,0.8,4,1.0
29804,745,0.8,5,1.0
29805,745,0.8,6,1.0
29806,745,0.8,7,1.0
29807,745,0.8,8,0.6
29808,745,0.8,9,0.6
29809,745,0.8,10,0.6
29810,745,0.8,11,0.6
29811,745,0.8,12,1.0
29812,745,0.8,13,1.0
29813,745,0.8,14,1.0
29814,745,0.8,15,1.0
29815,745,0.8,16,1.0
29816,745,0.8,17,1.0
29817,745,0.8,18,1.0
29818,745,0.8,19,1.0
29819,745,0.8,20,1.0
29820,745,0.8,21,1.0
29821,745,0.8,22,1.0
29822,745,0.8,23,1.0
29823,745,0.8,24,1.0
29824,745,0.8,25,1.0
29825,745,0.8,26,1.0
29826,745,0.8,27,1.0
29827,745,0.8,28,1.0
29828,745,0.8,29,1.0
29829,745,0.8,30,1.0
29830,745,0.8,31,1.0
29831,745,0.8,32,1.0
29832,745,0.8,33,1.0
29833,745,0.8,34,1.0
29834,745,0.8,35,1.0
29835,745,0.8,36,1.0
29836,745,0.8,37,1.0
29837,745,0.8,38,1.0
29838,745,0.8,39,1.0
29839,745,0.8,40,1.0
29840,746,0.8,1,0.0
29841,746,0.8,2,0.8
29842,746,0.8,3,0.0
29843,746,0.8,4,0.0
29844,746,0.8,5,1.0
29845,746,0.8,6,0.8
29846,746,0.8,7,0.4
29847,746,0.8,8,0.6
29848,746,0.8,9,0.6
29849,746,0.8,10,0.8
29850,746,0.8,11,0.8
29851,746,0.8,12,0.8
29852,746,0.8,13,0.8
29853,746,0.8,14,1.0
29854,746,0.8,15,1.0
29855,746,0.8,16,1.0
29856,746,0.8,17,1.0
29857,746,0.8,18,0.6
29858,746,0.8,19,1.0
29859,746,0.8,20,1.0
29860,746,0.8,21,1.0
29861,746,0.8,22,1.0
29862,746,0.8,23,1.0
29863,746,0.8,24,1.0
29864,746,0.8,25,1.0
29865,746,0.8,26,0.6
29866,746,0.8,27,0.6
29867,746,0.8,28,0.6
29868,746,0.8,29,0.6
29869,746,0.8,30,0.4
29870,746,0.8,31,0.4
29871,746,0.8,32,0.4
29872,746,0.8,33,0.6
29873,746,0.8,34,0.6
29874,746,0.8,35,0.4
29875,746,0.8,36,0.4
29876,746,0.8,37,0.4
29877,746,0.8,38,0.4
29878,746,0.8,39,0.4
29879,746,0.8,40,0.4
29880,747,0.8,1,1.0
29881,747,0.8,2,1.0
29882,747,0.8,3,0.8
29883,747,0.8,4,0.8
29884,747,0.8,5,0.8
29885,747,0.8,6,0.8
29886,747,0.8,7,0.8
29887,747,0.8,8,0.8
29888,747,0.8,9,0.8
29889,747,0.8,10,0.8
29890,747,0.8,11,0.8
29891,747,0.8,12,0.8
29892,747,0.8,13,0.8
29893,747,0.8,14,0.8
29894,747,0.8,15,0.8
29895,747,0.8,16,0.8
29896,747,0.8,17,0.8
29897,747,0.8,18,0.8
29898,747,0.8,19,0.8
29899,747,0.8,20,0.8
29900,747,0.8,21,0.8
29901,747,0.8,22,0.8
29902,747,0.8,23,0.2
29903,747,0.8,24,0.2
29904,747,0.8,25,0.2
29905,747,0.8,26,0.6
29906,747,0.8,27,0.2
29907,747,0.8,28,0.4
29908,747,0.8,29,0.2
29909,747,0.8,30,0.2
29910,747,0.8,31,0.2
29911,747,0.8,32,0.2
29912,747,0.8,33,0.2
29913,747,0.8,34,0.4
29914,747,0.8,35,0.4
29915,747,0.8,36,0.4
29916,747,0.8,37,0.4
29917,747,0.8,38,0.4
29918,747,0.8,39,0.4
29919,747,0.8,40,0.4
29920,748,0.8,1,0.8
29921,748,0.8,2,1.0
29922,748,0.8,3,0.8
29923,748,0.8,4,0.8
29924,748,0.8,5,0.8
29925,748,0.8,6,0.6
29926,748,0.8,7,0.2
29927,748,0.8,8,0.6
29928,748,0.8,9,0.6
29929,748,0.8,10,0.6
29930,748,0.8,11,0.6
29931,748,0.8,12,0.6
29932,748,0.8,13,0.6
29933,748,0.8,14,0.6
29934,748,0.8,15,1.0
29935,748,0.8,16,1.0
29936,748,0.8,17,1.0
29937,748,0.8,18,1.0
29938,748,0.8,19,1.0
29939,748,0.8,20,0.8
29940,748,0.8,21,0.8
29941,748,0.8,22,0.8
29942,748,0.8,23,0.8
29943,748,0.8,24,0.8
29944,748,0.8,25,0.8
29945,748,0.8,26,0.8
29946,748,0.8,27,0.8
29947,748,0.8,28,0.8
29948,748,0.8,29,0.8
29949,748,0.8,30,0.8
29950,748,0.8,31,0.8
29951,748,0.8,32,0.8
29952,748,0.8,33,0.8
29953,748,0.8,34,0.8
29954,748,0.8,35,0.8
29955,748,0.8,36,0.8
29956,748,0.8,37,0.8
29957,748,0.8,38,0.8
29958,748,0.8,39,0.8
29959,748,0.8,40,0.8
29960,749,0.8,1,0.6
29961,749,0.8,2,0.6
29962,749,0.8,3,0.8
29963,749,0.8,4,0.8
29964,749,0.8,5,1.0
29965,749,0.8,6,1.0
29966,749,0.8,7,0.6
29967,749,0.8,8,0.6
29968,749,0.8,9,0.6
29969,749,0.8,10,0.6
29970,749,0.8,11,0.6
29971,749,0.8,12,0.6
29972,749,0.8,13,0.6
29973,749,0.8,14,0.6
29974,749,0.8,15,0.6
29975,749,0.8,16,0.4
29976,749,0.8,17,0.4
29977,749,0.8,18,0.4
29978,749,0.8,19,0.4
29979,749,0.8,20,0.4
29980,749,0.8,21,0.6
29981,749,0.8,22,0.6
29982,749,0.8,23,0.6
29983,749,0.8,24,0.6
29984,749,0.8,25,0.6
29985,749,0.8,26,0.6
29986,749,0.8,27,0.6
29987,749,0.8,28,0.6
29988,749,0.8,29,0.6
29989,749,0.8,30,0.6
29990,749,0.8,31,0.6
29991,749,0.8,32,0.6
29992,749,0.8,33,0.6
29993,749,0.8,34,0.6
29994,749,0.8,35,0.6
29995,749,0.8,36,0.6
29996,749,0.8,37,0.6
29997,749,0.8,38,0.6
29998,749,0.8,39,0.6
29999,749,0.8,40,0.6
30000,750,0.8,1,0.8
30001,750,0.8,2,0.6
30002,750,0.8,3,0.6
30003,750,0.8,4,0.4
30004,750,0.8,5,0.4
30005,750,0.8,6,0.6
30006,750,0.8,7,0.6
30007,750,0.8,8,0.6
30008,750,0.8,9,0.6
30009,750,0.8,10,0.6
30010,750,0.8,11,0.6
30011,750,0.8,12,0.6
30012,750,0.8,13,0.6
30013,750,0.8,14,0.6
30014,750,0.8,15,0.6
30015,750,0.8,16,0.6
30016,750,0.8,17,0.6
30017,750,0.8,18,0.6
30018,750,0.8,19,0.6
30019,750,0.8,20,0.6
30020,750,0.8,21,0.6
30021,750,0.8,22,0.6
30022,750,0.8,23,0.6
30023,750,0.8,24,0.6
30024,750,0.8,25,0.8
30025,750,0.8,26,0.8
30026,750,0.8,27,0.8
30027,750,0.8,28,0.8
30028,750,0.8,29,0.8
30029,750,0.8,30,0.8
30030,750,0.8,31,0.8
30031,750,0.8,32,0.8
30032,750,0.8,33,0.8
30033,750,0.8,34,0.8
30034,750,0.8,35,0.8
30035,750,0.8,36,0.8
30036,750,0.8,37,0.6
30037,750,0.8,38,0.6
30038,750,0.8,39,0.6
30039,750,0.8,40,0.6
30040,751,0.8,1,0.6
30041,751,0.8,2,0.6
30042,751,0.8,3,0.8
30043,751,0.8,4,0.8
30044,751,0.8,5,0.8
30045,751,0.8,6,0.4
30046,751,0.8,7,0.4
30047,751,0.8,8,0.6
30048,751,0.8,9,0.6
30049,751,0.8,10,0.8
30050,751,0.8,11,0.8
30051,751,0.8,12,0.8
30052,751,0.8,13,0.4
30053,751,0.8,14,0.4
30054,751,0.8,15,0.6
30055,751,0.8,16,0.6
30056,751,0.8,17,0.6
30057,751,0.8,18,0.6
30058,751,0.8,19,0.6
30059,751,0.8,20,0.6
30060,751,0.8,21,0.6
30061,751,0.8,22,0.6
30062,751,0.8,23,0.6
30063,751,0.8,24,0.6
30064,751,0.8,25,0.6
30065,751,0.8,26,0.4
30066,751,0.8,27,0.4
30067,751,0.8,28,0.6
30068,751,0.8,29,0.6
30069,751,0.8,30,0.8
30070,751,0.8,31,0.8
30071,751,0.8,32,0.8
30072,751,0.8,33,0.8
30073,751,0.8,34,0.8
30074,751,0.8,35,0.6
30075,751,0.8,36,0.8
30076,751,0.8,37,0.8
30077,751,0.8,38,0.6
30078,751,0.8,39,0.6
30079,751,0.8,40,0.6
30080,752,0.8,1,0.6
30081,752,0.8,2,0.6
30082,752,0.8,3,0.6
30083,752,0.8,4,0.2
30084,752,0.8,5,0.4
30085,752,0.8,6,0.4
30086,752,0.8,7,0.4
30087,752,0.8,8,0.4
30088,752,0.8,9,0.4
30089,752,0.8,10,0.4
30090,752,0.8,11,0.4
30091,752,0.8,12,0.4
30092,752,0.8,13,0.4
30093,752,0.8,14,0.4
30094,752,0.8,15,0.4
30095,752,0.8,16,0.4
30096,752,0.8,17,0.4
30097,752,0.8,18,0.4
30098,752,0.8,19,0.4
30099,752,0.8,20,0.4
30100,752,0.8,21,0.4
30101,752,0.8,22,0.6
30102,752,0.8,23,0.6
30103,752,0.8,24,0.6
30104,752,0.8,25,0.4
30105,752,0.8,26,0.4
30106,752,0.8,27,0.4
30107,752,0.8,28,0.4
30108,752,0.8,29,0.4
30109,752,0.8,30,0.4
30110,752,0.8,31,0.4
30111,752,0.8,32,0.4
30112,752,0.8,33,0.4
30113,752,0.8,34,0.4
30114,752,0.8,35,0.4
30115,752,0.8,36,0.4
30116,752,0.8,37,0.4
30117,752,0.8,38,0.4
30118,752,0.8,39,0.4
30119,752,0.8,40,0.4
30120,753,0.8,1,0.0
30121,753,0.8,2,0.6
30122,753,0.8,3,0.6
30123,753,0.8,4,0.6
30124,753,0.8,5,0.6
30125,753,0.8,6,0.0
30126,753,0.8,7,0.8
30127,753,0.8,8,1.0
30128,753,0.8,9,0.8
30129,753,0.8,10,0.2
30130,753,0.8,11,0.8
30131,753,0.8,12,0.6
30132,753,0.8,13,0.6
30133,753,0.8,14,0.6
30134,753,0.8,15,0.6
30135,753,0.8,16,0.8
30136,753,0.8,17,0.8
30137,753,0.8,18,0.8
30138,753,0.8,19,0.6
30139,753,0.8,20,0.6
30140,753,0.8,21,0.6
30141,753,0.8,22,0.6
30142,753,0.8,23,0.6
30143,753,0.8,24,0.6
30144,753,0.8,25,0.6
30145,753,0.8,26,0.6
30146,753,0.8,27,0.6
30147,753,0.8,28,0.6
30148,753,0.8,29,0.6
30149,753,0.8,30,0.6
30150,753,0.8,31,0.4
30151,753,0.8,32,0.4
30152,753,0.8,33,0.4
30153,753,0.8,34,0.6
30154,753,0.8,35,0.6
30155,753,0.8,36,0.6
30156,753,0.8,37,0.6
30157,753,0.8,38,0.6
30158,753,0.8,39,0.6
30159,753,0.8,40,0.4
30160,754,0.8,1,1.0
30161,754,0.8,2,1.0
30162,754,0.8,3,1.0
30163,754,0.8,4,1.0
30164,754,0.8,5,0.8
30165,754,0.8,6,0.8
30166,754,0.8,7,0.8
30167,754,0.8,8,1.0
30168,754,0.8,9,1.0
30169,754,0.8,10,1.0
30170,754,0.8,11,1.0
30171,754,0.8,12,0.8
30172,754,0.8,13,0.8
30173,754,0.8,14,0.8
30174,754,0.8,15,0.8
30175,754,0.8,16,1.0
30176,754,0.8,17,1.0
30177,754,0.8,18,1.0
30178,754,0.8,19,1.0
30179,754,0.8,20,1.0
30180,754,0.8,21,1.0
30181,754,0.8,22,0.8
30182,754,0.8,23,0.8
30183,754,0.8,24,0.8
30184,754,0.8,25,0.8
30185,754,0.8,26,0.8
30186,754,0.8,27,0.8
30187,754,0.8,28,0.8
30188,754,0.8,29,0.8
30189,754,0.8,30,0.8
30190,754,0.8,31,0.8
30191,754,0.8,32,0.8
30192,754,0.8,33,0.8
30193,754,0.8,34,0.8
30194,754,0.8,35,0.8
30195,754,0.8,36,0.8
30196,754,0.8,37,0.8
30197,754,0.8,38,0.8
30198,754,0.8,39,0.8
30199,754,0.8,40,0.8
30200,755,0.8,1,0.0
30201,755,0.8,2,0.2
30202,755,0.8,3,0.6
30203,755,0.8,4,0.2
30204,755,0.8,5,0.6
30205,755,0.8,6,0.6
30206,755,0.8,7,0.6
30207,755,0.8,8,0.2
30208,755,0.8,9,0.2
30209,755,0.8,10,0.2
30210,755,0.8,11,0.2
30211,755,0.8,12,0.2
30212,755,0.8,13,0.2
30213,755,0.8,14,0.2
30214,755,0.8,15,0.2
30215,755,0.8,16,0.2
30216,755,0.8,17,0.2
30217,755,0.8,18,0.2
30218,755,0.8,19,0.6
30219,755,0.8,20,0.8
30220,755,0.8,21,0.8
30221,755,0.8,22,0.8
30222,755,0.8,23,0.6
30223,755,0.8,24,0.6
30224,755,0.8,25,0.6
30225,755,0.8,26,0.6
30226,755,0.8,27,0.6
30227,755,0.8,28,0.6
30228,755,0.8,29,0.6
30229,755,0.8,30,0.8
30230,755,0.8,31,1.0
30231,755,0.8,32,0.8
30232,755,0.8,33,0.6
30233,755,0.8,34,0.8
30234,755,0.8,35,0.8
30235,755,0.8,36,0.6
30236,755,0.8,37,0.6
30237,755,0.8,38,0.8
30238,755,0.8,39,0.8
30239,755,0.8,40,0.8
30240,756,0.8,1,1.0
30241,756,0.8,2,1.0
30242,756,0.8,3,1.0
30243,756,0.8,4,1.0
30244,756,0.8,5,0.8
30245,756,0.8,6,1.0
30246,756,0.8,7,0.8
30247,756,0.8,8,0.8
30248,756,0.8,9,0.6
30249,756,0.8,10,0.2
30250,756,0.8,11,0.2
30251,756,0.8,12,0.2
30252,756,0.8,13,0.2
30253,756,0.8,14,0.2
30254,756,0.8,15,0.2
30255,756,0.8,16,0.2
30256,756,0.8,17,0.2
30257,756,0.8,18,0.2
30258,756,0.8,19,0.2
30259,756,0.8,20,0.2
30260,756,0.8,21,0.2
30261,756,0.8,22,0.2
30262,756,0.8,23,0.2
30263,756,0.8,24,0.2
30264,756,0.8,25,0.2
30265,756,0.8,26,0.2
30266,756,0.8,27,0.2
30267,756,0.8,28,0.2
30268,756,0.8,29,0.2
30269,756,0.8,30,0.4
30270,756,0.8,31,0.4
30271,756,0.8,32,0.4
30272,756,0.8,33,0.4
30273,756,0.8,34,0.4
30274,756,0.8,35,0.4
30275,756,0.8,36,0.4
30276,756,0.8,37,0.4
30277,756,0.8,38,0.6
30278,756,0.8,39,0.6
30279,756,0.8,40,0.6
30280,757,0.8,1,0.8
30281,757,0.8,2,0.8
30282,757,0.8,3,0.8
30283,757,0.8,4,0.8
30284,757,0.8,5,0.6
30285,757,0.8,6,0.6
30286,757,0.8,7,0.6
30287,757,0.8,8,0.6
30288,757,0.8,9,0.4
30289,757,0.8,10,0.4
30290,757,0.8,11,0.2
30291,757,0.8,12,0.8
30292,757,0.8,13,0.8
30293,757,0.8,14,0.8
30294,757,0.8,15,0.8
30295,757,0.8,16,0.8
30296,757,0.8,17,0.8
30297,757,0.8,18,0.6
30298,757,0.8,19,0.6
30299,757,0.8,20,0.6
30300,757,0.8,21,0.8
30301,757,0.8,22,1.0
30302,757,0.8,23,1.0
30303,757,0.8,24,1.0
30304,757,0.8,25,1.0
30305,757,0.8,26,1.0
30306,757,0.8,27,1.0
30307,757,0.8,28,1.0
30308,757,0.8,29,1.0
30309,757,0.8,30,1.0
30310,757,0.8,31,1.0
30311,757,0.8,32,1.0
30312,757,0.8,33,1.0
30313,757,0.8,34,1.0
30314,757,0.8,35,1.0
30315,757,0.8,36,1.0
30316,757,0.8,37,1.0
30317,757,0.8,38,1.0
30318,757,0.8,39,1.0
30319,757,0.8,40,1.0
30320,758,0.8,1,0.6
30321,758,0.8,2,0.6
30322,758,0.8,3,0.6
30323,758,0.8,4,0.4
30324,758,0.8,5,0.4
30325,758,0.8,6,0.4
30326,758,0.8,7,0.4
30327,758,0.8,8,0.4
30328,758,0.8,9,0.4
30329,758,0.8,10,0.4
30330,758,0.8,11,0.4
30331,758,0.8,12,0.2
30332,758,0.8,13,0.4
30333,758,0.8,14,0.4
30334,758,0.8,15,0.6
30335,758,0.8,16,0.6
30336,758,0.8,17,0.6
30337,758,0.8,18,0.4
30338,758,0.8,19,0.4
30339,758,0.8,20,0.4
30340,758,0.8,21,0.4
30341,758,0.8,22,0.6
30342,758,0.8,23,0.6
30343,758,0.8,24,0.6
30344,758,0.8,25,0.6
30345,758,0.8,26,0.6
30346,758,0.8,27,0.6
30347,758,0.8,28,0.6
30348,758,0.8,29,0.6
30349,758,0.8,30,0.6
30350,758,0.8,31,0.6
30351,758,0.8,32,0.6
30352,758,0.8,33,0.4
30353,758,0.8,34,0.4
30354,758,0.8,35,0.4
30355,758,0.8,36,0.6
30356,758,0.8,37,0.2
30357,758,0.8,38,0.2
30358,758,0.8,39,0.2
30359,758,0.8,40,0.4
30360,759,0.8,1,0.8
30361,759,0.8,2,0.8
30362,759,0.8,3,0.8
30363,759,0.8,4,1.0
30364,759,0.8,5,0.2
30365,759,0.8,6,0.2
30366,759,0.8,7,0.2
30367,759,0.8,8,0.2
30368,759,0.8,9,0.6
30369,759,0.8,10,0.4
30370,759,0.8,11,0.8
30371,759,0.8,12,0.8
30372,759,0.8,13,0.6
30373,759,0.8,14,0.6
30374,759,0.8,15,0.8
30375,759,0.8,16,0.8
30376,759,0.8,17,0.8
30377,759,0.8,18,0.8
30378,759,0.8,19,0.8
30379,759,0.8,20,0.8
30380,759,0.8,21,0.8
30381,759,0.8,22,0.8
30382,759,0.8,23,0.8
30383,759,0.8,24,0.8
30384,759,0.8,25,0.8
30385,759,0.8,26,0.8
30386,759,0.8,27,0.8
30387,759,0.8,28,0.8
30388,759,0.8,29,0.8
30389,759,0.8,30,0.8
30390,759,0.8,31,0.8
30391,759,0.8,32,0.8
30392,759,0.8,33,0.8
30393,759,0.8,34,0.8
30394,759,0.8,35,0.8
30395,759,0.8,36,0.8
30396,759,0.8,37,0.8
30397,759,0.8,38,0.8
30398,759,0.8,39,0.8
30399,759,0.8,40,0.8
30400,760,0.8,1,0.6
30401,760,0.8,2,0.6
30402,760,0.8,3,0.6
30403,760,0.8,4,0.6
30404,760,0.8,5,0.6
30405,760,0.8,6,0.6
30406,760,0.8,7,0.6
30407,760,0.8,8,0.6
30408,760,0.8,9,0.6
30409,760,0.8,10,1.0
30410,760,0.8,11,0.6
30411,760,0.8,12,0.6
30412,760,0.8,13,0.6
30413,760,0.8,14,0.8
30414,760,0.8,15,0.4
30415,760,0.8,16,0.8
30416,760,0.8,17,1.0
30417,760,0.8,18,1.0
30418,760,0.8,19,1.0
30419,760,0.8,20,1.0
30420,760,0.8,21,1.0
30421,760,0.8,22,1.0
30422,760,0.8,23,0.8
30423,760,0.8,24,0.8
30424,760,0.8,25,0.8
30425,760,0.8,26,0.8
30426,760,0.8,27,0.8
30427,760,0.8,28,0.8
30428,760,0.8,29,0.8
30429,760,0.8,30,0.8
30430,760,0.8,31,0.8
30431,760,0.8,32,0.8
30432,760,0.8,33,0.6
30433,760,0.8,34,0.6
30434,760,0.8,35,0.6
30435,760,0.8,36,0.6
30436,760,0.8,37,0.6
30437,760,0.8,38,0.6
30438,760,0.8,39,0.6
30439,760,0.8,40,0.6
30440,761,0.8,1,0.6
30441,761,0.8,2,0.6
30442,761,0.8,3,0.4
30443,761,0.8,4,0.6
30444,761,0.8,5,0.6
30445,761,0.8,6,0.4
30446,761,0.8,7,0.6
30447,761,0.8,8,0.6
30448,761,0.8,9,0.8
30449,761,0.8,10,0.8
30450,761,0.8,11,0.6
30451,761,0.8,12,0.6
30452,761,0.8,13,0.6
30453,761,0.8,14,0.6
30454,761,0.8,15,0.4
30455,761,0.8,16,0.4
30456,761,0.8,17,0.4
30457,761,0.8,18,0.4
30458,761,0.8,19,0.4
30459,761,0.8,20,0.4
30460,761,0.8,21,0.4
30461,761,0.8,22,0.4
30462,761,0.8,23,0.4
30463,761,0.8,24,0.4
30464,761,0.8,25,0.4
30465,761,0.8,26,0.4
30466,761,0.8,27,0.4
30467,761,0.8,28,0.4
30468,761,0.8,29,0.4
30469,761,0.8,30,0.4
30470,761,0.8,31,0.4
30471,761,0.8,32,0.4
30472,761,0.8,33,0.4
30473,761,0.8,34,0.4
30474,761,0.8,35,0.4
30475,761,0.8,36,0.4
30476,761,0.8,37,0.4
30477,761,0.8,38,0.4
30478,761,0.8,39,0.4
30479,761,0.8,40,0.4
30480,762,0.8,1,0.0
30481,762,0.8,2,0.2
30482,762,0.8,3,0.0
30483,762,0.8,4,0.4
30484,762,0.8,5,0.2
30485,762,0.8,6,0.6
30486,762,0.8,7,0.4
30487,762,0.8,8,0.6
30488,762,0.8,9,0.6
30489,762,0.8,10,0.8
30490,762,0.8,11,0.6
30491,762,0.8,12,0.6
30492,762,0.8,13,0.6
30493,762,0.8,14,0.6
30494,762,0.8,15,0.8
30495,762,0.8,16,0.6
30496,762,0.8,17,0.6
30497,762,0.8,18,0.6
30498,762,0.8,19,0.6
30499,762,0.8,20,0.6
30500,762,0.8,21,0.6
30501,762,0.8,22,0.6
30502,762,0.8,23,0.6
30503,762,0.8,24,0.6
30504,762,0.8,25,0.6
30505,762,0.8,26,0.6
30506,762,0.8,27,0.6
30507,762,0.8,28,0.8
30508,762,0.8,29,0.8
30509,762,0.8,30,0.8
30510,762,0.8,31,0.8
30511,762,0.8,32,0.8
30512,762,0.8,33,0.6
30513,762,0.8,34,0.4
30514,762,0.8,35,0.6
30515,762,0.8,36,0.6
30516,762,0.8,37,0.4
30517,762,0.8,38,0.8
30518,762,0.8,39,0.8
30519,762,0.8,40,0.6
30520,763,0.8,1,1.0
30521,763,0.8,2,1.0
30522,763,0.8,3,1.0
30523,763,0.8,4,1.0
30524,763,0.8,5,0.8
30525,763,0.8,6,0.4
30526,763,0.8,7,0.4
30527,763,0.8,8,0.4
30528,763,0.8,9,0.8
30529,763,0.8,10,0.6
30530,763,0.8,11,0.8
30531,763,0.8,12,0.6
30532,763,0.8,13,0.8
30533,763,0.8,14,0.8
30534,763,0.8,15,0.4
30535,763,0.8,16,0.4
30536,763,0.8,17,0.6
30537,763,0.8,18,0.6
30538,763,0.8,19,0.6
30539,763,0.8,20,0.6
30540,763,0.8,21,0.6
30541,763,0.8,22,0.6
30542,763,0.8,23,0.8
30543,763,0.8,24,0.8
30544,763,0.8,25,0.8
30545,763,0.8,26,0.8
30546,763,0.8,27,0.8
30547,763,0.8,28,0.8
30548,763,0.8,29,0.8
30549,763,0.8,30,0.8
30550,763,0.8,31,0.8
30551,763,0.8,32,0.8
30552,763,0.8,33,0.8
30553,763,0.8,34,0.8
30554,763,0.8,35,0.8
30555,763,0.8,36,0.6
30556,763,0.8,37,0.6
30557,763,0.8,38,0.8
30558,763,0.8,39,0.8
30559,763,0.8,40,0.8
30560,764,0.8,1,0.0
30561,764,0.8,2,0.8
30562,764,0.8,3,0.8
30563,764,0.8,4,0.6
30564,764,0.8,5,0.6
30565,764,0.8,6,0.6
30566,764,0.8,7,0.4
30567,764,0.8,8,0.8
30568,764,0.8,9,0.2
30569,764,0.8,10,0.2
30570,764,0.8,11,0.2
30571,764,0.8,12,0.2
30572,764,0.8,13,0.2
30573,764,0.8,14,0.4
30574,764,0.8,15,0.4
30575,764,0.8,16,0.4
30576,764,0.8,17,0.6
30577,764,0.8,18,0.6
30578,764,0.8,19,0.6
30579,764,0.8,20,0.6
30580,764,0.8,21,0.6
30581,764,0.8,22,0.8
30582,764,0.8,23,0.8
30583,764,0.8,24,0.6
30584,764,0.8,25,0.8
30585,764,0.8,26,0.8
30586,764,0.8,27,0.8
30587,764,0.8,28,0.8
30588,764,0.8,29,0.8
30589,764,0.8,30,0.6
30590,764,0.8,31,0.6
30591,764,0.8,32,0.6
30592,764,0.8,33,0.6
30593,764,0.8,34,0.6
30594,764,0.8,35,0.6
30595,764,0.8,36,0.6
30596,764,0.8,37,0.6
30597,764,0.8,38,0.6
30598,764,0.8,39,0.6
30599,764,0.8,40,0.6
30600,765,0.8,1,1.0
30601,765,0.8,2,1.0
30602,765,0.8,3,0.6
30603,765,0.8,4,0.4
30604,765,0.8,5,1.0
30605,765,0.8,6,1.0
30606,765,0.8,7,0.8
30607,765,0.8,8,1.0
30608,765,0.8,9,1.0
30609,765,0.8,10,1.0
30610,765,0.8,11,0.6
30611,765,0.8,12,0.6
30612,765,0.8,13,0.6
30613,765,0.8,14,0.2
30614,765,0.8,15,0.8
30615,765,0.8,16,1.0
30616,765,0.8,17,1.0
30617,765,0.8,18,0.8
30618,765,0.8,19,1.0
30619,765,0.8,20,1.0
30620,765,0.8,21,0.8
30621,765,0.8,22,1.0
30622,765,0.8,23,1.0
30623,765,0.8,24,0.8
30624,765,0.8,25,0.6
30625,765,0.8,26,0.6
30626,765,0.8,27,0.6
30627,765,0.8,28,1.0
30628,765,0.8,29,1.0
30629,765,0.8,30,0.8
30630,765,0.8,31,0.8
30631,765,0.8,32,0.8
30632,765,0.8,33,1.0
30633,765,0.8,34,1.0
30634,765,0.8,35,1.0
30635,765,0.8,36,1.0
30636,765,0.8,37,1.0
30637,765,0.8,38,1.0
30638,765,0.8,39,1.0
30639,765,0.8,40,1.0
30640,766,0.8,1,0.8
30641,766,0.8,2,1.0
30642,766,0.8,3,0.6
30643,766,0.8,4,0.6
30644,766,0.8,5,0.4
30645,766,0.8,6,0.8
30646,766,0.8,7,1.0
30647,766,0.8,8,0.6
30648,766,0.8,9,0.8
30649,766,0.8,10,0.8
30650,766,0.8,11,0.8
30651,766,0.8,12,0.8
30652,766,0.8,13,0.8
30653,766,0.8,14,1.0
30654,766,0.8,15,1.0
30655,766,0.8,16,0.8
30656,766,0.8,17,0.8
30657,766,0.8,18,1.0
30658,766,0.8,19,1.0
30659,766,0.8,20,1.0
30660,766,0.8,21,1.0
30661,766,0.8,22,1.0
30662,766,0.8,23,1.0
30663,766,0.8,24,1.0
30664,766,0.8,25,1.0
30665,766,0.8,26,1.0
30666,766,0.8,27,1.0
30667,766,0.8,28,1.0
30668,766,0.8,29,1.0
30669,766,0.8,30,1.0
30670,766,0.8,31,1.0
30671,766,0.8,32,1.0
30672,766,0.8,33,1.0
30673,766,0.8,34,1.0
30674,766,0.8,35,1.0
30675,766,0.8,36,1.0
30676,766,0.8,37,1.0
30677,766,0.8,38,0.8
30678,766,0.8,39,0.8
30679,766,0.8,40,0.8
30680,767,0.8,1,0.6
30681,767,0.8,2,0.6
30682,767,0.8,3,0.6
30683,767,0.8,4,0.2
30684,767,0.8,5,0.4
30685,767,0.8,6,0.6
30686,767,0.8,7,0.6
30687,767,0.8,8,0.6
30688,767,0.8,9,0.6
30689,767,0.8,10,0.6
30690,767,0.8,11,0.6
30691,767,0.8,12,0.6
30692,767,0.8,13,0.6
30693,767,0.8,14,0.6
30694,767,0.8,15,0.6
30695,767,0.8,16,0.6
30696,767,0.8,17,0.6
30697,767,0.8,18,0.6
30698,767,0.8,19,0.6
30699,767,0.8,20,0.6
30700,767,0.8,21,0.6
30701,767,0.8,22,0.6
30702,767,0.8,23,0.6
30703,767,0.8,24,0.6
30704,767,0.8,25,0.6
30705,767,0.8,26,0.6
30706,767,0.8,27,0.8
30707,767,0.8,28,0.8
30708,767,0.8,29,0.8
30709,767,0.8,30,0.8
30710,767,0.8,31,0.8
30711,767,0.8,32,0.8
30712,767,0.8,33,0.8
30713,767,0.8,34,0.8
30714,767,0.8,35,0.8
30715,767,0.8,36,0.8
30716,767,0.8,37,0.6
30717,767,0.8,38,0.6
30718,767,0.8,39,0.6
30719,767,0.8,40,0.6
30720,768,0.8,1,0.8
30721,768,0.8,2,0.6
30722,768,0.8,3,0.2
30723,768,0.8,4,0.2
30724,768,0.8,5,0.4
30725,768,0.8,6,0.2
30726,768,0.8,7,0.4
30727,768,0.8,8,0.4
30728,768,0.8,9,0.4
30729,768,0.8,10,0.6
30730,768,0.8,11,0.6
30731,768,0.8,12,0.4
30732,768,0.8,13,0.4
30733,768,0.8,14,0.4
30734,768,0.8,15,0.6
30735,768,0.8,16,0.6
30736,768,0.8,17,0.8
30737,768,0.8,18,0.6
30738,768,0.8,19,0.6
30739,768,0.8,20,0.8
30740,768,0.8,21,0.8
30741,768,0.8,22,0.8
30742,768,0.8,23,0.6
30743,768,0.8,24,0.6
30744,768,0.8,25,0.8
30745,768,0.8,26,0.8
30746,768,0.8,27,0.8
30747,768,0.8,28,0.8
30748,768,0.8,29,0.8
30749,768,0.8,30,0.8
30750,768,0.8,31,0.8
30751,768,0.8,32,0.8
30752,768,0.8,33,0.8
30753,768,0.8,34,0.8
30754,768,0.8,35,0.8
30755,768,0.8,36,0.8
30756,768,0.8,37,1.0
30757,768,0.8,38,0.8
30758,768,0.8,39,0.4
30759,768,0.8,40,0.4
30760,769,0.8,1,0.6
30761,769,0.8,2,0.4
30762,769,0.8,3,0.4
30763,769,0.8,4,0.2
30764,769,0.8,5,0.2
30765,769,0.8,6,0.4
30766,769,0.8,7,0.8
30767,769,0.8,8,0.8
30768,769,0.8,9,0.8
30769,769,0.8,10,0.8
30770,769,0.8,11,0.8
30771,769,0.8,12,0.6
30772,769,0.8,13,0.6
30773,769,0.8,14,0.6
30774,769,0.8,15,0.6
30775,769,0.8,16,0.4
30776,769,0.8,17,0.4
30777,769,0.8,18,0.4
30778,769,0.8,19,0.4
30779,769,0.8,20,0.4
30780,769,0.8,21,0.4
30781,769,0.8,22,0.4
30782,769,0.8,23,0.6
30783,769,0.8,24,0.6
30784,769,0.8,25,0.6
30785,769,0.8,26,0.6
30786,769,0.8,27,0.4
30787,769,0.8,28,0.4
30788,769,0.8,29,0.4
30789,769,0.8,30,0.4
30790,769,0.8,31,0.4
30791,769,0.8,32,0.4
30792,769,0.8,33,0.4
30793,769,0.8,34,0.4
30794,769,0.8,35,0.4
30795,769,0.8,36,0.4
30796,769,0.8,37,0.4
30797,769,0.8,38,0.4
30798,769,0.8,39,0.4
30799,769,0.8,40,0.4
30800,770,0.8,1,0.4
30801,770,0.8,2,0.4
30802,770,0.8,3,0.4
30803,770,0.8,4,0.2
30804,770,0.8,5,0.2
30805,770,0.8,6,0.2
30806,770,0.8,7,0.4
30807,770,0.8,8,0.4
30808,770,0.8,9,0.6
30809,770,0.8,10,0.6
30810,770,0.8,11,0.4
30811,770,0.8,12,0.6
30812,770,0.8,13,0.6
30813,770,0.8,14,0.4
30814,770,0.8,15,0.4
30815,770,0.8,16,0.4
30816,770,0.8,17,0.2
30817,770,0.8,18,0.2
30818,770,0.8,19,0.2
30819,770,0.8,20,0.4
30820,770,0.8,21,0.4
30821,770,0.8,22,0.4
30822,770,0.8,23,0.4
30823,770,0.8,24,0.4
30824,770,0.8,25,0.4
30825,770,0.8,26,0.4
30826,770,0.8,27,0.4
30827,770,0.8,28,0.4
30828,770,0.8,29,0.4
30829,770,0.8,30,0.4
30830,770,0.8,31,0.4
30831,770,0.8,32,0.4
30832,770,0.8,33,0.4
30833,770,0.8,34,0.4
30834,770,0.8,35,0.4
30835,770,0.8,36,0.6
30836,770,0.8,37,0.6
30837,770,0.8,38,0.6
30838,770,0.8,39,0.4
30839,770,0.8,40,0.4
30840,771,0.8,1,0.0
30841,771,0.8,2,0.4
30842,771,0.8,3,0.6
30843,771,0.8,4,0.6
30844,771,0.8,5,0.8
30845,771,0.8,6,0.8
30846,771,0.8,7,0.6
30847,771,0.8,8,0.8
30848,771,0.8,9,1.0
30849,771,0.8,10,0.8
30850,771,0.8,11,1.0
30851,771,0.8,12,1.0
30852,771,0.8,13,1.0
30853,771,0.8,14,1.0
30854,771,0.8,15,1.0
30855,771,0.8,16,1.0
30856,771,0.8,17,1.0
30857,771,0.8,18,1.0
30858,771,0.8,19,1.0
30859,771,0.8,20,1.0
30860,771,0.8,21,1.0
30861,771,0.8,22,0.8
30862,771,0.8,23,0.8
30863,771,0.8,24,0.8
30864,771,0.8,25,0.8
30865,771,0.8,26,0.8
30866,771,0.8,27,0.8
30867,771,0.8,28,0.8
30868,771,0.8,29,0.8
30869,771,0.8,30,0.8
30870,771,0.8,31,0.8
30871,771,0.8,32,0.8
30872,771,0.8,33,0.8
30873,771,0.8,34,0.8
30874,771,0.8,35,0.8
30875,771,0.8,36,0.8
30876,771,0.8,37,0.8
30877,771,0.8,38,0.8
30878,771,0.8,39,0.8
30879,771,0.8,40,0.8
30880,772,0.8,1,1.0
30881,772,0.8,2,1.0
30882,772,0.8,3,1.0
30883,772,0.8,4,0.6
30884,772,0.8,5,0.6
30885,772,0.8,6,0.4
30886,772,0.8,7,0.4
30887,772,0.8,8,0.4
30888,772,0.8,9,0.4
30889,772,0.8,10,0.4
30890,772,0.8,11,0.4
30891,772,0.8,12,0.4
30892,772,0.8,13,0.4
30893,772,0.8,14,0.4
30894,772,0.8,15,0.4
30895,772,0.8,16,0.4
30896,772,0.8,17,0.4
30897,772,0.8,18,0.4
30898,772,0.8,19,0.4
30899,772,0.8,20,0.4
30900,772,0.8,21,0.4
30901,772,0.8,22,0.4
30902,772,0.8,23,0.4
30903,772,0.8,24,0.4
30904,772,0.8,25,0.4
30905,772,0.8,26,0.4
30906,772,0.8,27,0.4
30907,772,0.8,28,0.4
30908,772,0.8,29,0.4
30909,772,0.8,30,0.4
30910,772,0.8,31,0.4
30911,772,0.8,32,0.4
30912,772,0.8,33,0.4
30913,772,0.8,34,0.4
30914,772,0.8,35,0.4
30915,772,0.8,36,0.4
30916,772,0.8,37,0.4
30917,772,0.8,38,0.4
30918,772,0.8,39,0.4
30919,772,0.8,40,0.4
30920,773,0.8,1,0.0
30921,773,0.8,2,0.2
30922,773,0.8,3,0.4
30923,773,0.8,4,0.2
30924,773,0.8,5,0.4
30925,773,0.8,6,0.6
30926,773,0.8,7,0.2
30927,773,0.8,8,0.2
30928,773,0.8,9,0.2
30929,773,0.8,10,0.2
30930,773,0.8,11,0.2
30931,773,0.8,12,0.2
30932,773,0.8,13,0.4
30933,773,0.8,14,0.2
30934,773,0.8,15,0.6
30935,773,0.8,16,0.6
30936,773,0.8,17,0.6
30937,773,0.8,18,0.6
30938,773,0.8,19,0.6
30939,773,0.8,20,0.6
30940,773,0.8,21,0.6
30941,773,0.8,22,0.6
30942,773,0.8,23,0.6
30943,773,0.8,24,0.6
30944,773,0.8,25,0.6
30945,773,0.8,26,0.6
30946,773,0.8,27,0.6
30947,773,0.8,28,0.8
30948,773,0.8,29,0.8
30949,773,0.8,30,0.8
30950,773,0.8,31,0.4
30951,773,0.8,32,0.6
30952,773,0.8,33,0.6
30953,773,0.8,34,0.6
30954,773,0.8,35,0.6
30955,773,0.8,36,0.6
30956,773,0.8,37,0.6
30957,773,0.8,38,0.6
30958,773,0.8,39,0.6
30959,773,0.8,40,0.6
30960,774,0.8,1,1.0
30961,774,0.8,2,1.0
30962,774,0.8,3,1.0
30963,774,0.8,4,1.0
30964,774,0.8,5,1.0
30965,774,0.8,6,0.8
30966,774,0.8,7,0.8
30967,774,0.8,8,1.0
30968,774,0.8,9,0.8
30969,774,0.8,10,0.8
30970,774,0.8,11,0.8
30971,774,0.8,12,0.8
30972,774,0.8,13,0.8
30973,774,0.8,14,0.8
30974,774,0.8,15,0.8
30975,774,0.8,16,0.8
30976,774,0.8,17,0.8
30977,774,0.8,18,0.8
30978,774,0.8,19,0.6
30979,774,0.8,20,0.8
30980,774,0.8,21,0.8
30981,774,0.8,22,0.8
30982,774,0.8,23,0.8
30983,774,0.8,24,0.8
30984,774,0.8,25,0.8
30985,774,0.8,26,0.8
30986,774,0.8,27,0.8
30987,774,0.8,28,0.6
30988,774,0.8,29,0.8
30989,774,0.8,30,0.8
30990,774,0.8,31,0.8
30991,774,0.8,32,0.8
30992,774,0.8,33,0.8
30993,774,0.8,34,0.8
30994,774,0.8,35,0.8
30995,774,0.8,36,0.8
30996,774,0.8,37,0.8
30997,774,0.8,38,0.8
30998,774,0.8,39,0.8
30999,774,0.8,40,0.6
31000,775,0.8,1,0.8
31001,775,0.8,2,0.8
31002,775,0.8,3,0.8
31003,775,0.8,4,0.8
31004,775,0.8,5,0.6
31005,775,0.8,6,0.6
31006,775,0.8,7,0.6
31007,775,0.8,8,0.6
31008,775,0.8,9,0.6
31009,775,0.8,10,0.2
31010,775,0.8,11,0.2
31011,775,0.8,12,0.4
31012,775,0.8,13,0.4
31013,775,0.8,14,0.4
31014,775,0.8,15,0.4
31015,775,0.8,16,0.6
31016,775,0.8,17,0.6
31017,775,0.8,18,0.6
31018,775,0.8,19,0.6
31019,775,0.8,20,0.6
31020,775,0.8,21,0.6
31021,775,0.8,22,0.6
31022,775,0.8,23,0.4
31023,775,0.8,24,0.6
31024,775,0.8,25,0.6
31025,775,0.8,26,0.4
31026,775,0.8,27,0.6
31027,775,0.8,28,0.6
31028,775,0.8,29,0.6
31029,775,0.8,30,0.6
31030,775,0.8,31,0.6
31031,775,0.8,32,0.4
31032,775,0.8,33,0.4
31033,775,0.8,34,0.4
31034,775,0.8,35,0.4
31035,775,0.8,36,0.4
31036,775,0.8,37,0.4
31037,775,0.8,38,0.6
31038,775,0.8,39,0.6
31039,775,0.8,40,0.6
31040,776,0.8,1,0.2
31041,776,0.8,2,0.2
31042,776,0.8,3,0.4
31043,776,0.8,4,0.4
31044,776,0.8,5,0.4
31045,776,0.8,6,0.4
31046,776,0.8,7,0.4
31047,776,0.8,8,0.4
31048,776,0.8,9,0.4
31049,776,0.8,10,0.4
31050,776,0.8,11,0.4
31051,776,0.8,12,0.4
31052,776,0.8,13,0.4
31053,776,0.8,14,0.4
31054,776,0.8,15,0.4
31055,776,0.8,16,0.4
31056,776,0.8,17,0.4
31057,776,0.8,18,0.4
31058,776,0.8,19,0.4
31059,776,0.8,20,0.4
31060,776,0.8,21,0.4
31061,776,0.8,22,0.4
31062,776,0.8,23,0.4
31063,776,0.8,24,0.4
31064,776,0.8,25,0.4
31065,776,0.8,26,0.4
31066,776,0.8,27,0.4
31067,776,0.8,28,0.4
31068,776,0.8,29,0.4
31069,776,0.8,30,0.6
31070,776,0.8,31,0.6
31071,776,0.8,32,0.6
31072,776,0.8,33,0.4
31073,776,0.8,34,0.4
31074,776,0.8,35,0.4
31075,776,0.8,36,0.4
31076,776,0.8,37,0.4
31077,776,0.8,38,0.4
31078,776,0.8,39,0.4
31079,776,0.8,40,0.4
31080,777,0.8,1,0.8
31081,777,0.8,2,0.8
31082,777,0.8,3,0.8
31083,777,0.8,4,0.6
31084,777,0.8,5,0.6
31085,777,0.8,6,0.8
31086,777,0.8,7,0.4
31087,777,0.8,8,0.4
31088,777,0.8,9,0.4
31089,777,0.8,10,0.4
31090,777,0.8,11,0.4
31091,777,0.8,12,0.4
31092,777,0.8,13,0.4
31093,777,0.8,14,0.4
31094,777,0.8,15,0.4
31095,777,0.8,16,0.4
31096,777,0.8,17,0.4
31097,777,0.8,18,0.4
31098,777,0.8,19,0.4
31099,777,0.8,20,0.4
31100,777,0.8,21,0.4
31101,777,0.8,22,0.6
31102,777,0.8,23,0.6
31103,777,0.8,24,0.6
31104,777,0.8,25,0.6
31105,777,0.8,26,0.6
31106,777,0.8,27,0.6
31107,777,0.8,28,0.4
31108,777,0.8,29,0.4
31109,777,0.8,30,0.4
31110,777,0.8,31,0.4
31111,777,0.8,32,0.4
31112,777,0.8,33,0.4
31113,777,0.8,34,0.4
31114,777,0.8,35,0.4
31115,777,0.8,36,0.4
31116,777,0.8,37,0.4
31117,777,0.8,38,0.4
31118,777,0.8,39,0.4
31119,777,0.8,40,0.4
31120,778,0.8,1,0.6
31121,778,0.8,2,0.4
31122,778,0.8,3,0.4
31123,778,0.8,4,0.2
31124,778,0.8,5,0.6
31125,778,0.8,6,0.6
31126,778,0.8,7,0.6
31127,778,0.8,8,0.2
31128,778,0.8,9,0.4
31129,778,0.8,10,0.6
31130,778,0.8,11,0.6
31131,778,0.8,12,0.6
31132,778,0.8,13,0.6
31133,778,0.8,14,0.6
31134,778,0.8,15,0.2
31135,778,0.8,16,0.2
31136,778,0.8,17,0.2
31137,778,0.8,18,0.2
31138,778,0.8,19,0.2
31139,778,0.8,20,0.2
31140,778,0.8,21,0.4
31141,778,0.8,22,0.4
31142,778,0.8,23,0.4
31143,778,0.8,24,0.4
31144,778,0.8,25,0.8
31145,778,0.8,26,0.6
31146,778,0.8,27,0.6
31147,778,0.8,28,0.8
31148,778,0.8,29,0.8
31149,778,0.8,30,0.8
31150,778,0.8,31,0.8
31151,778,0.8,32,0.8
31152,778,0.8,33,0.8
31153,778,0.8,34,0.8
31154,778,0.8,35,0.8
31155,778,0.8,36,0.8
31156,778,0.8,37,0.8
31157,778,0.8,38,0.8
31158,778,0.8,39,0.8
31159,778,0.8,40,0.8
31160,779,0.8,1,0.4
31161,779,0.8,2,0.4
31162,779,0.8,3,0.4
31163,779,0.8,4,0.4
31164,779,0.8,5,0.4
31165,779,0.8,6,0.4
31166,779,0.8,7,0.4
31167,779,0.8,8,0.4
31168,779,0.8,9,0.4
31169,779,0.8,10,0.4
31170,779,0.8,11,0.4
31171,779,0.8,12,0.4
31172,779,0.8,13,0.4
31173,779,0.8,14,0.4
31174,779,0.8,15,0.4
31175,779,0.8,16,0.4
31176,779,0.8,17,0.4
31177,779,0.8,18,0.4
31178,779,0.8,19,0.4
31179,779,0.8,20,0.4
31180,779,0.8,21,0.4
31181,779,0.8,22,0.4
31182,779,0.8,23,0.4
31183,779,0.8,24,0.4
31184,779,0.8,25,0.4
31185,779,0.8,26,0.4
31186,779,0.8,27,0.4
31187,779,0.8,28,0.4
31188,779,0.8,29,0.4
31189,779,0.8,30,0.4
31190,779,0.8,31,0.4
31191,779,0.8,32,0.4
31192,779,0.8,33,0.4
31193,779,0.8,34,0.4
31194,779,0.8,35,0.4
31195,779,0.8,36,0.4
31196,779,0.8,37,0.4
31197,779,0.8,38,0.4
31198,779,0.8,39,0.4
31199,779,0.8,40,0.4
31200,780,0.8,1,0.0
31201,780,0.8,2,0.2
31202,780,0.8,3,0.2
31203,780,0.8,4,0.2
31204,780,0.8,5,0.2
31205,780,0.8,6,0.2
31206,780,0.8,7,0.2
31207,780,0.8,8,0.2
31208,780,0.8,9,0.2
31209,780,0.8,10,0.2
31210,780,0.8,11,0.6
31211,780,0.8,12,0.4
31212,780,0.8,13,0.6
31213,780,0.8,14,0.6
31214,780,0.8,15,0.6
31215,780,0.8,16,0.6
31216,780,0.8,17,0.6
31217,780,0.8,18,0.8
31218,780,0.8,19,0.6
31219,780,0.8,20,0.6
31220,780,0.8,21,0.6
31221,780,0.8,22,0.6
31222,780,0.8,23,0.6
31223,780,0.8,24,0.6
31224,780,0.8,25,0.6
31225,780,0.8,26,0.6
31226,780,0.8,27,0.6
31227,780,0.8,28,0.6
31228,780,0.8,29,0.6
31229,780,0.8,30,0.6
31230,780,0.8,31,0.6
31231,780,0.8,32,0.6
31232,780,0.8,33,0.6
31233,780,0.8,34,0.6
31234,780,0.8,35,0.6
31235,780,0.8,36,0.4
31236,780,0.8,37,0.4
31237,780,0.8,38,0.6
31238,780,0.8,39,0.8
31239,780,0.8,40,0.8
31240,781,0.8,1,1.0
31241,781,0.8,2,1.0
31242,781,0.8,3,0.8
31243,781,0.8,4,0.8
31244,781,0.8,5,0.4
31245,781,0.8,6,0.4
31246,781,0.8,7,0.4
31247,781,0.8,8,0.4
31248,781,0.8,9,0.4
31249,781,0.8,10,0.4
31250,781,0.8,11,0.4
31251,781,0.8,12,0.4
31252,781,0.8,13,0.4
31253,781,0.8,14,0.4
31254,781,0.8,15,0.4
31255,781,0.8,16,0.4
31256,781,0.8,17,0.4
31257,781,0.8,18,0.4
31258,781,0.8,19,0.4
31259,781,0.8,20,0.4
31260,781,0.8,21,0.6
31261,781,0.8,22,0.6
31262,781,0.8,23,0.6
31263,781,0.8,24,0.6
31264,781,0.8,25,0.6
31265,781,0.8,26,0.6
31266,781,0.8,27,0.6
31267,781,0.8,28,0.8
31268,781,0.8,29,0.6
31269,781,0.8,30,0.6
31270,781,0.8,31,0.6
31271,781,0.8,32,0.8
31272,781,0.8,33,0.8
31273,781,0.8,34,0.8
31274,781,0.8,35,0.8
31275,781,0.8,36,0.8
31276,781,0.8,37,0.8
31277,781,0.8,38,0.8
31278,781,0.8,39,0.8
31279,781,0.8,40,0.8
31280,782,0.8,1,0.0
31281,782,0.8,2,0.6
31282,782,0.8,3,0.4
31283,782,0.8,4,0.4
31284,782,0.8,5,0.4
31285,782,0.8,6,0.4
31286,782,0.8,7,0.6
31287,782,0.8,8,0.6
31288,782,0.8,9,0.6
31289,782,0.8,10,0.6
31290,782,0.8,11,0.4
31291,782,0.8,12,0.4
31292,782,0.8,13,0.4
31293,782,0.8,14,0.4
31294,782,0.8,15,0.4
31295,782,0.8,16,0.4
31296,782,0.8,17,0.4
31297,782,0.8,18,0.4
31298,782,0.8,19,0.4
31299,782,0.8,20,0.4
31300,782,0.8,21,0.4
31301,782,0.8,22,0.4
31302,782,0.8,23,0.4
31303,782,0.8,24,0.4
31304,782,0.8,25,0.4
31305,782,0.8,26,0.4
31306,782,0.8,27,0.6
31307,782,0.8,28,0.6
31308,782,0.8,29,0.6
31309,782,0.8,30,0.6
31310,782,0.8,31,0.6
31311,782,0.8,32,0.6
31312,782,0.8,33,0.6
31313,782,0.8,34,0.6
31314,782,0.8,35,0.6
31315,782,0.8,36,0.6
31316,782,0.8,37,0.6
31317,782,0.8,38,0.6
31318,782,0.8,39,0.6
31319,782,0.8,40,0.6
31320,783,0.8,1,1.0
31321,783,0.8,2,1.0
31322,783,0.8,3,1.0
31323,783,0.8,4,1.0
31324,783,0.8,5,1.0
31325,783,0.8,6,0.8
31326,783,0.8,7,0.8
31327,783,0.8,8,0.6
31328,783,0.8,9,0.6
31329,783,0.8,10,0.6
31330,783,0.8,11,0.6
31331,783,0.8,12,0.6
31332,783,0.8,13,0.6
31333,783,0.8,14,0.6
31334,783,0.8,15,0.6
31335,783,0.8,16,0.8
31336,783,0.8,17,0.8
31337,783,0.8,18,0.8
31338,783,0.8,19,0.8
31339,783,0.8,20,0.8
31340,783,0.8,21,0.8
31341,783,0.8,22,0.8
31342,783,0.8,23,0.8
31343,783,0.8,24,0.8
31344,783,0.8,25,1.0
31345,783,0.8,26,1.0
31346,783,0.8,27,1.0
31347,783,0.8,28,1.0
31348,783,0.8,29,1.0
31349,783,0.8,30,1.0
31350,783,0.8,31,1.0
31351,783,0.8,32,1.0
31352,783,0.8,33,0.4
31353,783,0.8,34,0.6
31354,783,0.8,35,0.8
31355,783,0.8,36,0.8
31356,783,0.8,37,0.6
31357,783,0.8,38,0.6
31358,783,0.8,39,0.8
31359,783,0.8,40,0.6
31360,784,0.8,1,0.8
31361,784,0.8,2,0.6
31362,784,0.8,3,0.6
31363,784,0.8,4,0.6
31364,784,0.8,5,0.6
31365,784,0.8,6,0.8
31366,784,0.8,7,0.8
31367,784,0.8,8,0.6
31368,784,0.8,9,0.8
31369,784,0.8,10,0.8
31370,784,0.8,11,0.8
31371,784,0.8,12,0.8
31372,784,0.8,13,0.8
31373,784,0.8,14,1.0
31374,784,0.8,15,1.0
31375,784,0.8,16,0.8
31376,784,0.8,17,0.8
31377,784,0.8,18,0.6
31378,784,0.8,19,0.6
31379,784,0.8,20,0.8
31380,784,0.8,21,0.8
31381,784,0.8,22,0.8
31382,784,0.8,23,0.8
31383,784,0.8,24,0.8
31384,784,0.8,25,0.8
31385,784,0.8,26,0.8
31386,784,0.8,27,0.8
31387,784,0.8,28,0.8
31388,784,0.8,29,0.8
31389,784,0.8,30,0.8
31390,784,0.8,31,0.8
31391,784,0.8,32,0.8
31392,784,0.8,33,0.8
31393,784,0.8,34,0.8
31394,784,0.8,35,0.8
31395,784,0.8,36,0.8
31396,784,0.8,37,0.8
31397,784,0.8,38,0.8
31398,784,0.8,39,0.8
31399,784,0.8,40,0.8
31400,785,0.8,1,0.6
31401,785,0.8,2,0.8
31402,785,0.8,3,0.8
31403,785,0.8,4,0.8
31404,785,0.8,5,0.6
31405,785,0.8,6,0.6
31406,785,0.8,7,0.6
31407,785,0.8,8,0.6
31408,785,0.8,9,0.6
31409,785,0.8,10,0.6
31410,785,0.8,11,0.6
31411,785,0.8,12,0.6
31412,785,0.8,13,0.6
31413,785,0.8,14,0.6
31414,785,0.8,15,0.6
31415,785,0.8,16,0.6
31416,785,0.8,17,0.6
31417,785,0.8,18,0.6
31418,785,0.8,19,0.6
31419,785,0.8,20,0.6
31420,785,0.8,21,0.6
31421,785,0.8,22,0.6
31422,785,0.8,23,0.4
31423,785,0.8,24,0.4
31424,785,0.8,25,0.6
31425,785,0.8,26,0.6
31426,785,0.8,27,0.6
31427,785,0.8,28,0.6
31428,785,0.8,29,0.6
31429,785,0.8,30,0.6
31430,785,0.8,31,0.6
31431,785,0.8,32,0.6
31432,785,0.8,33,0.6
31433,785,0.8,34,0.6
31434,785,0.8,35,0.6
31435,785,0.8,36,0.6
31436,785,0.8,37,0.6
31437,785,0.8,38,0.6
31438,785,0.8,39,0.6
31439,785,0.8,40,0.6
31440,786,0.8,1,0.8
31441,786,0.8,2,0.8
31442,786,0.8,3,1.0
31443,786,0.8,4,0.4
31444,786,0.8,5,0.8
31445,786,0.8,6,0.6
31446,786,0.8,7,0.6
31447,786,0.8,8,0.8
31448,786,0.8,9,0.8
31449,786,0.8,10,0.2
31450,786,0.8,11,0.2
31451,786,0.8,12,0.2
31452,786,0.8,13,0.2
31453,786,0.8,14,0.2
31454,786,0.8,15,0.2
31455,786,0.8,16,0.0
31456,786,0.8,17,0.4
31457,786,0.8,18,0.6
31458,786,0.8,19,0.6
31459,786,0.8,20,0.6
31460,786,0.8,21,0.6
31461,786,0.8,22,0.6
31462,786,0.8,23,0.6
31463,786,0.8,24,0.6
31464,786,0.8,25,0.6
31465,786,0.8,26,0.6
31466,786,0.8,27,0.6
31467,786,0.8,28,0.6
31468,786,0.8,29,0.6
31469,786,0.8,30,0.6
31470,786,0.8,31,0.6
31471,786,0.8,32,0.6
31472,786,0.8,33,0.6
31473,786,0.8,34,0.6
31474,786,0.8,35,0.6
31475,786,0.8,36,0.6
31476,786,0.8,37,0.6
31477,786,0.8,38,0.4
31478,786,0.8,39,0.4
31479,786,0.8,40,0.4
31480,787,0.8,1,0.6
31481,787,0.8,2,0.6
31482,787,0.8,3,0.6
31483,787,0.8,4,0.6
31484,787,0.8,5,0.6
31485,787,0.8,6,0.6
31486,787,0.8,7,0.6
31487,787,0.8,8,0.8
31488,787,0.8,9,0.8
31489,787,0.8,10,0.8
31490,787,0.8,11,0.8
31491,787,0.8,12,0.8
31492,787,0.8,13,0.8
31493,787,0.8,14,0.8
31494,787,0.8,15,0.8
31495,787,0.8,16,0.8
31496,787,0.8,17,0.8
31497,787,0.8,18,0.8
31498,787,0.8,19,0.8
31499,787,0.8,20,0.8
31500,787,0.8,21,0.8
31501,787,0.8,22,0.8
31502,787,0.8,23,0.8
31503,787,0.8,24,0.8
31504,787,0.8,25,0.8
31505,787,0.8,26,0.8
31506,787,0.8,27,0.8
31507,787,0.8,28,0.8
31508,787,0.8,29,0.8
31509,787,0.8,30,0.8
31510,787,0.8,31,0.8
31511,787,0.8,32,0.8
31512,787,0.8,33,0.8
31513,787,0.8,34,0.8
31514,787,0.8,35,0.8
31515,787,0.8,36,0.8
31516,787,0.8,37,0.8
31517,787,0.8,38,0.8
31518,787,0.8,39,0.6
31519,787,0.8,40,0.6
31520,788,0.8,1,0.6
31521,788,0.8,2,0.8
31522,788,0.8,3,0.8
31523,788,0.8,4,0.8
31524,788,0.8,5,0.8
31525,788,0.8,6,0.8
31526,788,0.8,7,0.4
31527,788,0.8,8,0.6
31528,788,0.8,9,0.6
31529,788,0.8,10,0.6
31530,788,0.8,11,0.6
31531,788,0.8,12,0.6
31532,788,0.8,13,1.0
31533,788,0.8,14,1.0
31534,788,0.8,15,1.0
31535,788,0.8,16,1.0
31536,788,0.8,17,0.8
31537,788,0.8,18,0.8
31538,788,0.8,19,0.8
31539,788,0.8,20,1.0
31540,788,0.8,21,1.0
31541,788,0.8,22,1.0
31542,788,0.8,23,1.0
31543,788,0.8,24,1.0
31544,788,0.8,25,1.0
31545,788,0.8,26,1.0
31546,788,0.8,27,1.0
31547,788,0.8,28,1.0
31548,788,0.8,29,1.0
31549,788,0.8,30,1.0
31550,788,0.8,31,1.0
31551,788,0.8,32,1.0
31552,788,0.8,33,1.0
31553,788,0.8,34,1.0
31554,788,0.8,35,1.0
31555,788,0.8,36,1.0
31556,788,0.8,37,1.0
31557,788,0.8,38,1.0
31558,788,0.8,39,1.0
31559,788,0.8,40,0.8
31560,789,0.8,1,0.0
31561,789,0.8,2,0.4
31562,789,0.8,3,0.2
31563,789,0.8,4,0.2
31564,789,0.8,5,0.2
31565,789,0.8,6,0.2
31566,789,0.8,7,0.2
31567,789,0.8,8,0.2
31568,789,0.8,9,0.2
31569,789,0.8,10,0.2
31570,789,0.8,11,0.4
31571,789,0.8,12,0.4
31572,789,0.8,13,0.6
31573,789,0.8,14,0.6
31574,789,0.8,15,0.4
31575,789,0.8,16,0.2
31576,789,0.8,17,0.2
31577,789,0.8,18,0.2
31578,789,0.8,19,0.2
31579,789,0.8,20,0.0
31580,789,0.8,21,0.2
31581,789,0.8,22,0.4
31582,789,0.8,23,0.4
31583,789,0.8,24,0.6
31584,789,0.8,25,0.6
31585,789,0.8,26,0.6
31586,789,0.8,27,0.6
31587,789,0.8,28,0.6
31588,789,0.8,29,0.6
31589,789,0.8,30,0.6
31590,789,0.8,31,0.6
31591,789,0.8,32,0.6
31592,789,0.8,33,0.6
31593,789,0.8,34,0.6
31594,789,0.8,35,0.6
31595,789,0.8,36,0.6
31596,789,0.8,37,0.6
31597,789,0.8,38,0.6
31598,789,0.8,39,0.6
31599,789,0.8,40,0.6
31600,790,0.8,1,1.0
31601,790,0.8,2,0.6
31602,790,0.8,3,0.6
31603,790,0.8,4,0.2
31604,790,0.8,5,0.2
31605,790,0.8,6,0.2
31606,790,0.8,7,0.4
31607,790,0.8,8,0.4
31608,790,0.8,9,0.4
31609,790,0.8,10,0.4
31610,790,0.8,11,0.4
31611,790,0.8,12,0.4
31612,790,0.8,13,0.4
31613,790,0.8,14,0.4
31614,790,0.8,15,0.4
31615,790,0.8,16,0.4
31616,790,0.8,17,0.4
31617,790,0.8,18,0.4
31618,790,0.8,19,0.4
31619,790,0.8,20,0.4
31620,790,0.8,21,0.4
31621,790,0.8,22,0.4
31622,790,0.8,23,0.4
31623,790,0.8,24,0.4
31624,790,0.8,25,0.4
31625,790,0.8,26,0.4
31626,790,0.8,27,0.4
31627,790,0.8,28,0.4
31628,790,0.8,29,0.4
31629,790,0.8,30,0.4
31630,790,0.8,31,0.4
31631,790,0.8,32,0.4
31632,790,0.8,33,0.4
31633,790,0.8,34,0.4
31634,790,0.8,35,0.4
31635,790,0.8,36,0.4
31636,790,0.8,37,0.6
31637,790,0.8,38,0.6
31638,790,0.8,39,0.6
31639,790,0.8,40,0.6
31640,791,0.8,1,0.0
31641,791,0.8,2,0.4
31642,791,0.8,3,0.6
31643,791,0.8,4,0.4
31644,791,0.8,5,0.4
31645,791,0.8,6,0.4
31646,791,0.8,7,1.0
31647,791,0.8,8,1.0
31648,791,0.8,9,1.0
31649,791,0.8,10,1.0
31650,791,0.8,11,1.0
31651,791,0.8,12,1.0
31652,791,0.8,13,1.0
31653,791,0.8,14,1.0
31654,791,0.8,15,1.0
31655,791,0.8,16,1.0
31656,791,0.8,17,1.0
31657,791,0.8,18,0.8
31658,791,0.8,19,0.8
31659,791,0.8,20,0.8
31660,791,0.8,21,1.0
31661,791,0.8,22,1.0
31662,791,0.8,23,1.0
31663,791,0.8,24,1.0
31664,791,0.8,25,1.0
31665,791,0.8,26,1.0
31666,791,0.8,27,1.0
31667,791,0.8,28,1.0
31668,791,0.8,29,1.0
31669,791,0.8,30,1.0
31670,791,0.8,31,1.0
31671,791,0.8,32,1.0
31672,791,0.8,33,1.0
31673,791,0.8,34,1.0
31674,791,0.8,35,1.0
31675,791,0.8,36,1.0
31676,791,0.8,37,1.0
31677,791,0.8,38,1.0
31678,791,0.8,39,1.0
31679,791,0.8,40,1.0
31680,792,0.8,1,1.0
31681,792,0.8,2,1.0
31682,792,0.8,3,1.0
31683,792,0.8,4,0.8
31684,792,0.8,5,1.0
31685,792,0.8,6,0.4
31686,792,0.8,7,0.4
31687,792,0.8,8,0.4
31688,792,0.8,9,1.0
31689,792,0.8,10,1.0
31690,792,0.8,11,1.0
31691,792,0.8,12,1.0
31692,792,0.8,13,0.8
31693,792,0.8,14,1.0
31694,792,0.8,15,1.0
31695,792,0.8,16,0.8
31696,792,0.8,17,1.0
31697,792,0.8,18,0.8
31698,792,0.8,19,0.8
31699,792,0.8,20,0.8
31700,792,0.8,21,0.8
31701,792,0.8,22,0.8
31702,792,0.8,23,0.8
31703,792,0.8,24,0.8
31704,792,0.8,25,0.8
31705,792,0.8,26,0.8
31706,792,0.8,27,0.8
31707,792,0.8,28,0.8
31708,792,0.8,29,0.8
31709,792,0.8,30,0.8
31710,792,0.8,31,0.8
31711,792,0.8,32,0.8
31712,792,0.8,33,0.8
31713,792,0.8,34,0.8
31714,792,0.8,35,0.8
31715,792,0.8,36,0.6
31716,792,0.8,37,0.6
31717,792,0.8,38,0.6
31718,792,0.8,39,0.6
31719,792,0.8,40,0.6
31720,793,0.8,1,0.8
31721,793,0.8,2,0.8
31722,793,0.8,3,0.4
31723,793,0.8,4,1.0
31724,793,0.8,5,1.0
31725,793,0.8,6,0.8
31726,793,0.8,7,1.0
31727,793,0.8,8,0.8
31728,793,0.8,9,0.8
31729,793,0.8,10,0.6
31730,793,0.8,11,0.6
31731,793,0.8,12,0.8
31732,793,0.8,13,0.8
31733,793,0.8,14,0.8
31734,793,0.8,15,0.8
31735,793,0.8,16,0.8
31736,793,0.8,17,0.8
31737,793,0.8,18,0.8
31738,793,0.8,19,0.8
31739,793,0.8,20,0.8
31740,793,0.8,21,0.8
31741,793,0.8,22,0.8
31742,793,0.8,23,0.8
31743,793,0.8,24,0.6
31744,793,0.8,25,0.6
31745,793,0.8,26,0.6
31746,793,0.8,27,0.6
31747,793,0.8,28,0.6
31748,793,0.8,29,0.6
31749,793,0.8,30,0.6
31750,793,0.8,31,0.6
31751,793,0.8,32,0.6
31752,793,0.8,33,0.6
31753,793,0.8,34,0.6
31754,793,0.8,35,0.4
31755,793,0.8,36,0.4
31756,793,0.8,37,0.4
31757,793,0.8,38,0.6
31758,793,0.8,39,0.6
31759,793,0.8,40,0.6
31760,794,0.8,1,0.2
31761,794,0.8,2,0.4
31762,794,0.8,3,0.4
31763,794,0.8,4,0.4
31764,794,0.8,5,0.4
31765,794,0.8,6,0.4
31766,794,0.8,7,0.4
31767,794,0.8,8,0.4
31768,794,0.8,9,0.4
31769,794,0.8,10,0.4
31770,794,0.8,11,0.4
31771,794,0.8,12,0.4
31772,794,0.8,13,0.4
31773,794,0.8,14,0.4
31774,794,0.8,15,0.4
31775,794,0.8,16,0.4
31776,794,0.8,17,0.4
31777,794,0.8,18,0.4
31778,794,0.8,19,0.4
31779,794,0.8,20,0.4
31780,794,0.8,21,0.4
31781,794,0.8,22,0.4
31782,794,0.8,23,0.4
31783,794,0.8,24,0.4
31784,794,0.8,25,0.4
31785,794,0.8,26,0.4
31786,794,0.8,27,0.4
31787,794,0.8,28,0.4
31788,794,0.8,29,0.4
31789,794,0.8,30,0.4
31790,794,0.8,31,0.4
31791,794,0.8,32,0.4
31792,794,0.8,33,0.4
31793,794,0.8,34,0.4
31794,794,0.8,35,0.4
31795,794,0.8,36,0.4
31796,794,0.8,37,0.4
31797,794,0.8,38,0.4
31798,794,0.8,39,0.4
31799,794,0.8,40,0.4
31800,795,0.8,1,0.8
31801,795,0.8,2,0.8
31802,795,0.8,3,0.4
31803,795,0.8,4,0.4
31804,795,0.8,5,0.4
31805,795,0.8,6,0.4
31806,795,0.8,7,0.4
31807,795,0.8,8,0.4
31808,795,0.8,9,0.4
31809,795,0.8,10,0.4
31810,795,0.8,11,0.4
31811,795,0.8,12,0.6
31812,795,0.8,13,0.6
31813,795,0.8,14,0.6
31814,795,0.8,15,0.6
31815,795,0.8,16,0.2
31816,795,0.8,17,0.2
31817,795,0.8,18,0.4
31818,795,0.8,19,0.4
31819,795,0.8,20,0.2
31820,795,0.8,21,0.2
31821,795,0.8,22,0.2
31822,795,0.8,23,0.6
31823,795,0.8,24,0.6
31824,795,0.8,25,0.6
31825,795,0.8,26,0.6
31826,795,0.8,27,0.6
31827,795,0.8,28,0.6
31828,795,0.8,29,0.6
31829,795,0.8,30,0.4
31830,795,0.8,31,0.4
31831,795,0.8,32,0.6
31832,795,0.8,33,0.6
31833,795,0.8,34,0.6
31834,795,0.8,35,0.6
31835,795,0.8,36,0.6
31836,795,0.8,37,0.6
31837,795,0.8,38,0.6
31838,795,0.8,39,0.6
31839,795,0.8,40,0.6
31840,796,0.8,1,0.6
31841,796,0.8,2,0.4
31842,796,0.8,3,0.4
31843,796,0.8,4,0.6
31844,796,0.8,5,0.4
31845,796,0.8,6,0.4
31846,796,0.8,7,0.6
31847,796,0.8,8,0.6
31848,796,0.8,9,0.6
31849,796,0.8,10,0.4
31850,796,0.8,11,0.6
31851,796,0.8,12,0.8
31852,796,0.8,13,0.8
31853,796,0.8,14,0.8
31854,796,0.8,15,1.0
31855,796,0.8,16,1.0
31856,796,0.8,17,0.8
31857,796,0.8,18,1.0
31858,796,0.8,19,1.0
31859,796,0.8,20,0.6
31860,796,0.8,21,0.8
31861,796,0.8,22,0.8
31862,796,0.8,23,0.6
31863,796,0.8,24,0.6
31864,796,0.8,25,0.6
31865,796,0.8,26,0.6
31866,796,0.8,27,0.6
31867,796,0.8,28,0.6
31868,796,0.8,29,0.6
31869,796,0.8,30,0.6
31870,796,0.8,31,0.6
31871,796,0.8,32,0.6
31872,796,0.8,33,0.6
31873,796,0.8,34,0.6
31874,796,0.8,35,0.4
31875,796,0.8,36,0.4
31876,796,0.8,37,0.4
31877,796,0.8,38,0.4
31878,796,0.8,39,0.4
31879,796,0.8,40,0.4
31880,797,0.8,1,0.6
31881,797,0.8,2,1.0
31882,797,0.8,3,0.6
31883,797,0.8,4,1.0
31884,797,0.8,5,1.0
31885,797,0.8,6,1.0
31886,797,0.8,7,1.0
31887,797,0.8,8,1.0
31888,797,0.8,9,1.0
31889,797,0.8,10,0.2
31890,797,0.8,11,0.2
31891,797,0.8,12,0.2
31892,797,0.8,13,0.2
31893,797,0.8,14,0.2
31894,797,0.8,15,0.2
31895,797,0.8,16,0.2
31896,797,0.8,17,0.2
31897,797,0.8,18,0.2
31898,797,0.8,19,0.2
31899,797,0.8,20,0.2
31900,797,0.8,21,0.2
31901,797,0.8,22,0.4
31902,797,0.8,23,0.4
31903,797,0.8,24,0.4
31904,797,0.8,25,0.2
31905,797,0.8,26,0.4
31906,797,0.8,27,0.4
31907,797,0.8,28,0.4
31908,797,0.8,29,0.4
31909,797,0.8,30,0.4
31910,797,0.8,31,0.4
31911,797,0.8,32,0.4
31912,797,0.8,33,0.4
31913,797,0.8,34,0.4
31914,797,0.8,35,0.4
31915,797,0.8,36,0.4
31916,797,0.8,37,0.4
31917,797,0.8,38,0.4
31918,797,0.8,39,0.4
31919,797,0.8,40,0.4
31920,798,0.8,1,0.0
31921,798,0.8,2,0.2
31922,798,0.8,3,0.6
31923,798,0.8,4,0.6
31924,798,0.8,5,0.6
31925,798,0.8,6,0.6
31926,798,0.8,7,0.6
31927,798,0.8,8,0.6
31928,798,0.8,9,0.6
31929,798,0.8,10,0.6
31930,798,0.8,11,0.6
31931,798,0.8,12,0.6
31932,798,0.8,13,0.6
31933,798,0.8,14,0.6
31934,798,0.8,15,0.6
31935,798,0.8,16,0.6
31936,798,0.8,17,0.6
31937,798,0.8,18,0.6
31938,798,0.8,19,0.6
31939,798,0.8,20,0.6
31940,798,0.8,21,0.6
31941,798,0.8,22,0.6
31942,798,0.8,23,0.6
31943,798,0.8,24,0.4
31944,798,0.8,25,0.4
31945,798,0.8,26,0.4
31946,798,0.8,27,0.4
31947,798,0.8,28,0.4
31948,798,0.8,29,0.4
31949,798,0.8,30,0.4
31950,798,0.8,31,0.4
31951,798,0.8,32,0.4
31952,798,0.8,33,0.4
31953,798,0.8,34,0.4
31954,798,0.8,35,0.4
31955,798,0.8,36,0.4
31956,798,0.8,37,0.4
31957,798,0.8,38,0.4
31958,798,0.8,39,0.4
31959,798,0.8,40,0.6
31960,799,0.8,1,1.0
31961,799,0.8,2,1.0
31962,799,0.8,3,0.6
31963,799,0.8,4,0.6
31964,799,0.8,5,0.8
31965,799,0.8,6,0.6
31966,799,0.8,7,0.8
31967,799,0.8,8,0.8
31968,799,0.8,9,0.6
31969,799,0.8,10,0.8
31970,799,0.8,11,0.8
31971,799,0.8,12,0.8
31972,799,0.8,13,0.8
31973,799,0.8,14,0.8
31974,799,0.8,15,0.8
31975,799,0.8,16,0.8
31976,799,0.8,17,0.8
31977,799,0.8,18,0.8
31978,799,0.8,19,0.8
31979,799,0.8,20,1.0
31980,799,0.8,21,1.0
31981,799,0.8,22,1.0
31982,799,0.8,23,1.0
31983,799,0.8,24,1.0
31984,799,0.8,25,1.0
31985,799,0.8,26,0.4
31986,799,0.8,27,0.2
31987,799,0.8,28,0.4
31988,799,0.8,29,0.4
31989,799,0.8,30,0.4
31990,799,0.8,31,0.4
31991,799,0.8,32,0.4
31992,799,0.8,33,0.4
31993,799,0.8,34,0.4
31994,799,0.8,35,0.4
31995,799,0.8,36,0.4
31996,799,0.8,37,0.4
31997,799,0.8,38,0.4
31998,799,0.8,39,0.4
31999,799,0.8,40,0.4
32000,800,0.8,1,0.0
32001,800,0.8,2,0.6
32002,800,0.8,3,0.6
32003,800,0.8,4,0.6
32004,800,0.8,5,0.6
32005,800,0.8,6,0.6
32006,800,0.8,7,0.4
32007,800,0.8,8,0.6
32008,800,0.8,9,0.6
32009,800,0.8,10,0.4
32010,800,0.8,11,0.4
32011,800,0.8,12,1.0
32012,800,0.8,13,0.6
32013,800,0.8,14,0.6
32014,800,0.8,15,0.8
32015,800,0.8,16,0.8
32016,800,0.8,17,1.0
32017,800,0.8,18,1.0
32018,800,0.8,19,1.0
32019,800,0.8,20,1.0
32020,800,0.8,21,1.0
32021,800,0.8,22,1.0
32022,800,0.8,23,1.0
32023,800,0.8,24,1.0
32024,800,0.8,25,1.0
32025,800,0.8,26,1.0
32026,800,0.8,27,1.0
32027,800,0.8,28,1.0
32028,800,0.8,29,1.0
32029,800,0.8,30,1.0
32030,800,0.8,31,1.0
32031,800,0.8,32,1.0
32032,800,0.8,33,1.0
32033,800,0.8,34,1.0
32034,800,0.8,35,1.0
32035,800,0.8,36,1.0
32036,800,0.8,37,1.0
32037,800,0.8,38,1.0
32038,800,0.8,39,1.0
32039,800,0.8,40,1.0
32040,801,0.8,1,1.0
32041,801,0.8,2,1.0
32042,801,0.8,3,0.6
32043,801,0.8,4,0.8
32044,801,0.8,5,0.8
32045,801,0.8,6,0.4
32046,801,0.8,7,0.4
32047,801,0.8,8,0.4
32048,801,0.8,9,0.4
32049,801,0.8,10,0.4
32050,801,0.8,11,0.6
32051,801,0.8,12,0.6
32052,801,0.8,13,0.8
32053,801,0.8,14,0.6
32054,801,0.8,15,1.0
32055,801,0.8,16,0.8
32056,801,0.8,17,0.8
32057,801,0.8,18,0.8
32058,801,0.8,19,0.8
32059,801,0.8,20,0.8
32060,801,0.8,21,0.6
32061,801,0.8,22,0.4
32062,801,0.8,23,0.4
32063,801,0.8,24,0.6
32064,801,0.8,25,0.6
32065,801,0.8,26,0.6
32066,801,0.8,27,0.6
32067,801,0.8,28,0.6
32068,801,0.8,29,0.6
32069,801,0.8,30,0.6
32070,801,0.8,31,0.6
32071,801,0.8,32,0.6
32072,801,0.8,33,0.6
32073,801,0.8,34,0.6
32074,801,0.8,35,0.6
32075,801,0.8,36,0.4
32076,801,0.8,37,0.6
32077,801,0.8,38,0.6
32078,801,0.8,39,0.6
32079,801,0.8,40,0.6
32080,802,0.8,1,0.8
32081,802,0.8,2,0.8
32082,802,0.8,3,0.8
32083,802,0.8,4,0.8
32084,802,0.8,5,1.0
32085,802,0.8,6,1.0
32086,802,0.8,7,1.0
32087,802,0.8,8,1.0
32088,802,0.8,9,1.0
32089,802,0.8,10,1.0
32090,802,0.8,11,1.0
32091,802,0.8,12,1.0
32092,802,0.8,13,1.0
32093,802,0.8,14,0.8
32094,802,0.8,15,0.8
32095,802,0.8,16,0.8
32096,802,0.8,17,0.8
32097,802,0.8,18,1.0
32098,802,0.8,19,1.0
32099,802,0.8,20,1.0
32100,802,0.8,21,0.8
32101,802,0.8,22,0.8
32102,802,0.8,23,0.8
32103,802,0.8,24,0.8
32104,802,0.8,25,0.8
32105,802,0.8,26,0.8
32106,802,0.8,27,0.8
32107,802,0.8,28,0.8
32108,802,0.8,29,0.8
32109,802,0.8,30,0.8
32110,802,0.8,31,0.8
32111,802,0.8,32,0.8
32112,802,0.8,33,0.4
32113,802,0.8,34,0.4
32114,802,0.8,35,1.0
32115,802,0.8,36,1.0
32116,802,0.8,37,1.0
32117,802,0.8,38,1.0
32118,802,0.8,39,1.0
32119,802,0.8,40,1.0
32120,803,0.8,1,0.6
32121,803,0.8,2,0.6
32122,803,0.8,3,0.6
32123,803,0.8,4,0.4
32124,803,0.8,5,0.2
32125,803,0.8,6,0.2
32126,803,0.8,7,0.4
32127,803,0.8,8,0.4
32128,803,0.8,9,0.4
32129,803,0.8,10,0.4
32130,803,0.8,11,0.4
32131,803,0.8,12,0.4
32132,803,0.8,13,0.6
32133,803,0.8,14,0.6
32134,803,0.8,15,0.6
32135,803,0.8,16,0.6
32136,803,0.8,17,0.6
32137,803,0.8,18,0.6
32138,803,0.8,19,0.4
32139,803,0.8,20,0.4
32140,803,0.8,21,0.4
32141,803,0.8,22,0.6
32142,803,0.8,23,0.6
32143,803,0.8,24,0.6
32144,803,0.8,25,0.6
32145,803,0.8,26,0.6
32146,803,0.8,27,0.6
32147,803,0.8,28,0.4
32148,803,0.8,29,0.4
32149,803,0.8,30,0.4
32150,803,0.8,31,0.4
32151,803,0.8,32,0.4
32152,803,0.8,33,0.6
32153,803,0.8,34,0.6
32154,803,0.8,35,0.6
32155,803,0.8,36,0.6
32156,803,0.8,37,0.6
32157,803,0.8,38,0.6
32158,803,0.8,39,0.6
32159,803,0.8,40,0.6
32160,804,0.8,1,0.8
32161,804,0.8,2,0.6
32162,804,0.8,3,0.6
32163,804,0.8,4,0.8
32164,804,0.8,5,0.8
32165,804,0.8,6,0.8
32166,804,0.8,7,0.6
32167,804,0.8,8,0.6
32168,804,0.8,9,0.8
32169,804,0.8,10,0.6
32170,804,0.8,11,0.8
32171,804,0.8,12,0.8
32172,804,0.8,13,0.6
32173,804,0.8,14,0.6
32174,804,0.8,15,0.6
32175,804,0.8,16,0.6
32176,804,0.8,17,0.6
32177,804,0.8,18,0.6
32178,804,0.8,19,0.6
32179,804,0.8,20,0.8
32180,804,0.8,21,0.8
32181,804,0.8,22,0.8
32182,804,0.8,23,0.8
32183,804,0.8,24,0.8
32184,804,0.8,25,0.8
32185,804,0.8,26,0.8
32186,804,0.8,27,0.8
32187,804,0.8,28,0.8
32188,804,0.8,29,0.8
32189,804,0.8,30,0.6
32190,804,0.8,31,0.6
32191,804,0.8,32,0.6
32192,804,0.8,33,0.8
32193,804,0.8,34,0.8
32194,804,0.8,35,0.8
32195,804,0.8,36,0.8
32196,804,0.8,37,0.8
32197,804,0.8,38,0.6
32198,804,0.8,39,0.6
32199,804,0.8,40,0.8
32200,805,0.8,1,0.6
32201,805,0.8,2,0.6
32202,805,0.8,3,0.4
32203,805,0.8,4,0.2
32204,805,0.8,5,0.2
32205,805,0.8,6,0.2
32206,805,0.8,7,0.4
32207,805,0.8,8,0.2
32208,805,0.8,9,0.6
32209,805,0.8,10,0.6
32210,805,0.8,11,0.4
32211,805,0.8,12,0.6
32212,805,0.8,13,0.6
32213,805,0.8,14,0.4
32214,805,0.8,15,0.4
32215,805,0.8,16,0.4
32216,805,0.8,17,0.6
32217,805,0.8,18,0.6
32218,805,0.8,19,0.6
32219,805,0.8,20,0.6
32220,805,0.8,21,0.4
32221,805,0.8,22,0.4
32222,805,0.8,23,0.4
32223,805,0.8,24,0.4
32224,805,0.8,25,0.4
32225,805,0.8,26,0.4
32226,805,0.8,27,0.4
32227,805,0.8,28,0.6
32228,805,0.8,29,0.6
32229,805,0.8,30,0.6
32230,805,0.8,31,0.6
32231,805,0.8,32,0.8
32232,805,0.8,33,0.8
32233,805,0.8,34,0.8
32234,805,0.8,35,0.8
32235,805,0.8,36,0.8
32236,805,0.8,37,0.8
32237,805,0.8,38,0.8
32238,805,0.8,39,0.8
32239,805,0.8,40,0.8
32240,806,0.8,1,0.6
32241,806,0.8,2,0.6
32242,806,0.8,3,0.6
32243,806,0.8,4,0.6
32244,806,0.8,5,0.6
32245,806,0.8,6,0.4
32246,806,0.8,7,0.4
32247,806,0.8,8,0.4
32248,806,0.8,9,0.6
32249,806,0.8,10,0.6
32250,806,0.8,11,0.6
32251,806,0.8,12,0.4
32252,806,0.8,13,0.6
32253,806,0.8,14,0.4
32254,806,0.8,15,0.6
32255,806,0.8,16,0.6
32256,806,0.8,17,0.6
32257,806,0.8,18,0.6
32258,806,0.8,19,0.4
32259,806,0.8,20,0.6
32260,806,0.8,21,0.4
32261,806,0.8,22,0.6
32262,806,0.8,23,0.6
32263,806,0.8,24,0.6
32264,806,0.8,25,0.6
32265,806,0.8,26,0.4
32266,806,0.8,27,0.4
32267,806,0.8,28,0.2
32268,806,0.8,29,0.6
32269,806,0.8,30,0.6
32270,806,0.8,31,0.6
32271,806,0.8,32,0.6
32272,806,0.8,33,0.6
32273,806,0.8,34,0.6
32274,806,0.8,35,0.6
32275,806,0.8,36,0.6
32276,806,0.8,37,0.6
32277,806,0.8,38,0.6
32278,806,0.8,39,0.6
32279,806,0.8,40,0.6
32280,807,0.8,1,0.0
32281,807,0.8,2,0.2
32282,807,0.8,3,0.4
32283,807,0.8,4,0.6
32284,807,0.8,5,0.6
32285,807,0.8,6,0.6
32286,807,0.8,7,0.8
32287,807,0.8,8,0.8
32288,807,0.8,9,1.0
32289,807,0.8,10,1.0
32290,807,0.8,11,1.0
32291,807,0.8,12,0.8
32292,807,0.8,13,0.8
32293,807,0.8,14,0.8
32294,807,0.8,15,0.6
32295,807,0.8,16,0.6
32296,807,0.8,17,0.8
32297,807,0.8,18,0.8
32298,807,0.8,19,0.8
32299,807,0.8,20,0.8
32300,807,0.8,21,0.8
32301,807,0.8,22,0.8
32302,807,0.8,23,0.8
32303,807,0.8,24,0.8
32304,807,0.8,25,0.8
32305,807,0.8,26,0.8
32306,807,0.8,27,0.8
32307,807,0.8,28,0.8
32308,807,0.8,29,0.8
32309,807,0.8,30,0.8
32310,807,0.8,31,0.8
32311,807,0.8,32,0.8
32312,807,0.8,33,0.8
32313,807,0.8,34,0.8
32314,807,0.8,35,0.8
32315,807,0.8,36,0.8
32316,807,0.8,37,0.8
32317,807,0.8,38,0.8
32318,807,0.8,39,0.8
32319,807,0.8,40,0.8
32320,808,0.8,1,1.0
32321,808,0.8,2,1.0
32322,808,0.8,3,1.0
32323,808,0.8,4,1.0
32324,808,0.8,5,1.0
32325,808,0.8,6,1.0
32326,808,0.8,7,1.0
32327,808,0.8,8,1.0
32328,808,0.8,9,1.0
32329,808,0.8,10,1.0
32330,808,0.8,11,1.0
32331,808,0.8,12,1.0
32332,808,0.8,13,1.0
32333,808,0.8,14,0.8
32334,808,0.8,15,0.8
32335,808,0.8,16,0.8
32336,808,0.8,17,0.8
32337,808,0.8,18,0.8
32338,808,0.8,19,0.8
32339,808,0.8,20,0.6
32340,808,0.8,21,0.6
32341,808,0.8,22,0.4
32342,808,0.8,23,0.4
32343,808,0.8,24,0.4
32344,808,0.8,25,0.4
32345,808,0.8,26,0.4
32346,808,0.8,27,0.4
32347,808,0.8,28,0.6
32348,808,0.8,29,0.4
32349,808,0.8,30,0.6
32350,808,0.8,31,0.4
32351,808,0.8,32,0.4
32352,808,0.8,33,0.4
32353,808,0.8,34,0.4
32354,808,0.8,35,0.4
32355,808,0.8,36,0.4
32356,808,0.8,37,0.4
32357,808,0.8,38,0.4
32358,808,0.8,39,0.4
32359,808,0.8,40,0.4
32360,809,0.8,1,0.0
32361,809,0.8,2,0.6
32362,809,0.8,3,0.6
32363,809,0.8,4,0.6
32364,809,0.8,5,0.2
32365,809,0.8,6,0.8
32366,809,0.8,7,0.8
32367,809,0.8,8,0.6
32368,809,0.8,9,0.8
32369,809,0.8,10,0.8
32370,809,0.8,11,0.8
32371,809,0.8,12,0.8
32372,809,0.8,13,0.8
32373,809,0.8,14,0.8
32374,809,0.8,15,0.8
32375,809,0.8,16,0.8
32376,809,0.8,17,0.8
32377,809,0.8,18,0.8
32378,809,0.8,19,0.8
32379,809,0.8,20,0.8
32380,809,0.8,21,0.8
32381,809,0.8,22,0.8
32382,809,0.8,23,0.8
32383,809,0.8,24,0.8
32384,809,0.8,25,0.8
32385,809,0.8,26,0.8
32386,809,0.8,27,0.8
32387,809,0.8,28,1.0
32388,809,0.8,29,1.0
32389,809,0.8,30,1.0
32390,809,0.8,31,1.0
32391,809,0.8,32,0.8
32392,809,0.8,33,0.8
32393,809,0.8,34,0.8
32394,809,0.8,35,0.8
32395,809,0.8,36,0.6
32396,809,0.8,37,0.6
32397,809,0.8,38,0.8
32398,809,0.8,39,0.6
32399,809,0.8,40,0.6
32400,810,0.8,1,0.0
32401,810,0.8,2,0.0
32402,810,0.8,3,0.8
32403,810,0.8,4,0.6
32404,810,0.8,5,0.8
32405,810,0.8,6,0.6
32406,810,0.8,7,0.4
32407,810,0.8,8,0.6
32408,810,0.8,9,0.6
32409,810,0.8,10,0.6
32410,810,0.8,11,0.6
32411,810,0.8,12,0.6
32412,810,0.8,13,0.6
32413,810,0.8,14,0.6
32414,810,0.8,15,0.6
32415,810,0.8,16,0.6
32416,810,0.8,17,0.4
32417,810,0.8,18,0.4
32418,810,0.8,19,0.4
32419,810,0.8,20,0.4
32420,810,0.8,21,0.4
32421,810,0.8,22,0.4
32422,810,0.8,23,0.4
32423,810,0.8,24,0.4
32424,810,0.8,25,0.4
32425,810,0.8,26,0.4
32426,810,0.8,27,0.4
32427,810,0.8,28,0.4
32428,810,0.8,29,0.4
32429,810,0.8,30,0.4
32430,810,0.8,31,0.4
32431,810,0.8,32,0.4
32432,810,0.8,33,0.4
32433,810,0.8,34,0.4
32434,810,0.8,35,0.4
32435,810,0.8,36,0.4
32436,810,0.8,37,0.4
32437,810,0.8,38,0.6
32438,810,0.8,39,0.6
32439,810,0.8,40,0.6
32440,811,0.8,1,0.8
32441,811,0.8,2,0.8
32442,811,0.8,3,0.4
32443,811,0.8,4,0.6
32444,811,0.8,5,0.6
32445,811,0.8,6,0.6
32446,811,0.8,7,0.6
32447,811,0.8,8,0.6
32448,811,0.8,9,1.0
32449,811,0.8,10,1.0
32450,811,0.8,11,1.0
32451,811,0.8,12,1.0
32452,811,0.8,13,1.0
32453,811,0.8,14,1.0
32454,811,0.8,15,0.8
32455,811,0.8,16,1.0
32456,811,0.8,17,1.0
32457,811,0.8,18,0.8
32458,811,0.8,19,0.8
32459,811,0.8,20,0.8
32460,811,0.8,21,0.8
32461,811,0.8,22,0.8
32462,811,0.8,23,0.8
32463,811,0.8,24,0.8
32464,811,0.8,25,0.8
32465,811,0.8,26,0.8
32466,811,0.8,27,0.8
32467,811,0.8,28,0.8
32468,811,0.8,29,0.8
32469,811,0.8,30,0.8
32470,811,0.8,31,0.8
32471,811,0.8,32,0.8
32472,811,0.8,33,0.8
32473,811,0.8,34,0.8
32474,811,0.8,35,0.8
32475,811,0.8,36,0.8
32476,811,0.8,37,0.8
32477,811,0.8,38,0.8
32478,811,0.8,39,0.8
32479,811,0.8,40,0.8
32480,812,0.8,1,0.6
32481,812,0.8,2,0.8
32482,812,0.8,3,0.2
32483,812,0.8,4,0.2
32484,812,0.8,5,0.2
32485,812,0.8,6,0.2
32486,812,0.8,7,0.2
32487,812,0.8,8,0.2
32488,812,0.8,9,0.2
32489,812,0.8,10,0.2
32490,812,0.8,11,0.2
32491,812,0.8,12,0.2
32492,812,0.8,13,0.2
32493,812,0.8,14,0.2
32494,812,0.8,15,0.2
32495,812,0.8,16,0.2
32496,812,0.8,17,0.2
32497,812,0.8,18,0.2
32498,812,0.8,19,0.2
32499,812,0.8,20,0.0
32500,812,0.8,21,0.0
32501,812,0.8,22,0.2
32502,812,0.8,23,0.2
32503,812,0.8,24,0.2
32504,812,0.8,25,0.2
32505,812,0.8,26,0.0
32506,812,0.8,27,0.6
32507,812,0.8,28,0.6
32508,812,0.8,29,0.6
32509,812,0.8,30,0.6
32510,812,0.8,31,0.6
32511,812,0.8,32,0.4
32512,812,0.8,33,0.4
32513,812,0.8,34,0.2
32514,812,0.8,35,0.4
32515,812,0.8,36,0.4
32516,812,0.8,37,0.4
32517,812,0.8,38,0.4
32518,812,0.8,39,0.4
32519,812,0.8,40,0.4
32520,813,0.8,1,0.8
32521,813,0.8,2,0.8
32522,813,0.8,3,0.4
32523,813,0.8,4,0.8
32524,813,0.8,5,0.8
32525,813,0.8,6,0.8
32526,813,0.8,7,0.8
32527,813,0.8,8,0.8
32528,813,0.8,9,1.0
32529,813,0.8,10,1.0
32530,813,0.8,11,1.0
32531,813,0.8,12,1.0
32532,813,0.8,13,1.0
32533,813,0.8,14,1.0
32534,813,0.8,15,1.0
32535,813,0.8,16,1.0
32536,813,0.8,17,1.0
32537,813,0.8,18,0.8
32538,813,0.8,19,0.8
32539,813,0.8,20,0.8
32540,813,0.8,21,0.8
32541,813,0.8,22,0.8
32542,813,0.8,23,0.8
32543,813,0.8,24,0.8
32544,813,0.8,25,0.8
32545,813,0.8,26,0.8
32546,813,0.8,27,0.8
32547,813,0.8,28,0.8
32548,813,0.8,29,0.8
32549,813,0.8,30,0.8
32550,813,0.8,31,0.8
32551,813,0.8,32,0.8
32552,813,0.8,33,0.8
32553,813,0.8,34,0.8
32554,813,0.8,35,0.8
32555,813,0.8,36,0.8
32556,813,0.8,37,0.6
32557,813,0.8,38,0.6
32558,813,0.8,39,0.6
32559,813,0.8,40,0.6
32560,814,0.8,1,0.6
32561,814,0.8,2,0.6
32562,814,0.8,3,0.8
32563,814,0.8,4,1.0
32564,814,0.8,5,0.6
32565,814,0.8,6,0.4
32566,814,0.8,7,0.4
32567,814,0.8,8,0.6
32568,814,0.8,9,0.2
32569,814,0.8,10,0.2
32570,814,0.8,11,0.2
32571,814,0.8,12,0.4
32572,814,0.8,13,0.6
32573,814,0.8,14,0.8
32574,814,0.8,15,0.8
32575,814,0.8,16,0.8
32576,814,0.8,17,0.8
32577,814,0.8,18,0.6
32578,814,0.8,19,0.6
32579,814,0.8,20,0.6
32580,814,0.8,21,0.0
32581,814,0.8,22,0.0
32582,814,0.8,23,0.0
32583,814,0.8,24,0.0
32584,814,0.8,25,0.0
32585,814,0.8,26,0.0
32586,814,0.8,27,0.0
32587,814,0.8,28,0.0
32588,814,0.8,29,0.0
32589,814,0.8,30,0.0
32590,814,0.8,31,0.0
32591,814,0.8,32,0.4
32592,814,0.8,33,0.4
32593,814,0.8,34,0.2
32594,814,0.8,35,0.6
32595,814,0.8,36,0.6
32596,814,0.8,37,0.6
32597,814,0.8,38,0.6
32598,814,0.8,39,0.6
32599,814,0.8,40,0.6
32600,815,0.8,1,0.6
32601,815,0.8,2,0.6
32602,815,0.8,3,0.4
32603,815,0.8,4,0.4
32604,815,0.8,5,0.0
32605,815,0.8,6,0.4
32606,815,0.8,7,0.4
32607,815,0.8,8,0.4
32608,815,0.8,9,0.4
32609,815,0.8,10,0.4
32610,815,0.8,11,0.6
32611,815,0.8,12,0.6
32612,815,0.8,13,0.6
32613,815,0.8,14,0.4
32614,815,0.8,15,0.4
32615,815,0.8,16,0.4
32616,815,0.8,17,0.6
32617,815,0.8,18,0.4
32618,815,0.8,19,0.4
32619,815,0.8,20,0.6
32620,815,0.8,21,0.4
32621,815,0.8,22,0.6
32622,815,0.8,23,0.6
32623,815,0.8,24,0.6
32624,815,0.8,25,0.6
32625,815,0.8,26,0.6
32626,815,0.8,27,0.6
32627,815,0.8,28,0.6
32628,815,0.8,29,0.2
32629,815,0.8,30,0.4
32630,815,0.8,31,0.4
32631,815,0.8,32,0.4
32632,815,0.8,33,0.4
32633,815,0.8,34,0.4
32634,815,0.8,35,0.6
32635,815,0.8,36,0.6
32636,815,0.8,37,0.6
32637,815,0.8,38,0.6
32638,815,0.8,39,0.6
32639,815,0.8,40,0.6
32640,816,0.8,1,0.0
32641,816,0.8,2,0.8
32642,816,0.8,3,0.6
32643,816,0.8,4,0.6
32644,816,0.8,5,0.6
32645,816,0.8,6,0.6
32646,816,0.8,7,0.6
32647,816,0.8,8,0.6
32648,816,0.8,9,0.6
32649,816,0.8,10,0.6
32650,816,0.8,11,0.6
32651,816,0.8,12,0.8
32652,816,0.8,13,0.8
32653,816,0.8,14,0.8
32654,816,0.8,15,0.8
32655,816,0.8,16,0.8
32656,816,0.8,17,0.8
32657,816,0.8,18,0.8
32658,816,0.8,19,0.8
32659,816,0.8,20,0.8
32660,816,0.8,21,0.8
32661,816,0.8,22,0.8
32662,816,0.8,23,0.8
32663,816,0.8,24,0.8
32664,816,0.8,25,0.8
32665,816,0.8,26,0.8
32666,816,0.8,27,0.8
32667,816,0.8,28,0.8
32668,816,0.8,29,0.8
32669,816,0.8,30,0.8
32670,816,0.8,31,0.8
32671,816,0.8,32,0.8
32672,816,0.8,33,0.8
32673,816,0.8,34,0.8
32674,816,0.8,35,0.8
32675,816,0.8,36,0.8
32676,816,0.8,37,0.8
32677,816,0.8,38,0.8
32678,816,0.8,39,0.8
32679,816,0.8,40,0.8
32680,817,0.8,1,1.0
32681,817,0.8,2,0.8
32682,817,0.8,3,0.8
32683,817,0.8,4,0.8
32684,817,0.8,5,0.8
32685,817,0.8,6,0.6
32686,817,0.8,7,0.8
32687,817,0.8,8,0.8
32688,817,0.8,9,0.8
32689,817,0.8,10,0.8
32690,817,0.8,11,0.6
32691,817,0.8,12,0.8
32692,817,0.8,13,0.6
32693,817,0.8,14,0.6
32694,817,0.8,15,0.6
32695,817,0.8,16,0.6
32696,817,0.8,17,0.6
32697,817,0.8,18,0.6
32698,817,0.8,19,0.6
32699,817,0.8,20,0.8
32700,817,0.8,21,0.8
32701,817,0.8,22,0.8
32702,817,0.8,23,0.6
32703,817,0.8,24,0.6
32704,817,0.8,25,0.6
32705,817,0.8,26,0.6
32706,817,0.8,27,0.6
32707,817,0.8,28,0.6
32708,817,0.8,29,0.6
32709,817,0.8,30,0.6
32710,817,0.8,31,0.6
32711,817,0.8,32,0.6
32712,817,0.8,33,0.6
32713,817,0.8,34,0.6
32714,817,0.8,35,0.6
32715,817,0.8,36,0.6
32716,817,0.8,37,0.6
32717,817,0.8,38,0.8
32718,817,0.8,39,0.8
32719,817,0.8,40,0.8
32720,818,0.8,1,0.0
32721,818,0.8,2,0.2
32722,818,0.8,3,0.2
32723,818,0.8,4,0.4
32724,818,0.8,5,0.6
32725,818,0.8,6,0.2
32726,818,0.8,7,0.2
32727,818,0.8,8,0.2
32728,818,0.8,9,0.2
32729,818,0.8,10,0.0
32730,818,0.8,11,0.0
32731,818,0.8,12,0.0
32732,818,0.8,13,0.0
32733,818,0.8,14,0.2
32734,818,0.8,15,0.2
32735,818,0.8,16,0.2
32736,818,0.8,17,0.2
32737,818,0.8,18,0.4
32738,818,0.8,19,0.4
32739,818,0.8,20,0.6
32740,818,0.8,21,0.6
32741,818,0.8,22,0.6
32742,818,0.8,23,0.6
32743,818,0.8,24,0.6
32744,818,0.8,25,0.6
32745,818,0.8,26,0.4
32746,818,0.8,27,0.4
32747,818,0.8,28,0.4
32748,818,0.8,29,0.4
32749,818,0.8,30,0.4
32750,818,0.8,31,0.4
32751,818,0.8,32,0.4
32752,818,0.8,33,0.4
32753,818,0.8,34,0.4
32754,818,0.8,35,0.6
32755,818,0.8,36,0.6
32756,818,0.8,37,0.6
32757,818,0.8,38,0.4
32758,818,0.8,39,0.6
32759,818,0.8,40,0.6
32760,819,0.8,1,1.0
32761,819,0.8,2,1.0
32762,819,0.8,3,1.0
32763,819,0.8,4,1.0
32764,819,0.8,5,1.0
32765,819,0.8,6,1.0
32766,819,0.8,7,1.0
32767,819,0.8,8,1.0
32768,819,0.8,9,1.0
32769,819,0.8,10,1.0
32770,819,0.8,11,1.0
32771,819,0.8,12,1.0
32772,819,0.8,13,0.4
32773,819,0.8,14,0.4
32774,819,0.8,15,0.4
32775,819,0.8,16,0.4
32776,819,0.8,17,0.8
32777,819,0.8,18,0.8
32778,819,0.8,19,0.8
32779,819,0.8,20,0.8
32780,819,0.8,21,0.8
32781,819,0.8,22,0.8
32782,819,0.8,23,0.8
32783,819,0.8,24,0.8
32784,819,0.8,25,0.8
32785,819,0.8,26,1.0
32786,819,0.8,27,1.0
32787,819,0.8,28,1.0
32788,819,0.8,29,0.8
32789,819,0.8,30,0.8
32790,819,0.8,31,0.8
32791,819,0.8,32,0.8
32792,819,0.8,33,0.8
32793,819,0.8,34,0.8
32794,819,0.8,35,0.8
32795,819,0.8,36,0.8
32796,819,0.8,37,0.8
32797,819,0.8,38,0.8
32798,819,0.8,39,0.8
32799,819,0.8,40,1.0
32800,820,0.8,1,0.8
32801,820,0.8,2,0.6
32802,820,0.8,3,0.6
32803,820,0.8,4,0.8
32804,820,0.8,5,0.8
32805,820,0.8,6,0.8
32806,820,0.8,7,1.0
32807,820,0.8,8,0.8
32808,820,0.8,9,0.8
32809,820,0.8,10,0.8
32810,820,0.8,11,0.8
32811,820,0.8,12,0.8
32812,820,0.8,13,1.0
32813,820,0.8,14,1.0
32814,820,0.8,15,1.0
32815,820,0.8,16,1.0
32816,820,0.8,17,1.0
32817,820,0.8,18,1.0
32818,820,0.8,19,1.0
32819,820,0.8,20,1.0
32820,820,0.8,21,1.0
32821,820,0.8,22,1.0
32822,820,0.8,23,1.0
32823,820,0.8,24,1.0
32824,820,0.8,25,1.0
32825,820,0.8,26,1.0
32826,820,0.8,27,1.0
32827,820,0.8,28,1.0
32828,820,0.8,29,1.0
32829,820,0.8,30,1.0
32830,820,0.8,31,1.0
32831,820,0.8,32,1.0
32832,820,0.8,33,1.0
32833,820,0.8,34,1.0
32834,820,0.8,35,1.0
32835,820,0.8,36,1.0
32836,820,0.8,37,1.0
32837,820,0.8,38,1.0
32838,820,0.8,39,1.0
32839,820,0.8,40,1.0
32840,821,0.8,1,0.6
32841,821,0.8,2,0.8
32842,821,0.8,3,0.8
32843,821,0.8,4,0.8
32844,821,0.8,5,0.4
32845,821,0.8,6,1.0
32846,821,0.8,7,1.0
32847,821,0.8,8,1.0
32848,821,0.8,9,1.0
32849,821,0.8,10,1.0
32850,821,0.8,11,0.8
32851,821,0.8,12,1.0
32852,821,0.8,13,1.0
32853,821,0.8,14,1.0
32854,821,0.8,15,1.0
32855,821,0.8,16,1.0
32856,821,0.8,17,1.0
32857,821,0.8,18,1.0
32858,821,0.8,19,1.0
32859,821,0.8,20,1.0
32860,821,0.8,21,1.0
32861,821,0.8,22,1.0
32862,821,0.8,23,1.0
32863,821,0.8,24,0.8
32864,821,0.8,25,0.8
32865,821,0.8,26,0.6
32866,821,0.8,27,0.6
32867,821,0.8,28,0.6
32868,821,0.8,29,0.6
32869,821,0.8,30,0.8
32870,821,0.8,31,0.8
32871,821,0.8,32,1.0
32872,821,0.8,33,1.0
32873,821,0.8,34,1.0
32874,821,0.8,35,1.0
32875,821,0.8,36,1.0
32876,821,0.8,37,1.0
32877,821,0.8,38,1.0
32878,821,0.8,39,1.0
32879,821,0.8,40,1.0
32880,822,0.8,1,0.8
32881,822,0.8,2,0.8
32882,822,0.8,3,0.8
32883,822,0.8,4,1.0
32884,822,0.8,5,1.0
32885,822,0.8,6,0.8
32886,822,0.8,7,1.0
32887,822,0.8,8,1.0
32888,822,0.8,9,1.0
32889,822,0.8,10,1.0
32890,822,0.8,11,1.0
32891,822,0.8,12,1.0
32892,822,0.8,13,1.0
32893,822,0.8,14,1.0
32894,822,0.8,15,1.0
32895,822,0.8,16,0.8
32896,822,0.8,17,1.0
32897,822,0.8,18,0.8
32898,822,0.8,19,0.8
32899,822,0.8,20,0.8
32900,822,0.8,21,0.8
32901,822,0.8,22,0.4
32902,822,0.8,23,0.4
32903,822,0.8,24,0.4
32904,822,0.8,25,0.4
32905,822,0.8,26,0.4
32906,822,0.8,27,0.4
32907,822,0.8,28,0.4
32908,822,0.8,29,0.4
32909,822,0.8,30,0.4
32910,822,0.8,31,0.4
32911,822,0.8,32,0.4
32912,822,0.8,33,0.4
32913,822,0.8,34,0.4
32914,822,0.8,35,0.4
32915,822,0.8,36,0.4
32916,822,0.8,37,0.4
32917,822,0.8,38,0.4
32918,822,0.8,39,0.4
32919,822,0.8,40,0.4
32920,823,0.8,1,0.6
32921,823,0.8,2,0.6
32922,823,0.8,3,0.6
32923,823,0.8,4,0.6
32924,823,0.8,5,0.6
32925,823,0.8,6,0.6
32926,823,0.8,7,0.4
32927,823,0.8,8,0.4
32928,823,0.8,9,0.4
32929,823,0.8,10,0.4
32930,823,0.8,11,0.4
32931,823,0.8,12,0.4
32932,823,0.8,13,0.6
32933,823,0.8,14,0.6
32934,823,0.8,15,0.6
32935,823,0.8,16,0.6
32936,823,0.8,17,0.6
32937,823,0.8,18,0.4
32938,823,0.8,19,0.2
32939,823,0.8,20,0.6
32940,823,0.8,21,0.4
32941,823,0.8,22,0.4
32942,823,0.8,23,0.4
32943,823,0.8,24,0.4
32944,823,0.8,25,0.6
32945,823,0.8,26,0.4
32946,823,0.8,27,0.2
32947,823,0.8,28,0.4
32948,823,0.8,29,0.6
32949,823,0.8,30,0.6
32950,823,0.8,31,0.6
32951,823,0.8,32,0.4
32952,823,0.8,33,0.4
32953,823,0.8,34,0.4
32954,823,0.8,35,0.4
32955,823,0.8,36,0.6
32956,823,0.8,37,0.6
32957,823,0.8,38,0.6
32958,823,0.8,39,0.6
32959,823,0.8,40,0.6
32960,824,0.8,1,0.6
32961,824,0.8,2,0.6
32962,824,0.8,3,0.6
32963,824,0.8,4,0.8
32964,824,0.8,5,0.8
32965,824,0.8,6,0.8
32966,824,0.8,7,0.8
32967,824,0.8,8,0.6
32968,824,0.8,9,0.8
32969,824,0.8,10,0.8
32970,824,0.8,11,0.8
32971,824,0.8,12,0.8
32972,824,0.8,13,0.8
32973,824,0.8,14,0.8
32974,824,0.8,15,0.8
32975,824,0.8,16,0.8
32976,824,0.8,17,0.8
32977,824,0.8,18,0.8
32978,824,0.8,19,0.6
32979,824,0.8,20,0.8
32980,824,0.8,21,0.8
32981,824,0.8,22,0.6
32982,824,0.8,23,0.4
32983,824,0.8,24,0.6
32984,824,0.8,25,0.6
32985,824,0.8,26,0.6
32986,824,0.8,27,0.6
32987,824,0.8,28,0.6
32988,824,0.8,29,0.6
32989,824,0.8,30,0.4
32990,824,0.8,31,0.4
32991,824,0.8,32,0.4
32992,824,0.8,33,0.2
32993,824,0.8,34,0.2
32994,824,0.8,35,0.4
32995,824,0.8,36,0.4
32996,824,0.8,37,0.2
32997,824,0.8,38,0.2
32998,824,0.8,39,0.4
32999,824,0.8,40,0.4
33000,825,0.8,1,0.0
33001,825,0.8,2,0.2
33002,825,0.8,3,0.4
33003,825,0.8,4,0.4
33004,825,0.8,5,0.6
33005,825,0.8,6,0.6
33006,825,0.8,7,0.4
33007,825,0.8,8,0.6
33008,825,0.8,9,0.4
33009,825,0.8,10,0.4
33010,825,0.8,11,0.4
33011,825,0.8,12,0.4
33012,825,0.8,13,0.6
33013,825,0.8,14,0.6
33014,825,0.8,15,0.4
33015,825,0.8,16,0.6
33016,825,0.8,17,0.6
33017,825,0.8,18,0.6
33018,825,0.8,19,0.6
33019,825,0.8,20,0.6
33020,825,0.8,21,0.4
33021,825,0.8,22,0.4
33022,825,0.8,23,0.4
33023,825,0.8,24,0.4
33024,825,0.8,25,0.4
33025,825,0.8,26,0.4
33026,825,0.8,27,0.4
33027,825,0.8,28,0.4
33028,825,0.8,29,0.4
33029,825,0.8,30,0.4
33030,825,0.8,31,0.4
33031,825,0.8,32,0.4
33032,825,0.8,33,0.4
33033,825,0.8,34,0.4
33034,825,0.8,35,0.4
33035,825,0.8,36,0.4
33036,825,0.8,37,0.4
33037,825,0.8,38,0.4
33038,825,0.8,39,0.4
33039,825,0.8,40,0.4
33040,826,0.8,1,1.0
33041,826,0.8,2,1.0
33042,826,0.8,3,1.0
33043,826,0.8,4,1.0
33044,826,0.8,5,0.8
33045,826,0.8,6,1.0
33046,826,0.8,7,0.8
33047,826,0.8,8,0.8
33048,826,0.8,9,0.8
33049,826,0.8,10,0.8
33050,826,0.8,11,0.8
33051,826,0.8,12,0.8
33052,826,0.8,13,0.8
33053,826,0.8,14,0.8
33054,826,0.8,15,0.8
33055,826,0.8,16,0.8
33056,826,0.8,17,0.8
33057,826,0.8,18,0.6
33058,826,0.8,19,0.6
33059,826,0.8,20,0.6
33060,826,0.8,21,0.6
33061,826,0.8,22,0.6
33062,826,0.8,23,0.8
33063,826,0.8,24,0.8
33064,826,0.8,25,0.8
33065,826,0.8,26,0.8
33066,826,0.8,27,0.8
33067,826,0.8,28,0.8
33068,826,0.8,29,0.8
33069,826,0.8,30,0.8
33070,826,0.8,31,0.8
33071,826,0.8,32,0.8
33072,826,0.8,33,0.8
33073,826,0.8,34,0.8
33074,826,0.8,35,0.8
33075,826,0.8,36,0.8
33076,826,0.8,37,0.8
33077,826,0.8,38,0.8
33078,826,0.8,39,0.8
33079,826,0.8,40,0.8
33080,827,0.8,1,0.0
33081,827,0.8,2,0.8
33082,827,0.8,3,0.4
33083,827,0.8,4,0.6
33084,827,0.8,5,1.0
33085,827,0.8,6,0.8
33086,827,0.8,7,0.4
33087,827,0.8,8,0.4
33088,827,0.8,9,0.4
33089,827,0.8,10,0.4
33090,827,0.8,11,0.4
33091,827,0.8,12,0.4
33092,827,0.8,13,0.4
33093,827,0.8,14,0.4
33094,827,0.8,15,0.4
33095,827,0.8,16,0.4
33096,827,0.8,17,0.4
33097,827,0.8,18,0.4
33098,827,0.8,19,0.8
33099,827,0.8,20,0.8
33100,827,0.8,21,1.0
33101,827,0.8,22,1.0
33102,827,0.8,23,1.0
33103,827,0.8,24,1.0
33104,827,0.8,25,1.0
33105,827,0.8,26,1.0
33106,827,0.8,27,1.0
33107,827,0.8,28,1.0
33108,827,0.8,29,1.0
33109,827,0.8,30,1.0
33110,827,0.8,31,0.8
33111,827,0.8,32,1.0
33112,827,0.8,33,1.0
33113,827,0.8,34,1.0
33114,827,0.8,35,1.0
33115,827,0.8,36,1.0
33116,827,0.8,37,1.0
33117,827,0.8,38,1.0
33118,827,0.8,39,1.0
33119,827,0.8,40,1.0
33120,828,0.8,1,0.0
33121,828,0.8,2,0.0
33122,828,0.8,3,0.8
33123,828,0.8,4,0.4
33124,828,0.8,5,0.4
33125,828,0.8,6,0.4
33126,828,0.8,7,0.4
33127,828,0.8,8,0.4
33128,828,0.8,9,0.4
33129,828,0.8,10,0.4
33130,828,0.8,11,0.6
33131,828,0.8,12,0.8
33132,828,0.8,13,0.8
33133,828,0.8,14,0.8
33134,828,0.8,15,0.6
33135,828,0.8,16,0.6
33136,828,0.8,17,0.6
33137,828,0.8,18,0.6
33138,828,0.8,19,0.6
33139,828,0.8,20,0.6
33140,828,0.8,21,0.6
33141,828,0.8,22,0.6
33142,828,0.8,23,0.4
33143,828,0.8,24,0.4
33144,828,0.8,25,0.6
33145,828,0.8,26,0.6
33146,828,0.8,27,0.6
33147,828,0.8,28,0.4
33148,828,0.8,29,0.6
33149,828,0.8,30,0.4
33150,828,0.8,31,0.4
33151,828,0.8,32,0.6
33152,828,0.8,33,0.6
33153,828,0.8,34,0.6
33154,828,0.8,35,0.6
33155,828,0.8,36,0.6
33156,828,0.8,37,0.6
33157,828,0.8,38,0.6
33158,828,0.8,39,0.6
33159,828,0.8,40,0.6
33160,829,0.8,1,0.8
33161,829,0.8,2,0.8
33162,829,0.8,3,0.8
33163,829,0.8,4,0.8
33164,829,0.8,5,0.8
33165,829,0.8,6,0.8
33166,829,0.8,7,0.8
33167,829,0.8,8,0.6
33168,829,0.8,9,0.6
33169,829,0.8,10,0.6
33170,829,0.8,11,0.6
33171,829,0.8,12,0.6
33172,829,0.8,13,0.4
33173,829,0.8,14,0.6
33174,829,0.8,15,0.6
33175,829,0.8,16,0.4
33176,829,0.8,17,0.6
33177,829,0.8,18,0.4
33178,829,0.8,19,0.6
33179,829,0.8,20,0.4
33180,829,0.8,21,0.4
33181,829,0.8,22,0.6
33182,829,0.8,23,1.0
33183,829,0.8,24,1.0
33184,829,0.8,25,1.0
33185,829,0.8,26,1.0
33186,829,0.8,27,1.0
33187,829,0.8,28,1.0
33188,829,0.8,29,1.0
33189,829,0.8,30,1.0
33190,829,0.8,31,1.0
33191,829,0.8,32,1.0
33192,829,0.8,33,1.0
33193,829,0.8,34,1.0
33194,829,0.8,35,1.0
33195,829,0.8,36,1.0
33196,829,0.8,37,0.6
33197,829,0.8,38,1.0
33198,829,0.8,39,1.0
33199,829,0.8,40,1.0
33200,830,0.8,1,0.6
33201,830,0.8,2,0.8
33202,830,0.8,3,0.8
33203,830,0.8,4,0.8
33204,830,0.8,5,0.8
33205,830,0.8,6,0.6
33206,830,0.8,7,0.6
33207,830,0.8,8,0.6
33208,830,0.8,9,0.8
33209,830,0.8,10,0.8
33210,830,0.8,11,0.4
33211,830,0.8,12,0.4
33212,830,0.8,13,0.4
33213,830,0.8,14,0.4
33214,830,0.8,15,0.4
33215,830,0.8,16,0.4
33216,830,0.8,17,0.4
33217,830,0.8,18,0.4
33218,830,0.8,19,0.6
33219,830,0.8,20,0.6
33220,830,0.8,21,0.8
33221,830,0.8,22,0.8
33222,830,0.8,23,0.8
33223,830,0.8,24,0.6
33224,830,0.8,25,0.4
33225,830,0.8,26,0.6
33226,830,0.8,27,0.8
33227,830,0.8,28,0.8
33228,830,0.8,29,0.8
33229,830,0.8,30,0.8
33230,830,0.8,31,0.8
33231,830,0.8,32,0.8
33232,830,0.8,33,0.8
33233,830,0.8,34,0.8
33234,830,0.8,35,0.8
33235,830,0.8,36,0.8
33236,830,0.8,37,0.8
33237,830,0.8,38,0.8
33238,830,0.8,39,0.8
33239,830,0.8,40,0.8
33240,831,0.8,1,0.8
33241,831,0.8,2,0.8
33242,831,0.8,3,0.8
33243,831,0.8,4,0.2
33244,831,0.8,5,0.2
33245,831,0.8,6,0.2
33246,831,0.8,7,0.2
33247,831,0.8,8,0.2
33248,831,0.8,9,0.2
33249,831,0.8,10,0.2
33250,831,0.8,11,0.2
33251,831,0.8,12,0.2
33252,831,0.8,13,0.2
33253,831,0.8,14,0.2
33254,831,0.8,15,0.2
33255,831,0.8,16,0.2
33256,831,0.8,17,0.2
33257,831,0.8,18,0.2
33258,831,0.8,19,0.2
33259,831,0.8,20,0.2
33260,831,0.8,21,0.2
33261,831,0.8,22,0.2
33262,831,0.8,23,0.2
33263,831,0.8,24,0.2
33264,831,0.8,25,0.2
33265,831,0.8,26,0.2
33266,831,0.8,27,0.2
33267,831,0.8,28,0.2
33268,831,0.8,29,0.2
33269,831,0.8,30,0.2
33270,831,0.8,31,0.2
33271,831,0.8,32,0.2
33272,831,0.8,33,0.2
33273,831,0.8,34,0.2
33274,831,0.8,35,0.2
33275,831,0.8,36,0.2
33276,831,0.8,37,0.2
33277,831,0.8,38,0.2
33278,831,0.8,39,0.2
33279,831,0.8,40,0.2
33280,832,0.8,1,0.6
33281,832,0.8,2,0.6
33282,832,0.8,3,0.6
33283,832,0.8,4,0.4
33284,832,0.8,5,0.4
33285,832,0.8,6,0.4
33286,832,0.8,7,0.4
33287,832,0.8,8,0.4
33288,832,0.8,9,0.6
33289,832,0.8,10,0.6
33290,832,0.8,11,0.8
33291,832,0.8,12,0.4
33292,832,0.8,13,0.4
33293,832,0.8,14,0.4
33294,832,0.8,15,0.4
33295,832,0.8,16,0.4
33296,832,0.8,17,0.4
33297,832,0.8,18,0.2
33298,832,0.8,19,0.2
33299,832,0.8,20,0.2
33300,832,0.8,21,0.8
33301,832,0.8,22,0.8
33302,832,0.8,23,0.8
33303,832,0.8,24,0.8
33304,832,0.8,25,0.8
33305,832,0.8,26,0.6
33306,832,0.8,27,0.6
33307,832,0.8,28,0.6
33308,832,0.8,29,0.6
33309,832,0.8,30,0.6
33310,832,0.8,31,0.6
33311,832,0.8,32,0.6
33312,832,0.8,33,0.6
33313,832,0.8,34,0.6
33314,832,0.8,35,0.6
33315,832,0.8,36,0.6
33316,832,0.8,37,0.6
33317,832,0.8,38,0.8
33318,832,0.8,39,0.8
33319,832,0.8,40,0.8
33320,833,0.8,1,0.6
33321,833,0.8,2,0.6
33322,833,0.8,3,0.6
33323,833,0.8,4,0.6
33324,833,0.8,5,0.6
33325,833,0.8,6,0.6
33326,833,0.8,7,0.4
33327,833,0.8,8,0.2
33328,833,0.8,9,0.2
33329,833,0.8,10,0.2
33330,833,0.8,11,0.2
33331,833,0.8,12,0.2
33332,833,0.8,13,0.2
33333,833,0.8,14,0.2
33334,833,0.8,15,0.2
33335,833,0.8,16,0.2
33336,833,0.8,17,0.2
33337,833,0.8,18,0.2
33338,833,0.8,19,0.2
33339,833,0.8,20,0.2
33340,833,0.8,21,0.2
33341,833,0.8,22,0.2
33342,833,0.8,23,0.2
33343,833,0.8,24,0.2
33344,833,0.8,25,0.2
33345,833,0.8,26,0.2
33346,833,0.8,27,0.2
33347,833,0.8,28,0.2
33348,833,0.8,29,0.2
33349,833,0.8,30,0.6
33350,833,0.8,31,0.6
33351,833,0.8,32,0.6
33352,833,0.8,33,0.6
33353,833,0.8,34,0.8
33354,833,0.8,35,0.8
33355,833,0.8,36,0.6
33356,833,0.8,37,0.6
33357,833,0.8,38,0.6
33358,833,0.8,39,0.6
33359,833,0.8,40,0.6
33360,834,0.8,1,0.0
33361,834,0.8,2,0.2
33362,834,0.8,3,0.2
33363,834,0.8,4,0.8
33364,834,0.8,5,0.6
33365,834,0.8,6,0.8
33366,834,0.8,7,0.8
33367,834,0.8,8,0.4
33368,834,0.8,9,0.4
33369,834,0.8,10,0.4
33370,834,0.8,11,0.4
33371,834,0.8,12,0.4
33372,834,0.8,13,0.4
33373,834,0.8,14,0.4
33374,834,0.8,15,0.4
33375,834,0.8,16,0.4
33376,834,0.8,17,0.4
33377,834,0.8,18,0.4
33378,834,0.8,19,0.4
33379,834,0.8,20,0.4
33380,834,0.8,21,0.4
33381,834,0.8,22,0.4
33382,834,0.8,23,0.6
33383,834,0.8,24,0.6
33384,834,0.8,25,0.6
33385,834,0.8,26,0.6
33386,834,0.8,27,0.6
33387,834,0.8,28,0.6
33388,834,0.8,29,0.6
33389,834,0.8,30,0.6
33390,834,0.8,31,0.6
33391,834,0.8,32,0.6
33392,834,0.8,33,0.6
33393,834,0.8,34,0.6
33394,834,0.8,35,0.6
33395,834,0.8,36,0.6
33396,834,0.8,37,0.6
33397,834,0.8,38,0.6
33398,834,0.8,39,0.6
33399,834,0.8,40,0.6
33400,835,0.8,1,1.0
33401,835,0.8,2,0.4
33402,835,0.8,3,0.4
33403,835,0.8,4,0.4
33404,835,0.8,5,0.4
33405,835,0.8,6,0.8
33406,835,0.8,7,0.8
33407,835,0.8,8,0.6
33408,835,0.8,9,0.8
33409,835,0.8,10,0.8
33410,835,0.8,11,0.8
33411,835,0.8,12,0.8
33412,835,0.8,13,0.8
33413,835,0.8,14,0.8
33414,835,0.8,15,0.8
33415,835,0.8,16,0.8
33416,835,0.8,17,0.8
33417,835,0.8,18,0.8
33418,835,0.8,19,0.8
33419,835,0.8,20,0.8
33420,835,0.8,21,0.8
33421,835,0.8,22,0.8
33422,835,0.8,23,0.8
33423,835,0.8,24,0.8
33424,835,0.8,25,0.8
33425,835,0.8,26,0.8
33426,835,0.8,27,1.0
33427,835,0.8,28,1.0
33428,835,0.8,29,1.0
33429,835,0.8,30,1.0
33430,835,0.8,31,1.0
33431,835,0.8,32,1.0
33432,835,0.8,33,1.0
33433,835,0.8,34,1.0
33434,835,0.8,35,1.0
33435,835,0.8,36,1.0
33436,835,0.8,37,1.0
33437,835,0.8,38,1.0
33438,835,0.8,39,1.0
33439,835,0.8,40,1.0
33440,836,0.8,1,0.0
33441,836,0.8,2,0.2
33442,836,0.8,3,0.2
33443,836,0.8,4,0.4
33444,836,0.8,5,0.4
33445,836,0.8,6,0.2
33446,836,0.8,7,0.4
33447,836,0.8,8,0.6
33448,836,0.8,9,0.8
33449,836,0.8,10,0.8
33450,836,0.8,11,1.0
33451,836,0.8,12,0.6
33452,836,0.8,13,0.6
33453,836,0.8,14,0.6
33454,836,0.8,15,0.8
33455,836,0.8,16,0.8
33456,836,0.8,17,0.8
33457,836,0.8,18,0.8
33458,836,0.8,19,0.8
33459,836,0.8,20,0.6
33460,836,0.8,21,0.6
33461,836,0.8,22,0.6
33462,836,0.8,23,0.6
33463,836,0.8,24,0.6
33464,836,0.8,25,0.6
33465,836,0.8,26,0.6
33466,836,0.8,27,0.8
33467,836,0.8,28,0.8
33468,836,0.8,29,0.8
33469,836,0.8,30,0.8
33470,836,0.8,31,0.8
33471,836,0.8,32,0.8
33472,836,0.8,33,0.8
33473,836,0.8,34,0.6
33474,836,0.8,35,0.6
33475,836,0.8,36,0.6
33476,836,0.8,37,0.6
33477,836,0.8,38,0.6
33478,836,0.8,39,0.6
33479,836,0.8,40,0.6
33480,837,0.8,1,1.0
33481,837,0.8,2,1.0
33482,837,0.8,3,1.0
33483,837,0.8,4,1.0
33484,837,0.8,5,1.0
33485,837,0.8,6,0.6
33486,837,0.8,7,0.6
33487,837,0.8,8,0.6
33488,837,0.8,9,0.6
33489,837,0.8,10,0.6
33490,837,0.8,11,0.6
33491,837,0.8,12,0.6
33492,837,0.8,13,0.6
33493,837,0.8,14,0.6
33494,837,0.8,15,0.6
33495,837,0.8,16,0.6
33496,837,0.8,17,0.6
33497,837,0.8,18,0.6
33498,837,0.8,19,0.6
33499,837,0.8,20,0.6
33500,837,0.8,21,0.6
33501,837,0.8,22,0.6
33502,837,0.8,23,0.6
33503,837,0.8,24,0.6
33504,837,0.8,25,0.6
33505,837,0.8,26,0.6
33506,837,0.8,27,0.6
33507,837,0.8,28,0.6
33508,837,0.8,29,0.6
33509,837,0.8,30,0.6
33510,837,0.8,31,0.6
33511,837,0.8,32,0.6
33512,837,0.8,33,0.6
33513,837,0.8,34,0.6
33514,837,0.8,35,0.6
33515,837,0.8,36,0.6
33516,837,0.8,37,0.6
33517,837,0.8,38,0.6
33518,837,0.8,39,0.6
33519,837,0.8,40,0.6
33520,838,0.8,1,0.8
33521,838,0.8,2,1.0
33522,838,0.8,3,1.0
33523,838,0.8,4,1.0
33524,838,0.8,5,0.8
33525,838,0.8,6,1.0
33526,838,0.8,7,1.0
33527,838,0.8,8,0.8
33528,838,0.8,9,1.0
33529,838,0.8,10,1.0
33530,838,0.8,11,1.0
33531,838,0.8,12,1.0
33532,838,0.8,13,1.0
33533,838,0.8,14,1.0
33534,838,0.8,15,1.0
33535,838,0.8,16,1.0
33536,838,0.8,17,1.0
33537,838,0.8,18,1.0
33538,838,0.8,19,1.0
33539,838,0.8,20,1.0
33540,838,0.8,21,1.0
33541,838,0.8,22,1.0
33542,838,0.8,23,1.0
33543,838,0.8,24,1.0
33544,838,0.8,25,1.0
33545,838,0.8,26,0.8
33546,838,0.8,27,0.8
33547,838,0.8,28,0.8
33548,838,0.8,29,0.8
33549,838,0.8,30,0.8
33550,838,0.8,31,0.8
33551,838,0.8,32,0.8
33552,838,0.8,33,0.6
33553,838,0.8,34,0.6
33554,838,0.8,35,0.6
33555,838,0.8,36,0.6
33556,838,0.8,37,0.6
33557,838,0.8,38,0.6
33558,838,0.8,39,0.6
33559,838,0.8,40,0.6
33560,839,0.8,1,0.6
33561,839,0.8,2,0.6
33562,839,0.8,3,0.6
33563,839,0.8,4,0.6
33564,839,0.8,5,0.6
33565,839,0.8,6,0.4
33566,839,0.8,7,0.4
33567,839,0.8,8,0.4
33568,839,0.8,9,0.4
33569,839,0.8,10,0.4
33570,839,0.8,11,0.4
33571,839,0.8,12,0.4
33572,839,0.8,13,0.4
33573,839,0.8,14,0.6
33574,839,0.8,15,0.6
33575,839,0.8,16,0.6
33576,839,0.8,17,0.6
33577,839,0.8,18,0.4
33578,839,0.8,19,0.4
33579,839,0.8,20,0.4
33580,839,0.8,21,0.4
33581,839,0.8,22,0.4
33582,839,0.8,23,0.4
33583,839,0.8,24,1.0
33584,839,0.8,25,1.0
33585,839,0.8,26,0.8
33586,839,0.8,27,0.8
33587,839,0.8,28,0.8
33588,839,0.8,29,0.8
33589,839,0.8,30,0.8
33590,839,0.8,31,0.8
33591,839,0.8,32,0.8
33592,839,0.8,33,0.8
33593,839,0.8,34,0.8
33594,839,0.8,35,0.8
33595,839,0.8,36,0.8
33596,839,0.8,37,0.8
33597,839,0.8,38,0.8
33598,839,0.8,39,0.8
33599,839,0.8,40,0.8
33600,840,0.8,1,0.0
33601,840,0.8,2,0.2
33602,840,0.8,3,0.0
33603,840,0.8,4,0.2
33604,840,0.8,5,0.2
33605,840,0.8,6,0.2
33606,840,0.8,7,0.2
33607,840,0.8,8,0.2
33608,840,0.8,9,0.4
33609,840,0.8,10,0.4
33610,840,0.8,11,0.4
33611,840,0.8,12,0.6
33612,840,0.8,13,0.6
33613,840,0.8,14,0.6
33614,840,0.8,15,0.8
33615,840,0.8,16,0.8
33616,840,0.8,17,0.8
33617,840,0.8,18,0.8
33618,840,0.8,19,0.6
33619,840,0.8,20,0.8
33620,840,0.8,21,0.8
33621,840,0.8,22,0.8
33622,840,0.8,23,0.8
33623,840,0.8,24,0.8
33624,840,0.8,25,0.8
33625,840,0.8,26,0.8
33626,840,0.8,27,0.8
33627,840,0.8,28,0.8
33628,840,0.8,29,0.8
33629,840,0.8,30,0.8
33630,840,0.8,31,0.8
33631,840,0.8,32,0.8
33632,840,0.8,33,0.8
33633,840,0.8,34,0.8
33634,840,0.8,35,0.8
33635,840,0.8,36,0.8
33636,840,0.8,37,0.8
33637,840,0.8,38,0.8
33638,840,0.8,39,0.8
33639,840,0.8,40,0.8
33640,841,0.8,1,0.6
33641,841,0.8,2,0.6
33642,841,0.8,3,0.6
33643,841,0.8,4,0.8
33644,841,0.8,5,0.6
33645,841,0.8,6,0.6
33646,841,0.8,7,0.4
33647,841,0.8,8,0.6
33648,841,0.8,9,0.4
33649,841,0.8,10,0.6
33650,841,0.8,11,0.6
33651,841,0.8,12,0.6
33652,841,0.8,13,0.2
33653,841,0.8,14,0.0
33654,841,0.8,15,0.4
33655,841,0.8,16,0.4
33656,841,0.8,17,0.4
33657,841,0.8,18,0.4
33658,841,0.8,19,0.4
33659,841,0.8,20,0.4
33660,841,0.8,21,0.2
33661,841,0.8,22,0.4
33662,841,0.8,23,0.4
33663,841,0.8,24,0.4
33664,841,0.8,25,0.6
33665,841,0.8,26,0.4
33666,841,0.8,27,0.4
33667,841,0.8,28,0.4
33668,841,0.8,29,0.2
33669,841,0.8,30,0.2
33670,841,0.8,31,0.6
33671,841,0.8,32,0.6
33672,841,0.8,33,0.6
33673,841,0.8,34,0.6
33674,841,0.8,35,0.8
33675,841,0.8,36,0.8
33676,841,0.8,37,0.8
33677,841,0.8,38,0.8
33678,841,0.8,39,0.8
33679,841,0.8,40,0.8
33680,842,0.8,1,0.6
33681,842,0.8,2,0.8
33682,842,0.8,3,0.8
33683,842,0.8,4,0.6
33684,842,0.8,5,0.6
33685,842,0.8,6,0.6
33686,842,0.8,7,0.6
33687,842,0.8,8,0.6
33688,842,0.8,9,0.2
33689,842,0.8,10,0.2
33690,842,0.8,11,0.6
33691,842,0.8,12,0.6
33692,842,0.8,13,0.6
33693,842,0.8,14,0.6
33694,842,0.8,15,0.8
33695,842,0.8,16,0.8
33696,842,0.8,17,0.8
33697,842,0.8,18,0.8
33698,842,0.8,19,0.6
33699,842,0.8,20,0.6
33700,842,0.8,21,0.8
33701,842,0.8,22,0.8
33702,842,0.8,23,0.8
33703,842,0.8,24,0.6
33704,842,0.8,25,0.6
33705,842,0.8,26,0.6
33706,842,0.8,27,0.6
33707,842,0.8,28,0.6
33708,842,0.8,29,0.6
33709,842,0.8,30,0.6
33710,842,0.8,31,0.6
33711,842,0.8,32,0.6
33712,842,0.8,33,0.6
33713,842,0.8,34,0.8
33714,842,0.8,35,0.4
33715,842,0.8,36,0.4
33716,842,0.8,37,0.2
33717,842,0.8,38,0.4
33718,842,0.8,39,0.4
33719,842,0.8,40,0.4
33720,843,0.8,1,0.0
33721,843,0.8,2,0.4
33722,843,0.8,3,0.6
33723,843,0.8,4,0.2
33724,843,0.8,5,0.6
33725,843,0.8,6,0.8
33726,843,0.8,7,0.6
33727,843,0.8,8,0.8
33728,843,0.8,9,0.8
33729,843,0.8,10,0.8
33730,843,0.8,11,0.6
33731,843,0.8,12,0.6
33732,843,0.8,13,0.6
33733,843,0.8,14,0.6
33734,843,0.8,15,0.6
33735,843,0.8,16,0.8
33736,843,0.8,17,0.8
33737,843,0.8,18,0.8
33738,843,0.8,19,0.8
33739,843,0.8,20,0.8
33740,843,0.8,21,0.8
33741,843,0.8,22,0.8
33742,843,0.8,23,0.8
33743,843,0.8,24,0.8
33744,843,0.8,25,0.6
33745,843,0.8,26,0.6
33746,843,0.8,27,0.6
33747,843,0.8,28,0.6
33748,843,0.8,29,0.6
33749,843,0.8,30,0.6
33750,843,0.8,31,0.6
33751,843,0.8,32,0.6
33752,843,0.8,33,0.6
33753,843,0.8,34,0.6
33754,843,0.8,35,0.6
33755,843,0.8,36,0.6
33756,843,0.8,37,0.6
33757,843,0.8,38,0.6
33758,843,0.8,39,0.6
33759,843,0.8,40,0.6
33760,844,0.8,1,1.0
33761,844,0.8,2,1.0
33762,844,0.8,3,1.0
33763,844,0.8,4,0.8
33764,844,0.8,5,0.6
33765,844,0.8,6,0.8
33766,844,0.8,7,0.8
33767,844,0.8,8,0.8
33768,844,0.8,9,0.8
33769,844,0.8,10,1.0
33770,844,0.8,11,1.0
33771,844,0.8,12,1.0
33772,844,0.8,13,1.0
33773,844,0.8,14,1.0
33774,844,0.8,15,1.0
33775,844,0.8,16,1.0
33776,844,0.8,17,1.0
33777,844,0.8,18,1.0
33778,844,0.8,19,1.0
33779,844,0.8,20,1.0
33780,844,0.8,21,1.0
33781,844,0.8,22,1.0
33782,844,0.8,23,1.0
33783,844,0.8,24,1.0
33784,844,0.8,25,1.0
33785,844,0.8,26,1.0
33786,844,0.8,27,1.0
33787,844,0.8,28,0.8
33788,844,0.8,29,0.8
33789,844,0.8,30,0.8
33790,844,0.8,31,0.8
33791,844,0.8,32,0.8
33792,844,0.8,33,0.8
33793,844,0.8,34,0.8
33794,844,0.8,35,0.8
33795,844,0.8,36,0.8
33796,844,0.8,37,0.8
33797,844,0.8,38,0.8
33798,844,0.8,39,0.8
33799,844,0.8,40,0.8
33800,845,0.8,1,0.0
33801,845,0.8,2,0.8
33802,845,0.8,3,0.8
33803,845,0.8,4,0.6
33804,845,0.8,5,0.8
33805,845,0.8,6,0.6
33806,845,0.8,7,0.8
33807,845,0.8,8,0.6
33808,845,0.8,9,0.6
33809,845,0.8,10,0.6
33810,845,0.8,11,0.6
33811,845,0.8,12,0.6
33812,845,0.8,13,0.4
33813,845,0.8,14,0.4
33814,845,0.8,15,0.4
33815,845,0.8,16,0.4
33816,845,0.8,17,0.4
33817,845,0.8,18,0.4
33818,845,0.8,19,0.4
33819,845,0.8,20,0.4
33820,845,0.8,21,0.6
33821,845,0.8,22,0.4
33822,845,0.8,23,0.6
33823,845,0.8,24,0.6
33824,845,0.8,25,0.6
33825,845,0.8,26,0.6
33826,845,0.8,27,0.6
33827,845,0.8,28,0.6
33828,845,0.8,29,0.6
33829,845,0.8,30,0.6
33830,845,0.8,31,0.6
33831,845,0.8,32,0.4
33832,845,0.8,33,0.4
33833,845,0.8,34,0.6
33834,845,0.8,35,0.6
33835,845,0.8,36,0.6
33836,845,0.8,37,0.6
33837,845,0.8,38,0.6
33838,845,0.8,39,0.6
33839,845,0.8,40,0.6
33840,846,0.8,1,1.0
33841,846,0.8,2,1.0
33842,846,0.8,3,1.0
33843,846,0.8,4,1.0
33844,846,0.8,5,0.8
33845,846,0.8,6,0.8
33846,846,0.8,7,0.6
33847,846,0.8,8,0.6
33848,846,0.8,9,0.6
33849,846,0.8,10,0.2
33850,846,0.8,11,0.2
33851,846,0.8,12,0.6
33852,846,0.8,13,0.6
33853,846,0.8,14,0.6
33854,846,0.8,15,0.8
33855,846,0.8,16,0.8
33856,846,0.8,17,0.8
33857,846,0.8,18,0.8
33858,846,0.8,19,0.6
33859,846,0.8,20,0.6
33860,846,0.8,21,0.6
33861,846,0.8,22,0.6
33862,846,0.8,23,0.4
33863,846,0.8,24,0.6
33864,846,0.8,25,0.6
33865,846,0.8,26,0.6
33866,846,0.8,27,0.6
33867,846,0.8,28,0.6
33868,846,0.8,29,0.6
33869,846,0.8,30,0.6
33870,846,0.8,31,0.6
33871,846,0.8,32,0.6
33872,846,0.8,33,0.6
33873,846,0.8,34,0.6
33874,846,0.8,35,0.6
33875,846,0.8,36,0.6
33876,846,0.8,37,0.6
33877,846,0.8,38,0.6
33878,846,0.8,39,0.6
33879,846,0.8,40,0.6
33880,847,0.8,1,0.8
33881,847,0.8,2,0.8
33882,847,0.8,3,0.8
33883,847,0.8,4,1.0
33884,847,0.8,5,1.0
33885,847,0.8,6,0.8
33886,847,0.8,7,0.4
33887,847,0.8,8,0.6
33888,847,0.8,9,0.8
33889,847,0.8,10,0.8
33890,847,0.8,11,0.8
33891,847,0.8,12,0.8
33892,847,0.8,13,0.8
33893,847,0.8,14,0.8
33894,847,0.8,15,0.8
33895,847,0.8,16,0.8
33896,847,0.8,17,0.8
33897,847,0.8,18,0.8
33898,847,0.8,19,0.8
33899,847,0.8,20,0.8
33900,847,0.8,21,0.8
33901,847,0.8,22,0.8
33902,847,0.8,23,0.8
33903,847,0.8,24,0.6
33904,847,0.8,25,0.8
33905,847,0.8,26,0.6
33906,847,0.8,27,0.8
33907,847,0.8,28,0.8
33908,847,0.8,29,0.8
33909,847,0.8,30,0.8
33910,847,0.8,31,0.8
33911,847,0.8,32,0.8
33912,847,0.8,33,0.8
33913,847,0.8,34,0.8
33914,847,0.8,35,0.8
33915,847,0.8,36,0.8
33916,847,0.8,37,0.8
33917,847,0.8,38,0.8
33918,847,0.8,39,0.8
33919,847,0.8,40,0.8
33920,848,0.8,1,0.6
33921,848,0.8,2,0.6
33922,848,0.8,3,0.6
33923,848,0.8,4,0.6
33924,848,0.8,5,0.8
33925,848,0.8,6,0.8
33926,848,0.8,7,0.6
33927,848,0.8,8,0.6
33928,848,0.8,9,0.6
33929,848,0.8,10,0.6
33930,848,0.8,11,0.6
33931,848,0.8,12,0.8
33932,848,0.8,13,0.6
33933,848,0.8,14,0.6
33934,848,0.8,15,0.8
33935,848,0.8,16,0.6
33936,848,0.8,17,0.8
33937,848,0.8,18,0.8
33938,848,0.8,19,0.8
33939,848,0.8,20,0.8
33940,848,0.8,21,0.8
33941,848,0.8,22,0.8
33942,848,0.8,23,0.8
33943,848,0.8,24,0.8
33944,848,0.8,25,0.8
33945,848,0.8,26,0.8
33946,848,0.8,27,0.8
33947,848,0.8,28,0.8
33948,848,0.8,29,0.8
33949,848,0.8,30,0.8
33950,848,0.8,31,0.8
33951,848,0.8,32,0.8
33952,848,0.8,33,0.8
33953,848,0.8,34,0.8
33954,848,0.8,35,0.8
33955,848,0.8,36,0.8
33956,848,0.8,37,0.8
33957,848,0.8,38,0.8
33958,848,0.8,39,0.8
33959,848,0.8,40,0.8
33960,849,0.8,1,0.0
33961,849,0.8,2,0.2
33962,849,0.8,3,0.2
33963,849,0.8,4,0.2
33964,849,0.8,5,0.2
33965,849,0.8,6,0.2
33966,849,0.8,7,0.2
33967,849,0.8,8,0.2
33968,849,0.8,9,0.2
33969,849,0.8,10,0.2
33970,849,0.8,11,0.2
33971,849,0.8,12,0.2
33972,849,0.8,13,0.2
33973,849,0.8,14,0.2
33974,849,0.8,15,0.2
33975,849,0.8,16,0.2
33976,849,0.8,17,0.2
33977,849,0.8,18,0.2
33978,849,0.8,19,0.2
33979,849,0.8,20,0.2
33980,849,0.8,21,0.2
33981,849,0.8,22,0.2
33982,849,0.8,23,0.2
33983,849,0.8,24,0.2
33984,849,0.8,25,0.2
33985,849,0.8,26,0.4
33986,849,0.8,27,0.4
33987,849,0.8,28,0.4
33988,849,0.8,29,0.4
33989,849,0.8,30,0.4
33990,849,0.8,31,0.4
33991,849,0.8,32,0.6
33992,849,0.8,33,0.6
33993,849,0.8,34,0.4
33994,849,0.8,35,0.4
33995,849,0.8,36,0.6
33996,849,0.8,37,0.8
33997,849,0.8,38,1.0
33998,849,0.8,39,0.8
33999,849,0.8,40,1.0
34000,850,0.8,1,0.6
34001,850,0.8,2,0.8
34002,850,0.8,3,0.4
34003,850,0.8,4,0.8
34004,850,0.8,5,0.8
34005,850,0.8,6,0.6
34006,850,0.8,7,0.8
34007,850,0.8,8,0.8
34008,850,0.8,9,0.8
34009,850,0.8,10,0.8
34010,850,0.8,11,0.6
34011,850,0.8,12,0.6
34012,850,0.8,13,0.2
34013,850,0.8,14,0.2
34014,850,0.8,15,0.2
34015,850,0.8,16,0.2
34016,850,0.8,17,0.2
34017,850,0.8,18,0.2
34018,850,0.8,19,0.4
34019,850,0.8,20,0.4
34020,850,0.8,21,0.2
34021,850,0.8,22,0.6
34022,850,0.8,23,0.8
34023,850,0.8,24,0.8
34024,850,0.8,25,0.8
34025,850,0.8,26,0.8
34026,850,0.8,27,1.0
34027,850,0.8,28,0.8
34028,850,0.8,29,1.0
34029,850,0.8,30,1.0
34030,850,0.8,31,1.0
34031,850,0.8,32,1.0
34032,850,0.8,33,0.8
34033,850,0.8,34,0.8
34034,850,0.8,35,0.8
34035,850,0.8,36,0.8
34036,850,0.8,37,0.8
34037,850,0.8,38,0.6
34038,850,0.8,39,0.6
34039,850,0.8,40,0.8
34040,851,0.8,1,0.6
34041,851,0.8,2,0.6
34042,851,0.8,3,0.6
34043,851,0.8,4,0.6
34044,851,0.8,5,0.6
34045,851,0.8,6,0.4
34046,851,0.8,7,0.4
34047,851,0.8,8,0.4
34048,851,0.8,9,0.4
34049,851,0.8,10,0.4
34050,851,0.8,11,0.4
34051,851,0.8,12,0.4
34052,851,0.8,13,0.4
34053,851,0.8,14,0.4
34054,851,0.8,15,0.4
34055,851,0.8,16,0.4
34056,851,0.8,17,0.4
34057,851,0.8,18,0.4
34058,851,0.8,19,0.4
34059,851,0.8,20,0.4
34060,851,0.8,21,0.4
34061,851,0.8,22,0.6
34062,851,0.8,23,0.6
34063,851,0.8,24,0.6
34064,851,0.8,25,0.6
34065,851,0.8,26,0.6
34066,851,0.8,27,0.6
34067,851,0.8,28,0.6
34068,851,0.8,29,0.6
34069,851,0.8,30,0.6
34070,851,0.8,31,0.6
34071,851,0.8,32,0.6
34072,851,0.8,33,0.6
34073,851,0.8,34,0.6
34074,851,0.8,35,0.6
34075,851,0.8,36,0.6
34076,851,0.8,37,0.4
34077,851,0.8,38,0.4
34078,851,0.8,39,0.4
34079,851,0.8,40,0.4
34080,852,0.8,1,0.0
34081,852,0.8,2,1.0
34082,852,0.8,3,1.0
34083,852,0.8,4,0.8
34084,852,0.8,5,0.8
34085,852,0.8,6,0.8
34086,852,0.8,7,0.8
34087,852,0.8,8,0.6
34088,852,0.8,9,0.8
34089,852,0.8,10,0.4
34090,852,0.8,11,0.6
34091,852,0.8,12,0.6
34092,852,0.8,13,0.6
34093,852,0.8,14,0.6
34094,852,0.8,15,0.4
34095,852,0.8,16,0.4
34096,852,0.8,17,0.4
34097,852,0.8,18,0.6
34098,852,0.8,19,0.6
34099,852,0.8,20,0.6
34100,852,0.8,21,0.6
34101,852,0.8,22,1.0
34102,852,0.8,23,1.0
34103,852,0.8,24,0.8
34104,852,0.8,25,0.8
34105,852,0.8,26,0.8
34106,852,0.8,27,0.8
34107,852,0.8,28,0.8
34108,852,0.8,29,0.8
34109,852,0.8,30,0.8
34110,852,0.8,31,0.8
34111,852,0.8,32,0.8
34112,852,0.8,33,0.8
34113,852,0.8,34,0.8
34114,852,0.8,35,0.8
34115,852,0.8,36,0.8
34116,852,0.8,37,0.8
34117,852,0.8,38,0.8
34118,852,0.8,39,0.8
34119,852,0.8,40,0.8
34120,853,0.8,1,1.0
34121,853,0.8,2,1.0
34122,853,0.8,3,0.8
34123,853,0.8,4,0.8
34124,853,0.8,5,0.8
34125,853,0.8,6,1.0
34126,853,0.8,7,1.0
34127,853,0.8,8,1.0
34128,853,0.8,9,1.0
34129,853,0.8,10,1.0
34130,853,0.8,11,0.8
34131,853,0.8,12,1.0
34132,853,0.8,13,1.0
34133,853,0.8,14,0.8
34134,853,0.8,15,1.0
34135,853,0.8,16,0.8
34136,853,0.8,17,0.8
34137,853,0.8,18,0.8
34138,853,0.8,19,0.4
34139,853,0.8,20,0.4
34140,853,0.8,21,0.4
34141,853,0.8,22,0.4
34142,853,0.8,23,0.4
34143,853,0.8,24,0.4
34144,853,0.8,25,0.4
34145,853,0.8,26,0.4
34146,853,0.8,27,0.4
34147,853,0.8,28,0.4
34148,853,0.8,29,0.4
34149,853,0.8,30,0.4
34150,853,0.8,31,0.4
34151,853,0.8,32,0.4
34152,853,0.8,33,0.4
34153,853,0.8,34,0.4
34154,853,0.8,35,0.4
34155,853,0.8,36,0.4
34156,853,0.8,37,0.4
34157,853,0.8,38,0.4
34158,853,0.8,39,0.4
34159,853,0.8,40,0.4
34160,854,0.8,1,0.0
34161,854,0.8,2,0.4
34162,854,0.8,3,0.4
34163,854,0.8,4,0.6
34164,854,0.8,5,0.6
34165,854,0.8,6,0.6
34166,854,0.8,7,0.6
34167,854,0.8,8,0.6
34168,854,0.8,9,0.6
34169,854,0.8,10,0.6
34170,854,0.8,11,0.8
34171,854,0.8,12,0.8
34172,854,0.8,13,0.2
34173,854,0.8,14,0.4
34174,854,0.8,15,0.4
34175,854,0.8,16,0.4
34176,854,0.8,17,0.8
34177,854,0.8,18,0.6
34178,854,0.8,19,0.6
34179,854,0.8,20,0.6
34180,854,0.8,21,0.8
34181,854,0.8,22,0.8
34182,854,0.8,23,0.8
34183,854,0.8,24,0.8
34184,854,0.8,25,0.8
34185,854,0.8,26,0.8
34186,854,0.8,27,0.8
34187,854,0.8,28,0.8
34188,854,0.8,29,0.8
34189,854,0.8,30,0.8
34190,854,0.8,31,0.8
34191,854,0.8,32,0.8
34192,854,0.8,33,0.8
34193,854,0.8,34,0.8
34194,854,0.8,35,0.8
34195,854,0.8,36,0.8
34196,854,0.8,37,0.8
34197,854,0.8,38,0.8
34198,854,0.8,39,0.8
34199,854,0.8,40,0.8
34200,855,0.8,1,1.0
34201,855,0.8,2,1.0
34202,855,0.8,3,1.0
34203,855,0.8,4,0.8
34204,855,0.8,5,1.0
34205,855,0.8,6,1.0
34206,855,0.8,7,1.0
34207,855,0.8,8,1.0
34208,855,0.8,9,0.8
34209,855,0.8,10,0.8
34210,855,0.8,11,0.8
34211,855,0.8,12,0.8
34212,855,0.8,13,0.8
34213,855,0.8,14,0.8
34214,855,0.8,15,0.2
34215,855,0.8,16,0.6
34216,855,0.8,17,0.6
34217,855,0.8,18,0.6
34218,855,0.8,19,0.6
34219,855,0.8,20,0.6
34220,855,0.8,21,0.6
34221,855,0.8,22,0.6
34222,855,0.8,23,0.6
34223,855,0.8,24,0.6
34224,855,0.8,25,0.6
34225,855,0.8,26,0.6
34226,855,0.8,27,0.6
34227,855,0.8,28,0.6
34228,855,0.8,29,0.6
34229,855,0.8,30,0.6
34230,855,0.8,31,0.6
34231,855,0.8,32,0.6
34232,855,0.8,33,0.8
34233,855,0.8,34,0.4
34234,855,0.8,35,0.8
34235,855,0.8,36,0.8
34236,855,0.8,37,0.8
34237,855,0.8,38,0.8
34238,855,0.8,39,0.8
34239,855,0.8,40,0.8
34240,856,0.8,1,0.8
34241,856,0.8,2,0.4
34242,856,0.8,3,0.4
34243,856,0.8,4,0.4
34244,856,0.8,5,0.4
34245,856,0.8,6,1.0
34246,856,0.8,7,1.0
34247,856,0.8,8,1.0
34248,856,0.8,9,1.0
34249,856,0.8,10,1.0
34250,856,0.8,11,1.0
34251,856,0.8,12,1.0
34252,856,0.8,13,1.0
34253,856,0.8,14,1.0
34254,856,0.8,15,1.0
34255,856,0.8,16,1.0
34256,856,0.8,17,1.0
34257,856,0.8,18,1.0
34258,856,0.8,19,1.0
34259,856,0.8,20,1.0
34260,856,0.8,21,1.0
34261,856,0.8,22,1.0
34262,856,0.8,23,1.0
34263,856,0.8,24,1.0
34264,856,0.8,25,1.0
34265,856,0.8,26,1.0
34266,856,0.8,27,1.0
34267,856,0.8,28,1.0
34268,856,0.8,29,1.0
34269,856,0.8,30,1.0
34270,856,0.8,31,1.0
34271,856,0.8,32,1.0
34272,856,0.8,33,1.0
34273,856,0.8,34,1.0
34274,856,0.8,35,1.0
34275,856,0.8,36,1.0
34276,856,0.8,37,1.0
34277,856,0.8,38,1.0
34278,856,0.8,39,1.0
34279,856,0.8,40,1.0
34280,857,0.8,1,0.6
34281,857,0.8,2,0.8
34282,857,0.8,3,0.6
34283,857,0.8,4,0.6
34284,857,0.8,5,0.8
34285,857,0.8,6,0.6
34286,857,0.8,7,0.6
34287,857,0.8,8,0.6
34288,857,0.8,9,0.4
34289,857,0.8,10,0.4
34290,857,0.8,11,0.4
34291,857,0.8,12,0.2
34292,857,0.8,13,0.2
34293,857,0.8,14,0.2
34294,857,0.8,15,0.2
34295,857,0.8,16,0.2
34296,857,0.8,17,0.2
34297,857,0.8,18,0.4
34298,857,0.8,19,0.4
34299,857,0.8,20,0.4
34300,857,0.8,21,0.4
34301,857,0.8,22,0.4
34302,857,0.8,23,0.4
34303,857,0.8,24,0.4
34304,857,0.8,25,0.4
34305,857,0.8,26,0.4
34306,857,0.8,27,0.4
34307,857,0.8,28,0.4
34308,857,0.8,29,0.4
34309,857,0.8,30,0.4
34310,857,0.8,31,0.4
34311,857,0.8,32,0.4
34312,857,0.8,33,0.4
34313,857,0.8,34,0.4
34314,857,0.8,35,0.4
34315,857,0.8,36,0.4
34316,857,0.8,37,0.4
34317,857,0.8,38,0.4
34318,857,0.8,39,0.4
34319,857,0.8,40,0.4
34320,858,0.8,1,0.8
34321,858,0.8,2,0.4
34322,858,0.8,3,0.4
34323,858,0.8,4,0.4
34324,858,0.8,5,0.4
34325,858,0.8,6,0.2
34326,858,0.8,7,0.6
34327,858,0.8,8,0.4
34328,858,0.8,9,0.4
34329,858,0.8,10,0.4
34330,858,0.8,11,0.2
34331,858,0.8,12,0.2
34332,858,0.8,13,0.6
34333,858,0.8,14,0.4
34334,858,0.8,15,0.4
34335,858,0.8,16,0.4
34336,858,0.8,17,0.6
34337,858,0.8,18,0.6
34338,858,0.8,19,0.6
34339,858,0.8,20,0.6
34340,858,0.8,21,0.6
34341,858,0.8,22,0.8
34342,858,0.8,23,0.8
34343,858,0.8,24,0.6
34344,858,0.8,25,0.6
34345,858,0.8,26,0.6
34346,858,0.8,27,0.6
34347,858,0.8,28,0.4
34348,858,0.8,29,0.4
34349,858,0.8,30,0.4
34350,858,0.8,31,0.4
34351,858,0.8,32,0.4
34352,858,0.8,33,0.4
34353,858,0.8,34,0.6
34354,858,0.8,35,0.6
34355,858,0.8,36,0.6
34356,858,0.8,37,0.6
34357,858,0.8,38,0.6
34358,858,0.8,39,0.6
34359,858,0.8,40,0.6
34360,859,0.8,1,0.6
34361,859,0.8,2,0.6
34362,859,0.8,3,0.6
34363,859,0.8,4,0.4
34364,859,0.8,5,0.8
34365,859,0.8,6,1.0
34366,859,0.8,7,1.0
34367,859,0.8,8,1.0
34368,859,0.8,9,1.0
34369,859,0.8,10,1.0
34370,859,0.8,11,1.0
34371,859,0.8,12,1.0
34372,859,0.8,13,1.0
34373,859,0.8,14,1.0
34374,859,0.8,15,1.0
34375,859,0.8,16,1.0
34376,859,0.8,17,1.0
34377,859,0.8,18,1.0
34378,859,0.8,19,1.0
34379,859,0.8,20,1.0
34380,859,0.8,21,1.0
34381,859,0.8,22,1.0
34382,859,0.8,23,1.0
34383,859,0.8,24,1.0
34384,859,0.8,25,0.6
34385,859,0.8,26,0.6
34386,859,0.8,27,0.6
34387,859,0.8,28,0.6
34388,859,0.8,29,0.6
34389,859,0.8,30,0.6
34390,859,0.8,31,0.6
34391,859,0.8,32,0.6
34392,859,0.8,33,0.6
34393,859,0.8,34,0.6
34394,859,0.8,35,0.6
34395,859,0.8,36,0.6
34396,859,0.8,37,0.6
34397,859,0.8,38,0.6
34398,859,0.8,39,0.4
34399,859,0.8,40,0.6
34400,860,0.8,1,0.6
34401,860,0.8,2,0.6
34402,860,0.8,3,0.6
34403,860,0.8,4,0.6
34404,860,0.8,5,0.6
34405,860,0.8,6,0.6
34406,860,0.8,7,0.6
34407,860,0.8,8,0.6
34408,860,0.8,9,0.6
34409,860,0.8,10,0.6
34410,860,0.8,11,0.6
34411,860,0.8,12,0.6
34412,860,0.8,13,0.6
34413,860,0.8,14,0.6
34414,860,0.8,15,0.6
34415,860,0.8,16,0.6
34416,860,0.8,17,0.6
34417,860,0.8,18,0.6
34418,860,0.8,19,0.6
34419,860,0.8,20,0.4
34420,860,0.8,21,0.4
34421,860,0.8,22,0.4
34422,860,0.8,23,0.4
34423,860,0.8,24,0.4
34424,860,0.8,25,0.4
34425,860,0.8,26,0.4
34426,860,0.8,27,0.4
34427,860,0.8,28,0.4
34428,860,0.8,29,0.4
34429,860,0.8,30,0.4
34430,860,0.8,31,0.4
34431,860,0.8,32,0.4
34432,860,0.8,33,0.4
34433,860,0.8,34,0.4
34434,860,0.8,35,0.4
34435,860,0.8,36,0.4
34436,860,0.8,37,0.4
34437,860,0.8,38,0.4
34438,860,0.8,39,0.4
34439,860,0.8,40,0.4
34440,861,0.8,1,0.0
34441,861,0.8,2,0.6
34442,861,0.8,3,0.4
34443,861,0.8,4,0.6
34444,861,0.8,5,0.6
34445,861,0.8,6,0.4
34446,861,0.8,7,0.6
34447,861,0.8,8,0.6
34448,861,0.8,9,0.6
34449,861,0.8,10,0.6
34450,861,0.8,11,0.6
34451,861,0.8,12,0.6
34452,861,0.8,13,0.6
34453,861,0.8,14,0.6
34454,861,0.8,15,0.6
34455,861,0.8,16,0.6
34456,861,0.8,17,0.6
34457,861,0.8,18,0.6
34458,861,0.8,19,0.6
34459,861,0.8,20,0.6
34460,861,0.8,21,0.6
34461,861,0.8,22,0.6
34462,861,0.8,23,0.6
34463,861,0.8,24,0.6
34464,861,0.8,25,0.6
34465,861,0.8,26,0.6
34466,861,0.8,27,0.6
34467,861,0.8,28,0.6
34468,861,0.8,29,0.6
34469,861,0.8,30,0.6
34470,861,0.8,31,0.6
34471,861,0.8,32,0.6
34472,861,0.8,33,0.6
34473,861,0.8,34,0.4
34474,861,0.8,35,0.4
34475,861,0.8,36,0.4
34476,861,0.8,37,0.4
34477,861,0.8,38,0.4
34478,861,0.8,39,0.6
34479,861,0.8,40,0.6
34480,862,0.8,1,1.0
34481,862,0.8,2,1.0
34482,862,0.8,3,1.0
34483,862,0.8,4,1.0
34484,862,0.8,5,1.0
34485,862,0.8,6,1.0
34486,862,0.8,7,1.0
34487,862,0.8,8,1.0
34488,862,0.8,9,0.6
34489,862,0.8,10,0.6
34490,862,0.8,11,0.6
34491,862,0.8,12,0.6
34492,862,0.8,13,0.6
34493,862,0.8,14,0.4
34494,862,0.8,15,0.4
34495,862,0.8,16,0.4
34496,862,0.8,17,0.4
34497,862,0.8,18,0.4
34498,862,0.8,19,0.4
34499,862,0.8,20,0.4
34500,862,0.8,21,0.4
34501,862,0.8,22,0.4
34502,862,0.8,23,0.4
34503,862,0.8,24,0.4
34504,862,0.8,25,0.4
34505,862,0.8,26,0.4
34506,862,0.8,27,0.4
34507,862,0.8,28,0.4
34508,862,0.8,29,0.4
34509,862,0.8,30,0.4
34510,862,0.8,31,0.4
34511,862,0.8,32,0.4
34512,862,0.8,33,0.4
34513,862,0.8,34,0.4
34514,862,0.8,35,0.4
34515,862,0.8,36,0.4
34516,862,0.8,37,0.4
34517,862,0.8,38,0.4
34518,862,0.8,39,0.4
34519,862,0.8,40,0.4
34520,863,0.8,1,0.0
34521,863,0.8,2,0.8
34522,863,0.8,3,0.8
34523,863,0.8,4,0.8
34524,863,0.8,5,0.6
34525,863,0.8,6,0.6
34526,863,0.8,7,0.6
34527,863,0.8,8,0.8
34528,863,0.8,9,0.8
34529,863,0.8,10,0.8
34530,863,0.8,11,0.8
34531,863,0.8,12,0.8
34532,863,0.8,13,0.8
34533,863,0.8,14,1.0
34534,863,0.8,15,0.8
34535,863,0.8,16,1.0
34536,863,0.8,17,1.0
34537,863,0.8,18,1.0
34538,863,0.8,19,1.0
34539,863,0.8,20,1.0
34540,863,0.8,21,1.0
34541,863,0.8,22,1.0
34542,863,0.8,23,1.0
34543,863,0.8,24,1.0
34544,863,0.8,25,1.0
34545,863,0.8,26,1.0
34546,863,0.8,27,1.0
34547,863,0.8,28,1.0
34548,863,0.8,29,1.0
34549,863,0.8,30,1.0
34550,863,0.8,31,1.0
34551,863,0.8,32,1.0
34552,863,0.8,33,1.0
34553,863,0.8,34,1.0
34554,863,0.8,35,1.0
34555,863,0.8,36,1.0
34556,863,0.8,37,1.0
34557,863,0.8,38,1.0
34558,863,0.8,39,1.0
34559,863,0.8,40,1.0
34560,864,0.8,1,1.0
34561,864,0.8,2,1.0
34562,864,0.8,3,1.0
34563,864,0.8,4,1.0
34564,864,0.8,5,0.8
34565,864,0.8,6,0.8
34566,864,0.8,7,0.0
34567,864,0.8,8,0.8
34568,864,0.8,9,0.4
34569,864,0.8,10,0.4
34570,864,0.8,11,0.4
34571,864,0.8,12,0.4
34572,864,0.8,13,0.2
34573,864,0.8,14,0.8
34574,864,0.8,15,1.0
34575,864,0.8,16,0.6
34576,864,0.8,17,0.6
34577,864,0.8,18,1.0
34578,864,0.8,19,1.0
34579,864,0.8,20,1.0
34580,864,0.8,21,1.0
34581,864,0.8,22,1.0
34582,864,0.8,23,1.0
34583,864,0.8,24,1.0
34584,864,0.8,25,1.0
34585,864,0.8,26,1.0
34586,864,0.8,27,1.0
34587,864,0.8,28,1.0
34588,864,0.8,29,1.0
34589,864,0.8,30,1.0
34590,864,0.8,31,1.0
34591,864,0.8,32,1.0
34592,864,0.8,33,1.0
34593,864,0.8,34,1.0
34594,864,0.8,35,1.0
34595,864,0.8,36,0.8
34596,864,0.8,37,0.8
34597,864,0.8,38,0.8
34598,864,0.8,39,0.8
34599,864,0.8,40,0.8
34600,865,0.8,1,0.8
34601,865,0.8,2,0.6
34602,865,0.8,3,0.6
34603,865,0.8,4,0.6
34604,865,0.8,5,0.6
34605,865,0.8,6,0.6
34606,865,0.8,7,0.6
34607,865,0.8,8,0.4
34608,865,0.8,9,0.4
34609,865,0.8,10,0.4
34610,865,0.8,11,0.4
34611,865,0.8,12,0.4
34612,865,0.8,13,0.4
34613,865,0.8,14,0.6
34614,865,0.8,15,0.4
34615,865,0.8,16,0.4
34616,865,0.8,17,0.4
34617,865,0.8,18,0.4
34618,865,0.8,19,0.2
34619,865,0.8,20,0.2
34620,865,0.8,21,0.4
34621,865,0.8,22,0.4
34622,865,0.8,23,0.6
34623,865,0.8,24,0.6
34624,865,0.8,25,0.8
34625,865,0.8,26,0.8
34626,865,0.8,27,0.8
34627,865,0.8,28,0.8
34628,865,0.8,29,0.6
34629,865,0.8,30,0.6
34630,865,0.8,31,0.6
34631,865,0.8,32,0.6
34632,865,0.8,33,0.6
34633,865,0.8,34,0.6
34634,865,0.8,35,0.6
34635,865,0.8,36,0.6
34636,865,0.8,37,0.6
34637,865,0.8,38,0.6
34638,865,0.8,39,0.6
34639,865,0.8,40,0.6
34640,866,0.8,1,0.6
34641,866,0.8,2,0.6
34642,866,0.8,3,0.6
34643,866,0.8,4,0.8
34644,866,0.8,5,0.8
34645,866,0.8,6,0.8
34646,866,0.8,7,0.8
34647,866,0.8,8,0.8
34648,866,0.8,9,0.6
34649,866,0.8,10,0.8
34650,866,0.8,11,0.6
34651,866,0.8,12,0.6
34652,866,0.8,13,0.6
34653,866,0.8,14,0.6
34654,866,0.8,15,0.6
34655,866,0.8,16,0.6
34656,866,0.8,17,0.6
34657,866,0.8,18,0.8
34658,866,0.8,19,0.8
34659,866,0.8,20,0.8
34660,866,0.8,21,0.8
34661,866,0.8,22,0.6
34662,866,0.8,23,0.6
34663,866,0.8,24,0.6
34664,866,0.8,25,0.6
34665,866,0.8,26,0.6
34666,866,0.8,27,0.6
34667,866,0.8,28,0.6
34668,866,0.8,29,0.6
34669,866,0.8,30,0.6
34670,866,0.8,31,0.6
34671,866,0.8,32,0.6
34672,866,0.8,33,0.6
34673,866,0.8,34,0.6
34674,866,0.8,35,0.6
34675,866,0.8,36,0.6
34676,866,0.8,37,0.6
34677,866,0.8,38,0.6
34678,866,0.8,39,0.6
34679,866,0.8,40,0.6
34680,867,0.8,1,0.8
34681,867,0.8,2,0.8
34682,867,0.8,3,0.6
34683,867,0.8,4,0.6
34684,867,0.8,5,0.6
34685,867,0.8,6,0.6
34686,867,0.8,7,0.4
34687,867,0.8,8,0.6
34688,867,0.8,9,0.6
34689,867,0.8,10,0.4
34690,867,0.8,11,0.4
34691,867,0.8,12,0.6
34692,867,0.8,13,0.6
34693,867,0.8,14,0.8
34694,867,0.8,15,0.8
34695,867,0.8,16,0.6
34696,867,0.8,17,0.6
34697,867,0.8,18,0.8
34698,867,0.8,19,0.6
34699,867,0.8,20,0.6
34700,867,0.8,21,0.8
34701,867,0.8,22,0.8
34702,867,0.8,23,0.8
34703,867,0.8,24,0.8
34704,867,0.8,25,0.6
34705,867,0.8,26,0.6
34706,867,0.8,27,0.2
34707,867,0.8,28,0.4
34708,867,0.8,29,0.4
34709,867,0.8,30,0.4
34710,867,0.8,31,0.4
34711,867,0.8,32,0.4
34712,867,0.8,33,0.4
34713,867,0.8,34,0.6
34714,867,0.8,35,0.6
34715,867,0.8,36,0.6
34716,867,0.8,37,0.6
34717,867,0.8,38,0.6
34718,867,0.8,39,0.6
34719,867,0.8,40,0.6
34720,868,0.8,1,0.6
34721,868,0.8,2,0.6
34722,868,0.8,3,0.6
34723,868,0.8,4,0.6
34724,868,0.8,5,0.6
34725,868,0.8,6,0.8
34726,868,0.8,7,0.8
34727,868,0.8,8,0.8
34728,868,0.8,9,0.6
34729,868,0.8,10,0.6
34730,868,0.8,11,0.6
34731,868,0.8,12,0.4
34732,868,0.8,13,0.4
34733,868,0.8,14,0.4
34734,868,0.8,15,0.4
34735,868,0.8,16,0.4
34736,868,0.8,17,0.4
34737,868,0.8,18,0.4
34738,868,0.8,19,0.4
34739,868,0.8,20,0.2
34740,868,0.8,21,0.6
34741,868,0.8,22,0.6
34742,868,0.8,23,0.6
34743,868,0.8,24,0.6
34744,868,0.8,25,0.6
34745,868,0.8,26,0.6
34746,868,0.8,27,0.6
34747,868,0.8,28,0.8
34748,868,0.8,29,0.8
34749,868,0.8,30,0.8
34750,868,0.8,31,0.8
34751,868,0.8,32,0.8
34752,868,0.8,33,0.8
34753,868,0.8,34,0.8
34754,868,0.8,35,0.8
34755,868,0.8,36,0.8
34756,868,0.8,37,0.6
34757,868,0.8,38,0.6
34758,868,0.8,39,0.6
34759,868,0.8,40,0.6
34760,869,0.8,1,0.6
34761,869,0.8,2,1.0
34762,869,0.8,3,0.8
34763,869,0.8,4,1.0
34764,869,0.8,5,1.0
34765,869,0.8,6,1.0
34766,869,0.8,7,1.0
34767,869,0.8,8,1.0
34768,869,0.8,9,0.6
34769,869,0.8,10,0.6
34770,869,0.8,11,0.6
34771,869,0.8,12,0.6
34772,869,0.8,13,0.6
34773,869,0.8,14,0.6
34774,869,0.8,15,0.6
34775,869,0.8,16,0.6
34776,869,0.8,17,0.6
34777,869,0.8,18,0.6
34778,869,0.8,19,0.6
34779,869,0.8,20,0.6
34780,869,0.8,21,0.6
34781,869,0.8,22,0.6
34782,869,0.8,23,0.6
34783,869,0.8,24,0.6
34784,869,0.8,25,0.6
34785,869,0.8,26,0.6
34786,869,0.8,27,0.6
34787,869,0.8,28,0.6
34788,869,0.8,29,0.6
34789,869,0.8,30,0.6
34790,869,0.8,31,0.8
34791,869,0.8,32,0.8
34792,869,0.8,33,0.8
34793,869,0.8,34,0.8
34794,869,0.8,35,0.8
34795,869,0.8,36,0.8
34796,869,0.8,37,0.6
34797,869,0.8,38,0.8
34798,869,0.8,39,0.8
34799,869,0.8,40,0.8
34800,870,0.8,1,0.0
34801,870,0.8,2,0.2
34802,870,0.8,3,0.6
34803,870,0.8,4,0.4
34804,870,0.8,5,0.6
34805,870,0.8,6,0.4
34806,870,0.8,7,0.6
34807,870,0.8,8,0.6
34808,870,0.8,9,0.6
34809,870,0.8,10,0.6
34810,870,0.8,11,0.4
34811,870,0.8,12,0.4
34812,870,0.8,13,0.4
34813,870,0.8,14,0.4
34814,870,0.8,15,0.6
34815,870,0.8,16,0.6
34816,870,0.8,17,0.6
34817,870,0.8,18,0.6
34818,870,0.8,19,0.6
34819,870,0.8,20,0.8
34820,870,0.8,21,0.6
34821,870,0.8,22,0.8
34822,870,0.8,23,0.8
34823,870,0.8,24,0.8
34824,870,0.8,25,0.8
34825,870,0.8,26,0.8
34826,870,0.8,27,0.6
34827,870,0.8,28,0.6
34828,870,0.8,29,0.6
34829,870,0.8,30,0.6
34830,870,0.8,31,0.8
34831,870,0.8,32,0.8
34832,870,0.8,33,0.8
34833,870,0.8,34,0.8
34834,870,0.8,35,0.6
34835,870,0.8,36,0.6
34836,870,0.8,37,0.6
34837,870,0.8,38,0.6
34838,870,0.8,39,0.4
34839,870,0.8,40,0.4
34840,871,0.8,1,1.0
34841,871,0.8,2,0.4
34842,871,0.8,3,0.4
34843,871,0.8,4,0.4
34844,871,0.8,5,0.2
34845,871,0.8,6,0.2
34846,871,0.8,7,0.2
34847,871,0.8,8,0.4
34848,871,0.8,9,0.4
34849,871,0.8,10,0.4
34850,871,0.8,11,0.4
34851,871,0.8,12,0.4
34852,871,0.8,13,0.4
34853,871,0.8,14,0.4
34854,871,0.8,15,0.4
34855,871,0.8,16,0.4
34856,871,0.8,17,0.4
34857,871,0.8,18,0.4
34858,871,0.8,19,0.4
34859,871,0.8,20,0.4
34860,871,0.8,21,0.4
34861,871,0.8,22,0.4
34862,871,0.8,23,0.4
34863,871,0.8,24,0.4
34864,871,0.8,25,0.4
34865,871,0.8,26,0.4
34866,871,0.8,27,0.4
34867,871,0.8,28,0.4
34868,871,0.8,29,0.4
34869,871,0.8,30,0.4
34870,871,0.8,31,0.4
34871,871,0.8,32,0.4
34872,871,0.8,33,0.4
34873,871,0.8,34,0.4
34874,871,0.8,35,0.4
34875,871,0.8,36,0.4
34876,871,0.8,37,0.4
34877,871,0.8,38,0.4
34878,871,0.8,39,0.4
34879,871,0.8,40,0.4
34880,872,0.8,1,0.0
34881,872,0.8,2,0.4
34882,872,0.8,3,0.4
34883,872,0.8,4,0.4
34884,872,0.8,5,1.0
34885,872,0.8,6,1.0
34886,872,0.8,7,0.8
34887,872,0.8,8,0.8
34888,872,0.8,9,0.8
34889,872,0.8,10,0.8
34890,872,0.8,11,0.8
34891,872,0.8,12,0.8
34892,872,0.8,13,0.8
34893,872,0.8,14,0.8
34894,872,0.8,15,0.8
34895,872,0.8,16,0.8
34896,872,0.8,17,0.8
34897,872,0.8,18,0.8
34898,872,0.8,19,0.8
34899,872,0.8,20,0.8
34900,872,0.8,21,0.8
34901,872,0.8,22,0.8
34902,872,0.8,23,0.8
34903,872,0.8,24,0.8
34904,872,0.8,25,0.8
34905,872,0.8,26,0.8
34906,872,0.8,27,0.8
34907,872,0.8,28,0.8
34908,872,0.8,29,0.8
34909,872,0.8,30,0.8
34910,872,0.8,31,0.8
34911,872,0.8,32,0.8
34912,872,0.8,33,0.8
34913,872,0.8,34,0.8
34914,872,0.8,35,0.8
34915,872,0.8,36,0.8
34916,872,0.8,37,0.8
34917,872,0.8,38,0.8
34918,872,0.8,39,0.8
34919,872,0.8,40,0.8
34920,873,0.8,1,1.0
34921,873,0.8,2,1.0
34922,873,0.8,3,1.0
34923,873,0.8,4,0.6
34924,873,0.8,5,0.6
34925,873,0.8,6,0.8
34926,873,0.8,7,1.0
34927,873,0.8,8,1.0
34928,873,0.8,9,0.6
34929,873,0.8,10,0.6
34930,873,0.8,11,0.8
34931,873,0.8,12,0.8
34932,873,0.8,13,1.0
34933,873,0.8,14,0.8
34934,873,0.8,15,0.8
34935,873,0.8,16,0.4
34936,873,0.8,17,0.4
34937,873,0.8,18,0.4
34938,873,0.8,19,0.4
34939,873,0.8,20,0.4
34940,873,0.8,21,0.4
34941,873,0.8,22,0.4
34942,873,0.8,23,0.6
34943,873,0.8,24,0.4
34944,873,0.8,25,0.4
34945,873,0.8,26,0.4
34946,873,0.8,27,0.4
34947,873,0.8,28,0.4
34948,873,0.8,29,0.4
34949,873,0.8,30,0.4
34950,873,0.8,31,0.4
34951,873,0.8,32,0.4
34952,873,0.8,33,0.4
34953,873,0.8,34,0.4
34954,873,0.8,35,0.4
34955,873,0.8,36,0.6
34956,873,0.8,37,0.6
34957,873,0.8,38,0.6
34958,873,0.8,39,0.6
34959,873,0.8,40,0.6
34960,874,0.8,1,0.8
34961,874,0.8,2,0.6
34962,874,0.8,3,0.6
34963,874,0.8,4,0.6
34964,874,0.8,5,0.6
34965,874,0.8,6,0.8
34966,874,0.8,7,0.6
34967,874,0.8,8,0.6
34968,874,0.8,9,0.2
34969,874,0.8,10,0.2
34970,874,0.8,11,0.2
34971,874,0.8,12,0.2
34972,874,0.8,13,0.2
34973,874,0.8,14,0.2
34974,874,0.8,15,0.2
34975,874,0.8,16,0.2
34976,874,0.8,17,0.2
34977,874,0.8,18,0.2
34978,874,0.8,19,0.2
34979,874,0.8,20,0.2
34980,874,0.8,21,0.2
34981,874,0.8,22,0.2
34982,874,0.8,23,0.2
34983,874,0.8,24,0.2
34984,874,0.8,25,0.2
34985,874,0.8,26,0.2
34986,874,0.8,27,0.4
34987,874,0.8,28,0.4
34988,874,0.8,29,0.4
34989,874,0.8,30,0.4
34990,874,0.8,31,0.2
34991,874,0.8,32,0.2
34992,874,0.8,33,0.2
34993,874,0.8,34,0.2
34994,874,0.8,35,0.2
34995,874,0.8,36,0.2
34996,874,0.8,37,0.2
34997,874,0.8,38,0.4
34998,874,0.8,39,0.4
34999,874,0.8,40,0.4
35000,875,0.8,1,0.2
35001,875,0.8,2,0.2
35002,875,0.8,3,0.2
35003,875,0.8,4,0.2
35004,875,0.8,5,0.2
35005,875,0.8,6,0.2
35006,875,0.8,7,0.2
35007,875,0.8,8,0.4
35008,875,0.8,9,0.4
35009,875,0.8,10,0.4
35010,875,0.8,11,0.4
35011,875,0.8,12,0.4
35012,875,0.8,13,0.4
35013,875,0.8,14,0.4
35014,875,0.8,15,0.4
35015,875,0.8,16,0.4
35016,875,0.8,17,0.4
35017,875,0.8,18,0.4
35018,875,0.8,19,0.4
35019,875,0.8,20,0.4
35020,875,0.8,21,0.4
35021,875,0.8,22,0.4
35022,875,0.8,23,0.4
35023,875,0.8,24,0.4
35024,875,0.8,25,0.4
35025,875,0.8,26,0.4
35026,875,0.8,27,0.4
35027,875,0.8,28,0.4
35028,875,0.8,29,0.4
35029,875,0.8,30,0.4
35030,875,0.8,31,0.4
35031,875,0.8,32,0.4
35032,875,0.8,33,0.4
35033,875,0.8,34,0.4
35034,875,0.8,35,0.4
35035,875,0.8,36,0.4
35036,875,0.8,37,0.4
35037,875,0.8,38,0.4
35038,875,0.8,39,0.4
35039,875,0.8,40,0.4
35040,876,0.8,1,0.8
35041,876,0.8,2,0.8
35042,876,0.8,3,0.6
35043,876,0.8,4,0.6
35044,876,0.8,5,0.6
35045,876,0.8,6,0.6
35046,876,0.8,7,0.6
35047,876,0.8,8,0.8
35048,876,0.8,9,0.8
35049,876,0.8,10,0.8
35050,876,0.8,11,0.8
35051,876,0.8,12,0.8
35052,876,0.8,13,0.4
35053,876,0.8,14,0.4
35054,876,0.8,15,0.6
35055,876,0.8,16,0.6
35056,876,0.8,17,0.6
35057,876,0.8,18,0.6
35058,876,0.8,19,0.6
35059,876,0.8,20,0.6
35060,876,0.8,21,0.6
35061,876,0.8,22,0.6
35062,876,0.8,23,0.6
35063,876,0.8,24,0.6
35064,876,0.8,25,0.6
35065,876,0.8,26,0.6
35066,876,0.8,27,0.6
35067,876,0.8,28,0.6
35068,876,0.8,29,0.6
35069,876,0.8,30,0.6
35070,876,0.8,31,0.4
35071,876,0.8,32,0.4
35072,876,0.8,33,0.4
35073,876,0.8,34,0.4
35074,876,0.8,35,0.4
35075,876,0.8,36,0.4
35076,876,0.8,37,0.4
35077,876,0.8,38,0.4
35078,876,0.8,39,0.4
35079,876,0.8,40,0.4
35080,877,0.8,1,0.6
35081,877,0.8,2,0.6
35082,877,0.8,3,0.6
35083,877,0.8,4,0.6
35084,877,0.8,5,0.8
35085,877,0.8,6,0.6
35086,877,0.8,7,0.6
35087,877,0.8,8,0.4
35088,877,0.8,9,0.4
35089,877,0.8,10,0.4
35090,877,0.8,11,0.4
35091,877,0.8,12,0.4
35092,877,0.8,13,0.8
35093,877,0.8,14,0.8
35094,877,0.8,15,1.0
35095,877,0.8,16,1.0
35096,877,0.8,17,1.0
35097,877,0.8,18,1.0
35098,877,0.8,19,1.0
35099,877,0.8,20,1.0
35100,877,0.8,21,1.0
35101,877,0.8,22,1.0
35102,877,0.8,23,1.0
35103,877,0.8,24,1.0
35104,877,0.8,25,1.0
35105,877,0.8,26,1.0
35106,877,0.8,27,1.0
35107,877,0.8,28,1.0
35108,877,0.8,29,1.0
35109,877,0.8,30,1.0
35110,877,0.8,31,1.0
35111,877,0.8,32,1.0
35112,877,0.8,33,0.8
35113,877,0.8,34,0.8
35114,877,0.8,35,0.8
35115,877,0.8,36,0.8
35116,877,0.8,37,0.8
35117,877,0.8,38,0.8
35118,877,0.8,39,0.8
35119,877,0.8,40,0.8
35120,878,0.8,1,0.6
35121,878,0.8,2,0.8
35122,878,0.8,3,0.6
35123,878,0.8,4,0.6
35124,878,0.8,5,0.6
35125,878,0.8,6,0.6
35126,878,0.8,7,0.6
35127,878,0.8,8,0.6
35128,878,0.8,9,0.6
35129,878,0.8,10,0.6
35130,878,0.8,11,0.6
35131,878,0.8,12,0.6
35132,878,0.8,13,0.6
35133,878,0.8,14,0.6
35134,878,0.8,15,0.6
35135,878,0.8,16,0.6
35136,878,0.8,17,0.6
35137,878,0.8,18,0.6
35138,878,0.8,19,0.8
35139,878,0.8,20,0.8
35140,878,0.8,21,0.8
35141,878,0.8,22,0.8
35142,878,0.8,23,0.8
35143,878,0.8,24,0.8
35144,878,0.8,25,0.8
35145,878,0.8,26,0.8
35146,878,0.8,27,0.8
35147,878,0.8,28,0.8
35148,878,0.8,29,0.8
35149,878,0.8,30,0.8
35150,878,0.8,31,0.8
35151,878,0.8,32,0.8
35152,878,0.8,33,0.8
35153,878,0.8,34,0.8
35154,878,0.8,35,0.8
35155,878,0.8,36,0.8
35156,878,0.8,37,0.8
35157,878,0.8,38,0.8
35158,878,0.8,39,0.8
35159,878,0.8,40,0.8
35160,879,0.8,1,0.0
35161,879,0.8,2,0.6
35162,879,0.8,3,0.6
35163,879,0.8,4,0.6
35164,879,0.8,5,0.6
35165,879,0.8,6,0.4
35166,879,0.8,7,0.4
35167,879,0.8,8,0.4
35168,879,0.8,9,0.4
35169,879,0.8,10,0.4
35170,879,0.8,11,0.4
35171,879,0.8,12,0.4
35172,879,0.8,13,0.4
35173,879,0.8,14,0.4
35174,879,0.8,15,0.4
35175,879,0.8,16,0.4
35176,879,0.8,17,0.4
35177,879,0.8,18,0.4
35178,879,0.8,19,0.4
35179,879,0.8,20,0.4
35180,879,0.8,21,0.4
35181,879,0.8,22,0.4
35182,879,0.8,23,0.4
35183,879,0.8,24,0.4
35184,879,0.8,25,0.4
35185,879,0.8,26,0.4
35186,879,0.8,27,0.4
35187,879,0.8,28,0.4
35188,879,0.8,29,0.4
35189,879,0.8,30,0.4
35190,879,0.8,31,0.4
35191,879,0.8,32,0.4
35192,879,0.8,33,0.4
35193,879,0.8,34,0.4
35194,879,0.8,35,0.4
35195,879,0.8,36,0.4
35196,879,0.8,37,0.4
35197,879,0.8,38,0.4
35198,879,0.8,39,0.4
35199,879,0.8,40,0.4
35200,880,0.8,1,1.0
35201,880,0.8,2,1.0
35202,880,0.8,3,1.0
35203,880,0.8,4,0.6
35204,880,0.8,5,0.6
35205,880,0.8,6,0.6
35206,880,0.8,7,0.4
35207,880,0.8,8,0.2
35208,880,0.8,9,0.2
35209,880,0.8,10,0.6
35210,880,0.8,11,0.6
35211,880,0.8,12,0.6
35212,880,0.8,13,0.6
35213,880,0.8,14,0.6
35214,880,0.8,15,0.4
35215,880,0.8,16,0.4
35216,880,0.8,17,0.4
35217,880,0.8,18,0.4
35218,880,0.8,19,0.4
35219,880,0.8,20,0.4
35220,880,0.8,21,0.4
35221,880,0.8,22,0.4
35222,880,0.8,23,0.4
35223,880,0.8,24,0.4
35224,880,0.8,25,0.6
35225,880,0.8,26,0.6
35226,880,0.8,27,0.6
35227,880,0.8,28,0.6
35228,880,0.8,29,0.6
35229,880,0.8,30,0.6
35230,880,0.8,31,0.6
35231,880,0.8,32,0.6
35232,880,0.8,33,0.6
35233,880,0.8,34,0.6
35234,880,0.8,35,0.6
35235,880,0.8,36,0.6
35236,880,0.8,37,0.6
35237,880,0.8,38,0.6
35238,880,0.8,39,0.6
35239,880,0.8,40,0.6
35240,881,0.8,1,0.0
35241,881,0.8,2,0.8
35242,881,0.8,3,0.8
35243,881,0.8,4,0.8
35244,881,0.8,5,0.8
35245,881,0.8,6,0.6
35246,881,0.8,7,0.6
35247,881,0.8,8,0.6
35248,881,0.8,9,0.4
35249,881,0.8,10,0.8
35250,881,0.8,11,0.8
35251,881,0.8,12,0.4
35252,881,0.8,13,0.6
35253,881,0.8,14,0.6
35254,881,0.8,15,0.6
35255,881,0.8,16,0.6
35256,881,0.8,17,0.6
35257,881,0.8,18,0.8
35258,881,0.8,19,0.8
35259,881,0.8,20,0.8
35260,881,0.8,21,0.8
35261,881,0.8,22,0.8
35262,881,0.8,23,0.8
35263,881,0.8,24,0.6
35264,881,0.8,25,0.8
35265,881,0.8,26,0.6
35266,881,0.8,27,0.8
35267,881,0.8,28,0.6
35268,881,0.8,29,0.6
35269,881,0.8,30,0.6
35270,881,0.8,31,0.6
35271,881,0.8,32,0.8
35272,881,0.8,33,0.8
35273,881,0.8,34,0.8
35274,881,0.8,35,0.8
35275,881,0.8,36,0.8
35276,881,0.8,37,0.6
35277,881,0.8,38,0.6
35278,881,0.8,39,0.6
35279,881,0.8,40,0.6
35280,882,0.8,1,0.0
35281,882,0.8,2,0.0
35282,882,0.8,3,0.8
35283,882,0.8,4,0.6
35284,882,0.8,5,0.0
35285,882,0.8,6,0.0
35286,882,0.8,7,0.0
35287,882,0.8,8,0.2
35288,882,0.8,9,0.0
35289,882,0.8,10,0.2
35290,882,0.8,11,0.4
35291,882,0.8,12,0.4
35292,882,0.8,13,0.6
35293,882,0.8,14,0.6
35294,882,0.8,15,0.4
35295,882,0.8,16,0.4
35296,882,0.8,17,0.4
35297,882,0.8,18,0.4
35298,882,0.8,19,0.4
35299,882,0.8,20,0.2
35300,882,0.8,21,0.2
35301,882,0.8,22,0.2
35302,882,0.8,23,0.2
35303,882,0.8,24,0.2
35304,882,0.8,25,0.4
35305,882,0.8,26,0.4
35306,882,0.8,27,0.4
35307,882,0.8,28,0.4
35308,882,0.8,29,0.4
35309,882,0.8,30,0.4
35310,882,0.8,31,0.6
35311,882,0.8,32,0.6
35312,882,0.8,33,0.6
35313,882,0.8,34,0.8
35314,882,0.8,35,0.8
35315,882,0.8,36,0.8
35316,882,0.8,37,0.6
35317,882,0.8,38,0.6
35318,882,0.8,39,0.8
35319,882,0.8,40,0.8
35320,883,0.8,1,0.8
35321,883,0.8,2,0.8
35322,883,0.8,3,0.8
35323,883,0.8,4,0.8
35324,883,0.8,5,0.6
35325,883,0.8,6,0.6
35326,883,0.8,7,0.6
35327,883,0.8,8,0.6
35328,883,0.8,9,0.6
35329,883,0.8,10,0.4
35330,883,0.8,11,0.4
35331,883,0.8,12,0.4
35332,883,0.8,13,0.4
35333,883,0.8,14,0.4
35334,883,0.8,15,0.4
35335,883,0.8,16,0.8
35336,883,0.8,17,0.8
35337,883,0.8,18,0.4
35338,883,0.8,19,0.6
35339,883,0.8,20,0.4
35340,883,0.8,21,0.6
35341,883,0.8,22,0.6
35342,883,0.8,23,0.8
35343,883,0.8,24,1.0
35344,883,0.8,25,1.0
35345,883,0.8,26,1.0
35346,883,0.8,27,1.0
35347,883,0.8,28,1.0
35348,883,0.8,29,1.0
35349,883,0.8,30,1.0
35350,883,0.8,31,0.8
35351,883,0.8,32,0.8
35352,883,0.8,33,0.8
35353,883,0.8,34,0.8
35354,883,0.8,35,0.8
35355,883,0.8,36,0.8
35356,883,0.8,37,0.8
35357,883,0.8,38,1.0
35358,883,0.8,39,1.0
35359,883,0.8,40,1.0
35360,884,0.8,1,0.6
35361,884,0.8,2,0.6
35362,884,0.8,3,0.6
35363,884,0.8,4,0.2
35364,884,0.8,5,0.2
35365,884,0.8,6,0.4
35366,884,0.8,7,0.4
35367,884,0.8,8,0.4
35368,884,0.8,9,0.6
35369,884,0.8,10,0.4
35370,884,0.8,11,0.4
35371,884,0.8,12,0.4
35372,884,0.8,13,0.8
35373,884,0.8,14,0.8
35374,884,0.8,15,0.6
35375,884,0.8,16,0.6
35376,884,0.8,17,1.0
35377,884,0.8,18,0.8
35378,884,0.8,19,0.8
35379,884,0.8,20,0.8
35380,884,0.8,21,0.8
35381,884,0.8,22,0.8
35382,884,0.8,23,0.6
35383,884,0.8,24,0.6
35384,884,0.8,25,0.6
35385,884,0.8,26,0.6
35386,884,0.8,27,0.8
35387,884,0.8,28,0.8
35388,884,0.8,29,0.8
35389,884,0.8,30,0.8
35390,884,0.8,31,0.8
35391,884,0.8,32,0.6
35392,884,0.8,33,0.6
35393,884,0.8,34,0.6
35394,884,0.8,35,0.6
35395,884,0.8,36,0.8
35396,884,0.8,37,0.6
35397,884,0.8,38,0.6
35398,884,0.8,39,0.6
35399,884,0.8,40,0.6
35400,885,0.8,1,0.8
35401,885,0.8,2,0.6
35402,885,0.8,3,0.6
35403,885,0.8,4,0.4
35404,885,0.8,5,0.8
35405,885,0.8,6,0.6
35406,885,0.8,7,0.6
35407,885,0.8,8,0.6
35408,885,0.8,9,0.6
35409,885,0.8,10,0.6
35410,885,0.8,11,0.6
35411,885,0.8,12,0.6
35412,885,0.8,13,0.6
35413,885,0.8,14,0.6
35414,885,0.8,15,0.6
35415,885,0.8,16,0.6
35416,885,0.8,17,0.6
35417,885,0.8,18,0.6
35418,885,0.8,19,0.6
35419,885,0.8,20,0.6
35420,885,0.8,21,0.6
35421,885,0.8,22,0.6
35422,885,0.8,23,0.6
35423,885,0.8,24,0.6
35424,885,0.8,25,0.6
35425,885,0.8,26,0.6
35426,885,0.8,27,0.6
35427,885,0.8,28,0.6
35428,885,0.8,29,0.6
35429,885,0.8,30,0.6
35430,885,0.8,31,0.6
35431,885,0.8,32,0.6
35432,885,0.8,33,0.6
35433,885,0.8,34,0.6
35434,885,0.8,35,0.6
35435,885,0.8,36,0.6
35436,885,0.8,37,0.6
35437,885,0.8,38,0.6
35438,885,0.8,39,0.6
35439,885,0.8,40,0.6
35440,886,0.8,1,0.6
35441,886,0.8,2,0.6
35442,886,0.8,3,0.6
35443,886,0.8,4,0.6
35444,886,0.8,5,0.6
35445,886,0.8,6,0.6
35446,886,0.8,7,0.4
35447,886,0.8,8,0.4
35448,886,0.8,9,0.4
35449,886,0.8,10,0.6
35450,886,0.8,11,0.4
35451,886,0.8,12,0.4
35452,886,0.8,13,0.4
35453,886,0.8,14,0.4
35454,886,0.8,15,0.4
35455,886,0.8,16,0.4
35456,886,0.8,17,0.4
35457,886,0.8,18,0.4
35458,886,0.8,19,0.4
35459,886,0.8,20,0.6
35460,886,0.8,21,0.6
35461,886,0.8,22,0.6
35462,886,0.8,23,0.6
35463,886,0.8,24,0.6
35464,886,0.8,25,0.6
35465,886,0.8,26,0.8
35466,886,0.8,27,0.8
35467,886,0.8,28,0.8
35468,886,0.8,29,0.8
35469,886,0.8,30,0.8
35470,886,0.8,31,0.8
35471,886,0.8,32,0.8
35472,886,0.8,33,0.8
35473,886,0.8,34,0.8
35474,886,0.8,35,0.8
35475,886,0.8,36,0.8
35476,886,0.8,37,0.8
35477,886,0.8,38,0.8
35478,886,0.8,39,0.8
35479,886,0.8,40,1.0
35480,887,0.8,1,0.6
35481,887,0.8,2,0.6
35482,887,0.8,3,0.6
35483,887,0.8,4,0.4
35484,887,0.8,5,0.4
35485,887,0.8,6,0.6
35486,887,0.8,7,0.4
35487,887,0.8,8,0.4
35488,887,0.8,9,0.6
35489,887,0.8,10,0.6
35490,887,0.8,11,0.6
35491,887,0.8,12,0.6
35492,887,0.8,13,0.6
35493,887,0.8,14,0.6
35494,887,0.8,15,0.6
35495,887,0.8,16,0.6
35496,887,0.8,17,0.6
35497,887,0.8,18,0.6
35498,887,0.8,19,0.6
35499,887,0.8,20,0.6
35500,887,0.8,21,0.6
35501,887,0.8,22,0.6
35502,887,0.8,23,0.6
35503,887,0.8,24,0.6
35504,887,0.8,25,0.6
35505,887,0.8,26,0.8
35506,887,0.8,27,0.8
35507,887,0.8,28,0.8
35508,887,0.8,29,0.8
35509,887,0.8,30,0.8
35510,887,0.8,31,0.8
35511,887,0.8,32,0.2
35512,887,0.8,33,0.2
35513,887,0.8,34,0.2
35514,887,0.8,35,0.2
35515,887,0.8,36,0.2
35516,887,0.8,37,0.2
35517,887,0.8,38,0.2
35518,887,0.8,39,0.2
35519,887,0.8,40,0.6
35520,888,0.8,1,0.0
35521,888,0.8,2,0.4
35522,888,0.8,3,0.6
35523,888,0.8,4,0.4
35524,888,0.8,5,0.4
35525,888,0.8,6,0.4
35526,888,0.8,7,0.6
35527,888,0.8,8,0.6
35528,888,0.8,9,0.6
35529,888,0.8,10,0.2
35530,888,0.8,11,0.2
35531,888,0.8,12,0.2
35532,888,0.8,13,0.2
35533,888,0.8,14,0.2
35534,888,0.8,15,0.4
35535,888,0.8,16,0.4
35536,888,0.8,17,0.4
35537,888,0.8,18,0.4
35538,888,0.8,19,0.6
35539,888,0.8,20,0.6
35540,888,0.8,21,0.6
35541,888,0.8,22,0.6
35542,888,0.8,23,0.6
35543,888,0.8,24,0.6
35544,888,0.8,25,0.6
35545,888,0.8,26,0.6
35546,888,0.8,27,0.6
35547,888,0.8,28,0.6
35548,888,0.8,29,0.6
35549,888,0.8,30,0.6
35550,888,0.8,31,0.8
35551,888,0.8,32,0.8
35552,888,0.8,33,0.8
35553,888,0.8,34,0.6
35554,888,0.8,35,0.6
35555,888,0.8,36,0.6
35556,888,0.8,37,0.6
35557,888,0.8,38,0.6
35558,888,0.8,39,0.6
35559,888,0.8,40,0.6
35560,889,0.8,1,0.0
35561,889,0.8,2,0.0
35562,889,0.8,3,0.0
35563,889,0.8,4,0.4
35564,889,0.8,5,0.2
35565,889,0.8,6,0.2
35566,889,0.8,7,0.4
35567,889,0.8,8,0.4
35568,889,0.8,9,0.4
35569,889,0.8,10,0.2
35570,889,0.8,11,0.2
35571,889,0.8,12,0.2
35572,889,0.8,13,0.4
35573,889,0.8,14,0.4
35574,889,0.8,15,0.4
35575,889,0.8,16,0.4
35576,889,0.8,17,0.4
35577,889,0.8,18,0.4
35578,889,0.8,19,0.4
35579,889,0.8,20,0.4
35580,889,0.8,21,0.4
35581,889,0.8,22,0.4
35582,889,0.8,23,0.4
35583,889,0.8,24,0.4
35584,889,0.8,25,0.4
35585,889,0.8,26,0.4
35586,889,0.8,27,0.4
35587,889,0.8,28,0.6
35588,889,0.8,29,0.6
35589,889,0.8,30,0.6
35590,889,0.8,31,0.6
35591,889,0.8,32,0.4
35592,889,0.8,33,0.4
35593,889,0.8,34,0.4
35594,889,0.8,35,0.4
35595,889,0.8,36,0.4
35596,889,0.8,37,0.4
35597,889,0.8,38,0.4
35598,889,0.8,39,0.4
35599,889,0.8,40,0.4
35600,890,0.8,1,0.0
35601,890,0.8,2,0.2
35602,890,0.8,3,0.2
35603,890,0.8,4,0.2
35604,890,0.8,5,0.6
35605,890,0.8,6,0.4
35606,890,0.8,7,0.6
35607,890,0.8,8,0.8
35608,890,0.8,9,0.8
35609,890,0.8,10,0.8
35610,890,0.8,11,0.8
35611,890,0.8,12,0.8
35612,890,0.8,13,0.4
35613,890,0.8,14,0.6
35614,890,0.8,15,0.6
35615,890,0.8,16,0.6
35616,890,0.8,17,0.6
35617,890,0.8,18,0.6
35618,890,0.8,19,0.6
35619,890,0.8,20,0.6
35620,890,0.8,21,0.6
35621,890,0.8,22,0.6
35622,890,0.8,23,0.6
35623,890,0.8,24,0.6
35624,890,0.8,25,0.6
35625,890,0.8,26,0.6
35626,890,0.8,27,0.6
35627,890,0.8,28,0.6
35628,890,0.8,29,0.6
35629,890,0.8,30,0.6
35630,890,0.8,31,0.6
35631,890,0.8,32,0.6
35632,890,0.8,33,0.6
35633,890,0.8,34,0.6
35634,890,0.8,35,0.6
35635,890,0.8,36,0.4
35636,890,0.8,37,0.6
35637,890,0.8,38,0.6
35638,890,0.8,39,0.6
35639,890,0.8,40,0.6
35640,891,0.8,1,0.0
35641,891,0.8,2,0.0
35642,891,0.8,3,0.8
35643,891,0.8,4,0.2
35644,891,0.8,5,0.4
35645,891,0.8,6,0.6
35646,891,0.8,7,0.4
35647,891,0.8,8,0.4
35648,891,0.8,9,0.4
35649,891,0.8,10,0.4
35650,891,0.8,11,0.4
35651,891,0.8,12,0.4
35652,891,0.8,13,0.4
35653,891,0.8,14,0.4
35654,891,0.8,15,0.6
35655,891,0.8,16,0.6
35656,891,0.8,17,0.6
35657,891,0.8,18,0.6
35658,891,0.8,19,0.6
35659,891,0.8,20,0.8
35660,891,0.8,21,0.6
35661,891,0.8,22,0.6
35662,891,0.8,23,0.6
35663,891,0.8,24,0.6
35664,891,0.8,25,0.8
35665,891,0.8,26,0.6
35666,891,0.8,27,0.6
35667,891,0.8,28,0.6
35668,891,0.8,29,0.6
35669,891,0.8,30,0.8
35670,891,0.8,31,0.6
35671,891,0.8,32,0.6
35672,891,0.8,33,0.6
35673,891,0.8,34,0.6
35674,891,0.8,35,0.6
35675,891,0.8,36,0.6
35676,891,0.8,37,0.6
35677,891,0.8,38,0.6
35678,891,0.8,39,0.6
35679,891,0.8,40,0.6
35680,892,0.8,1,0.2
35681,892,0.8,2,0.2
35682,892,0.8,3,0.2
35683,892,0.8,4,0.2
35684,892,0.8,5,0.6
35685,892,0.8,6,0.6
35686,892,0.8,7,0.6
35687,892,0.8,8,0.6
35688,892,0.8,9,0.6
35689,892,0.8,10,0.8
35690,892,0.8,11,0.8
35691,892,0.8,12,0.8
35692,892,0.8,13,0.8
35693,892,0.8,14,0.8
35694,892,0.8,15,0.8
35695,892,0.8,16,0.8
35696,892,0.8,17,0.8
35697,892,0.8,18,0.8
35698,892,0.8,19,0.8
35699,892,0.8,20,0.8
35700,892,0.8,21,0.6
35701,892,0.8,22,0.6
35702,892,0.8,23,0.8
35703,892,0.8,24,0.6
35704,892,0.8,25,0.8
35705,892,0.8,26,0.8
35706,892,0.8,27,0.6
35707,892,0.8,28,0.6
35708,892,0.8,29,0.6
35709,892,0.8,30,0.6
35710,892,0.8,31,0.6
35711,892,0.8,32,0.6
35712,892,0.8,33,0.6
35713,892,0.8,34,0.6
35714,892,0.8,35,0.6
35715,892,0.8,36,0.6
35716,892,0.8,37,0.6
35717,892,0.8,38,0.8
35718,892,0.8,39,0.8
35719,892,0.8,40,0.8
35720,893,0.8,1,0.2
35721,893,0.8,2,0.4
35722,893,0.8,3,0.4
35723,893,0.8,4,0.4
35724,893,0.8,5,0.4
35725,893,0.8,6,0.4
35726,893,0.8,7,0.4
35727,893,0.8,8,0.4
35728,893,0.8,9,0.4
35729,893,0.8,10,0.4
35730,893,0.8,11,0.4
35731,893,0.8,12,0.4
35732,893,0.8,13,0.4
35733,893,0.8,14,0.4
35734,893,0.8,15,0.4
35735,893,0.8,16,0.4
35736,893,0.8,17,0.4
35737,893,0.8,18,0.4
35738,893,0.8,19,0.4
35739,893,0.8,20,0.4
35740,893,0.8,21,0.4
35741,893,0.8,22,0.4
35742,893,0.8,23,0.4
35743,893,0.8,24,0.4
35744,893,0.8,25,0.4
35745,893,0.8,26,0.4
35746,893,0.8,27,0.4
35747,893,0.8,28,0.4
35748,893,0.8,29,0.4
35749,893,0.8,30,0.4
35750,893,0.8,31,0.4
35751,893,0.8,32,0.4
35752,893,0.8,33,0.4
35753,893,0.8,34,0.4
35754,893,0.8,35,0.4
35755,893,0.8,36,0.4
35756,893,0.8,37,0.4
35757,893,0.8,38,0.4
35758,893,0.8,39,0.4
35759,893,0.8,40,0.4
35760,894,0.8,1,0.8
35761,894,0.8,2,0.8
35762,894,0.8,3,0.8
35763,894,0.8,4,0.8
35764,894,0.8,5,0.8
35765,894,0.8,6,0.8
35766,894,0.8,7,0.8
35767,894,0.8,8,0.8
35768,894,0.8,9,0.8
35769,894,0.8,10,0.6
35770,894,0.8,11,0.8
35771,894,0.8,12,0.8
35772,894,0.8,13,0.8
35773,894,0.8,14,0.6
35774,894,0.8,15,0.6
35775,894,0.8,16,0.6
35776,894,0.8,17,0.6
35777,894,0.8,18,0.6
35778,894,0.8,19,0.6
35779,894,0.8,20,0.6
35780,894,0.8,21,0.6
35781,894,0.8,22,0.6
35782,894,0.8,23,0.6
35783,894,0.8,24,0.4
35784,894,0.8,25,0.8
35785,894,0.8,26,1.0
35786,894,0.8,27,1.0
35787,894,0.8,28,1.0
35788,894,0.8,29,1.0
35789,894,0.8,30,1.0
35790,894,0.8,31,1.0
35791,894,0.8,32,1.0
35792,894,0.8,33,1.0
35793,894,0.8,34,1.0
35794,894,0.8,35,1.0
35795,894,0.8,36,0.8
35796,894,0.8,37,1.0
35797,894,0.8,38,1.0
35798,894,0.8,39,1.0
35799,894,0.8,40,1.0
35800,895,0.8,1,0.6
35801,895,0.8,2,0.4
35802,895,0.8,3,0.8
35803,895,0.8,4,0.8
35804,895,0.8,5,0.8
35805,895,0.8,6,0.8
35806,895,0.8,7,0.8
35807,895,0.8,8,0.4
35808,895,0.8,9,0.4
35809,895,0.8,10,0.4
35810,895,0.8,11,0.4
35811,895,0.8,12,0.4
35812,895,0.8,13,0.4
35813,895,0.8,14,0.4
35814,895,0.8,15,0.4
35815,895,0.8,16,0.8
35816,895,0.8,17,0.8
35817,895,0.8,18,0.4
35818,895,0.8,19,0.2
35819,895,0.8,20,0.2
35820,895,0.8,21,0.8
35821,895,0.8,22,0.8
35822,895,0.8,23,0.8
35823,895,0.8,24,0.6
35824,895,0.8,25,0.4
35825,895,0.8,26,0.4
35826,895,0.8,27,0.8
35827,895,0.8,28,0.8
35828,895,0.8,29,1.0
35829,895,0.8,30,1.0
35830,895,0.8,31,1.0
35831,895,0.8,32,0.8
35832,895,0.8,33,0.6
35833,895,0.8,34,0.6
35834,895,0.8,35,0.6
35835,895,0.8,36,0.6
35836,895,0.8,37,0.4
35837,895,0.8,38,0.4
35838,895,0.8,39,0.6
35839,895,0.8,40,1.0
35840,896,0.8,1,0.4
35841,896,0.8,2,0.4
35842,896,0.8,3,0.4
35843,896,0.8,4,0.4
35844,896,0.8,5,0.4
35845,896,0.8,6,0.4
35846,896,0.8,7,0.4
35847,896,0.8,8,0.4
35848,896,0.8,9,0.4
35849,896,0.8,10,0.4
35850,896,0.8,11,0.4
35851,896,0.8,12,0.4
35852,896,0.8,13,0.4
35853,896,0.8,14,0.4
35854,896,0.8,15,0.4
35855,896,0.8,16,0.4
35856,896,0.8,17,0.4
35857,896,0.8,18,0.4
35858,896,0.8,19,0.4
35859,896,0.8,20,0.4
35860,896,0.8,21,0.4
35861,896,0.8,22,0.4
35862,896,0.8,23,0.4
35863,896,0.8,24,0.6
35864,896,0.8,25,0.6
35865,896,0.8,26,0.6
35866,896,0.8,27,0.6
35867,896,0.8,28,0.6
35868,896,0.8,29,0.6
35869,896,0.8,30,0.6
35870,896,0.8,31,0.6
35871,896,0.8,32,0.6
35872,896,0.8,33,0.6
35873,896,0.8,34,0.8
35874,896,0.8,35,0.8
35875,896,0.8,36,0.8
35876,896,0.8,37,0.8
35877,896,0.8,38,0.8
35878,896,0.8,39,0.8
35879,896,0.8,40,0.8
35880,897,0.8,1,0.0
35881,897,0.8,2,0.8
35882,897,0.8,3,0.8
35883,897,0.8,4,0.6
35884,897,0.8,5,0.6
35885,897,0.8,6,0.8
35886,897,0.8,7,0.8
35887,897,0.8,8,0.8
35888,897,0.8,9,0.8
35889,897,0.8,10,0.8
35890,897,0.8,11,0.8
35891,897,0.8,12,0.8
35892,897,0.8,13,0.8
35893,897,0.8,14,0.8
35894,897,0.8,15,0.8
35895,897,0.8,16,0.8
35896,897,0.8,17,0.8
35897,897,0.8,18,0.8
35898,897,0.8,19,0.8
35899,897,0.8,20,0.8
35900,897,0.8,21,0.8
35901,897,0.8,22,0.8
35902,897,0.8,23,0.8
35903,897,0.8,24,0.8
35904,897,0.8,25,0.6
35905,897,0.8,26,0.6
35906,897,0.8,27,0.6
35907,897,0.8,28,0.6
35908,897,0.8,29,0.6
35909,897,0.8,30,0.6
35910,897,0.8,31,0.6
35911,897,0.8,32,0.6
35912,897,0.8,33,0.6
35913,897,0.8,34,0.6
35914,897,0.8,35,0.6
35915,897,0.8,36,0.6
35916,897,0.8,37,0.6
35917,897,0.8,38,0.6
35918,897,0.8,39,0.6
35919,897,0.8,40,0.6
35920,898,0.8,1,1.0
35921,898,0.8,2,1.0
35922,898,0.8,3,1.0
35923,898,0.8,4,1.0
35924,898,0.8,5,1.0
35925,898,0.8,6,1.0
35926,898,0.8,7,1.0
35927,898,0.8,8,1.0
35928,898,0.8,9,1.0
35929,898,0.8,10,1.0
35930,898,0.8,11,1.0
35931,898,0.8,12,0.8
35932,898,0.8,13,0.8
35933,898,0.8,14,0.8
35934,898,0.8,15,0.8
35935,898,0.8,16,0.8
35936,898,0.8,17,0.8
35937,898,0.8,18,0.8
35938,898,0.8,19,0.6
35939,898,0.8,20,0.4
35940,898,0.8,21,0.4
35941,898,0.8,22,0.4
35942,898,0.8,23,0.4
35943,898,0.8,24,0.4
35944,898,0.8,25,0.4
35945,898,0.8,26,0.4
35946,898,0.8,27,0.4
35947,898,0.8,28,0.4
35948,898,0.8,29,0.4
35949,898,0.8,30,0.4
35950,898,0.8,31,0.8
35951,898,0.8,32,0.8
35952,898,0.8,33,0.8
35953,898,0.8,34,1.0
35954,898,0.8,35,1.0
35955,898,0.8,36,0.8
35956,898,0.8,37,0.8
35957,898,0.8,38,0.8
35958,898,0.8,39,0.8
35959,898,0.8,40,0.8
35960,899,0.8,1,0.0
35961,899,0.8,2,0.4
35962,899,0.8,3,0.4
35963,899,0.8,4,0.4
35964,899,0.8,5,0.4
35965,899,0.8,6,0.4
35966,899,0.8,7,0.2
35967,899,0.8,8,0.4
35968,899,0.8,9,0.4
35969,899,0.8,10,0.4
35970,899,0.8,11,0.6
35971,899,0.8,12,0.6
35972,899,0.8,13,0.6
35973,899,0.8,14,0.6
35974,899,0.8,15,0.6
35975,899,0.8,16,0.6
35976,899,0.8,17,0.6
35977,899,0.8,18,0.6
35978,899,0.8,19,0.6
35979,899,0.8,20,0.6
35980,899,0.8,21,0.6
35981,899,0.8,22,0.6
35982,899,0.8,23,0.6
35983,899,0.8,24,0.6
35984,899,0.8,25,0.8
35985,899,0.8,26,0.8
35986,899,0.8,27,0.6
35987,899,0.8,28,0.6
35988,899,0.8,29,0.2
35989,899,0.8,30,0.2
35990,899,0.8,31,0.2
35991,899,0.8,32,0.2
35992,899,0.8,33,0.2
35993,899,0.8,34,0.2
35994,899,0.8,35,0.2
35995,899,0.8,36,0.2
35996,899,0.8,37,0.2
35997,899,0.8,38,0.2
35998,899,0.8,39,0.2
35999,899,0.8,40,0.2
36000,900,1.0,1,1.0
36001,900,1.0,2,1.0
36002,900,1.0,3,1.0
36003,900,1.0,4,1.0
36004,900,1.0,5,0.4
36005,900,1.0,6,0.6
36006,900,1.0,7,0.4
36007,900,1.0,8,0.4
36008,900,1.0,9,0.4
36009,900,1.0,10,0.6
36010,900,1.0,11,0.6
36011,900,1.0,12,0.6
36012,900,1.0,13,0.4
36013,900,1.0,14,0.6
36014,900,1.0,15,0.6
36015,900,1.0,16,0.8
36016,900,1.0,17,1.0
36017,900,1.0,18,0.6
36018,900,1.0,19,0.8
36019,900,1.0,20,0.8
36020,900,1.0,21,0.8
36021,900,1.0,22,0.8
36022,900,1.0,23,0.8
36023,900,1.0,24,0.8
36024,900,1.0,25,0.8
36025,900,1.0,26,0.8
36026,900,1.0,27,0.6
36027,900,1.0,28,0.8
36028,900,1.0,29,0.8
36029,900,1.0,30,0.8
36030,900,1.0,31,0.8
36031,900,1.0,32,0.8
36032,900,1.0,33,0.8
36033,900,1.0,34,0.6
36034,900,1.0,35,0.6
36035,900,1.0,36,0.8
36036,900,1.0,37,0.8
36037,900,1.0,38,0.8
36038,900,1.0,39,0.8
36039,900,1.0,40,0.8
36040,901,1.0,1,0.8
36041,901,1.0,2,0.2
36042,901,1.0,3,0.6
36043,901,1.0,4,0.4
36044,901,1.0,5,0.4
36045,901,1.0,6,0.4
36046,901,1.0,7,0.8
36047,901,1.0,8,0.8
36048,901,1.0,9,0.6
36049,901,1.0,10,0.6
36050,901,1.0,11,0.6
36051,901,1.0,12,0.6
36052,901,1.0,13,0.8
36053,901,1.0,14,0.6
36054,901,1.0,15,0.6
36055,901,1.0,16,0.6
36056,901,1.0,17,0.6
36057,901,1.0,18,0.6
36058,901,1.0,19,0.6
36059,901,1.0,20,0.6
36060,901,1.0,21,0.6
36061,901,1.0,22,0.6
36062,901,1.0,23,0.6
36063,901,1.0,24,0.6
36064,901,1.0,25,0.6
36065,901,1.0,26,0.8
36066,901,1.0,27,0.8
36067,901,1.0,28,0.8
36068,901,1.0,29,0.8
36069,901,1.0,30,0.8
36070,901,1.0,31,0.8
36071,901,1.0,32,0.8
36072,901,1.0,33,0.8
36073,901,1.0,34,0.8
36074,901,1.0,35,0.8
36075,901,1.0,36,0.8
36076,901,1.0,37,0.8
36077,901,1.0,38,0.8
36078,901,1.0,39,0.8
36079,901,1.0,40,0.8
36080,902,1.0,1,0.6
36081,902,1.0,2,0.6
36082,902,1.0,3,0.6
36083,902,1.0,4,0.6
36084,902,1.0,5,0.6
36085,902,1.0,6,0.6
36086,902,1.0,7,0.6
36087,902,1.0,8,0.4
36088,902,1.0,9,0.4
36089,902,1.0,10,0.4
36090,902,1.0,11,0.6
36091,902,1.0,12,0.2
36092,902,1.0,13,0.6
36093,902,1.0,14,0.6
36094,902,1.0,15,0.6
36095,902,1.0,16,0.6
36096,902,1.0,17,0.6
36097,902,1.0,18,0.6
36098,902,1.0,19,0.8
36099,902,1.0,20,0.4
36100,902,1.0,21,0.4
36101,902,1.0,22,0.6
36102,902,1.0,23,0.8
36103,902,1.0,24,0.8
36104,902,1.0,25,0.8
36105,902,1.0,26,0.8
36106,902,1.0,27,0.8
36107,902,1.0,28,0.8
36108,902,1.0,29,1.0
36109,902,1.0,30,1.0
36110,902,1.0,31,1.0
36111,902,1.0,32,1.0
36112,902,1.0,33,1.0
36113,902,1.0,34,1.0
36114,902,1.0,35,1.0
36115,902,1.0,36,0.8
36116,902,1.0,37,0.8
36117,902,1.0,38,0.6
36118,902,1.0,39,0.6
36119,902,1.0,40,0.6
36120,903,1.0,1,0.8
36121,903,1.0,2,0.8
36122,903,1.0,3,0.8
36123,903,1.0,4,0.6
36124,903,1.0,5,0.6
36125,903,1.0,6,0.6
36126,903,1.0,7,0.6
36127,903,1.0,8,0.6
36128,903,1.0,9,0.6
36129,903,1.0,10,0.6
36130,903,1.0,11,0.6
36131,903,1.0,12,0.4
36132,903,1.0,13,0.4
36133,903,1.0,14,0.4
36134,903,1.0,15,0.4
36135,903,1.0,16,0.4
36136,903,1.0,17,0.4
36137,903,1.0,18,0.4
36138,903,1.0,19,0.4
36139,903,1.0,20,0.4
36140,903,1.0,21,0.4
36141,903,1.0,22,0.4
36142,903,1.0,23,0.4
36143,903,1.0,24,0.4
36144,903,1.0,25,0.6
36145,903,1.0,26,0.6
36146,903,1.0,27,0.6
36147,903,1.0,28,0.6
36148,903,1.0,29,0.6
36149,903,1.0,30,0.6
36150,903,1.0,31,0.6
36151,903,1.0,32,0.6
36152,903,1.0,33,0.4
36153,903,1.0,34,0.4
36154,903,1.0,35,0.4
36155,903,1.0,36,0.6
36156,903,1.0,37,0.6
36157,903,1.0,38,0.6
36158,903,1.0,39,0.6
36159,903,1.0,40,0.4
36160,904,1.0,1,0.6
36161,904,1.0,2,0.6
36162,904,1.0,3,0.8
36163,904,1.0,4,0.6
36164,904,1.0,5,0.8
36165,904,1.0,6,0.8
36166,904,1.0,7,0.4
36167,904,1.0,8,0.0
36168,904,1.0,9,0.6
36169,904,1.0,10,0.6
36170,904,1.0,11,0.4
36171,904,1.0,12,0.6
36172,904,1.0,13,0.6
36173,904,1.0,14,0.6
36174,904,1.0,15,0.6
36175,904,1.0,16,0.6
36176,904,1.0,17,0.4
36177,904,1.0,18,0.4
36178,904,1.0,19,0.4
36179,904,1.0,20,0.4
36180,904,1.0,21,0.4
36181,904,1.0,22,0.4
36182,904,1.0,23,0.4
36183,904,1.0,24,0.6
36184,904,1.0,25,0.4
36185,904,1.0,26,0.4
36186,904,1.0,27,0.4
36187,904,1.0,28,0.6
36188,904,1.0,29,0.4
36189,904,1.0,30,0.8
36190,904,1.0,31,0.8
36191,904,1.0,32,0.8
36192,904,1.0,33,0.8
36193,904,1.0,34,0.8
36194,904,1.0,35,0.8
36195,904,1.0,36,0.8
36196,904,1.0,37,0.8
36197,904,1.0,38,0.8
36198,904,1.0,39,0.8
36199,904,1.0,40,0.8
36200,905,1.0,1,0.6
36201,905,1.0,2,0.6
36202,905,1.0,3,0.8
36203,905,1.0,4,0.8
36204,905,1.0,5,0.6
36205,905,1.0,6,0.6
36206,905,1.0,7,0.0
36207,905,1.0,8,0.2
36208,905,1.0,9,0.2
36209,905,1.0,10,0.2
36210,905,1.0,11,0.2
36211,905,1.0,12,0.4
36212,905,1.0,13,0.2
36213,905,1.0,14,0.2
36214,905,1.0,15,0.2
36215,905,1.0,16,0.4
36216,905,1.0,17,0.4
36217,905,1.0,18,0.4
36218,905,1.0,19,0.4
36219,905,1.0,20,0.4
36220,905,1.0,21,0.4
36221,905,1.0,22,0.4
36222,905,1.0,23,0.4
36223,905,1.0,24,0.4
36224,905,1.0,25,0.4
36225,905,1.0,26,0.6
36226,905,1.0,27,0.4
36227,905,1.0,28,0.4
36228,905,1.0,29,0.4
36229,905,1.0,30,0.4
36230,905,1.0,31,0.4
36231,905,1.0,32,0.4
36232,905,1.0,33,0.6
36233,905,1.0,34,0.6
36234,905,1.0,35,0.6
36235,905,1.0,36,0.6
36236,905,1.0,37,0.6
36237,905,1.0,38,0.6
36238,905,1.0,39,0.6
36239,905,1.0,40,0.6
36240,906,1.0,1,0.0
36241,906,1.0,2,0.6
36242,906,1.0,3,0.8
36243,906,1.0,4,0.6
36244,906,1.0,5,0.6
36245,906,1.0,6,0.4
36246,906,1.0,7,0.4
36247,906,1.0,8,0.4
36248,906,1.0,9,0.4
36249,906,1.0,10,0.4
36250,906,1.0,11,0.4
36251,906,1.0,12,0.4
36252,906,1.0,13,0.4
36253,906,1.0,14,0.4
36254,906,1.0,15,0.4
36255,906,1.0,16,0.4
36256,906,1.0,17,0.4
36257,906,1.0,18,0.4
36258,906,1.0,19,0.4
36259,906,1.0,20,0.4
36260,906,1.0,21,0.4
36261,906,1.0,22,0.4
36262,906,1.0,23,0.4
36263,906,1.0,24,0.4
36264,906,1.0,25,0.4
36265,906,1.0,26,0.6
36266,906,1.0,27,0.6
36267,906,1.0,28,0.6
36268,906,1.0,29,0.6
36269,906,1.0,30,0.4
36270,906,1.0,31,0.4
36271,906,1.0,32,0.4
36272,906,1.0,33,0.4
36273,906,1.0,34,0.4
36274,906,1.0,35,0.4
36275,906,1.0,36,0.6
36276,906,1.0,37,0.6
36277,906,1.0,38,0.6
36278,906,1.0,39,0.6
36279,906,1.0,40,0.6
36280,907,1.0,1,1.0
36281,907,1.0,2,1.0
36282,907,1.0,3,1.0
36283,907,1.0,4,1.0
36284,907,1.0,5,1.0
36285,907,1.0,6,0.4
36286,907,1.0,7,0.4
36287,907,1.0,8,0.4
36288,907,1.0,9,0.2
36289,907,1.0,10,0.2
36290,907,1.0,11,0.2
36291,907,1.0,12,0.8
36292,907,1.0,13,0.8
36293,907,1.0,14,0.4
36294,907,1.0,15,0.6
36295,907,1.0,16,0.6
36296,907,1.0,17,0.4
36297,907,1.0,18,0.2
36298,907,1.0,19,0.6
36299,907,1.0,20,0.6
36300,907,1.0,21,0.6
36301,907,1.0,22,0.8
36302,907,1.0,23,0.6
36303,907,1.0,24,0.6
36304,907,1.0,25,0.6
36305,907,1.0,26,0.6
36306,907,1.0,27,0.6
36307,907,1.0,28,0.6
36308,907,1.0,29,0.4
36309,907,1.0,30,0.4
36310,907,1.0,31,0.6
36311,907,1.0,32,0.6
36312,907,1.0,33,0.6
36313,907,1.0,34,0.6
36314,907,1.0,35,0.6
36315,907,1.0,36,0.6
36316,907,1.0,37,0.6
36317,907,1.0,38,0.6
36318,907,1.0,39,0.6
36319,907,1.0,40,0.6
36320,908,1.0,1,0.0
36321,908,1.0,2,0.6
36322,908,1.0,3,0.4
36323,908,1.0,4,0.6
36324,908,1.0,5,0.2
36325,908,1.0,6,0.6
36326,908,1.0,7,0.6
36327,908,1.0,8,0.4
36328,908,1.0,9,0.6
36329,908,1.0,10,0.6
36330,908,1.0,11,0.6
36331,908,1.0,12,0.4
36332,908,1.0,13,0.4
36333,908,1.0,14,0.4
36334,908,1.0,15,0.6
36335,908,1.0,16,0.6
36336,908,1.0,17,0.6
36337,908,1.0,18,0.6
36338,908,1.0,19,0.2
36339,908,1.0,20,0.8
36340,908,1.0,21,0.6
36341,908,1.0,22,1.0
36342,908,1.0,23,0.6
36343,908,1.0,24,0.8
36344,908,1.0,25,0.6
36345,908,1.0,26,0.8
36346,908,1.0,27,0.8
36347,908,1.0,28,0.8
36348,908,1.0,29,0.8
36349,908,1.0,30,0.8
36350,908,1.0,31,1.0
36351,908,1.0,32,1.0
36352,908,1.0,33,1.0
36353,908,1.0,34,0.8
36354,908,1.0,35,0.6
36355,908,1.0,36,0.8
36356,908,1.0,37,0.8
36357,908,1.0,38,0.8
36358,908,1.0,39,0.8
36359,908,1.0,40,0.8
36360,909,1.0,1,1.0
36361,909,1.0,2,0.4
36362,909,1.0,3,0.6
36363,909,1.0,4,0.6
36364,909,1.0,5,0.2
36365,909,1.0,6,0.2
36366,909,1.0,7,0.2
36367,909,1.0,8,0.2
36368,909,1.0,9,0.4
36369,909,1.0,10,0.2
36370,909,1.0,11,0.2
36371,909,1.0,12,0.2
36372,909,1.0,13,0.2
36373,909,1.0,14,0.2
36374,909,1.0,15,0.4
36375,909,1.0,16,0.4
36376,909,1.0,17,0.4
36377,909,1.0,18,0.4
36378,909,1.0,19,0.4
36379,909,1.0,20,0.6
36380,909,1.0,21,0.6
36381,909,1.0,22,0.6
36382,909,1.0,23,0.6
36383,909,1.0,24,0.8
36384,909,1.0,25,1.0
36385,909,1.0,26,1.0
36386,909,1.0,27,1.0
36387,909,1.0,28,1.0
36388,909,1.0,29,1.0
36389,909,1.0,30,0.8
36390,909,1.0,31,0.6
36391,909,1.0,32,0.6
36392,909,1.0,33,0.6
36393,909,1.0,34,0.6
36394,909,1.0,35,0.6
36395,909,1.0,36,0.6
36396,909,1.0,37,0.6
36397,909,1.0,38,0.6
36398,909,1.0,39,0.6
36399,909,1.0,40,0.4
36400,910,1.0,1,0.8
36401,910,1.0,2,0.8
36402,910,1.0,3,0.8
36403,910,1.0,4,0.6
36404,910,1.0,5,0.6
36405,910,1.0,6,0.8
36406,910,1.0,7,0.6
36407,910,1.0,8,0.6
36408,910,1.0,9,0.4
36409,910,1.0,10,0.6
36410,910,1.0,11,0.6
36411,910,1.0,12,0.6
36412,910,1.0,13,0.6
36413,910,1.0,14,0.6
36414,910,1.0,15,0.6
36415,910,1.0,16,0.6
36416,910,1.0,17,0.6
36417,910,1.0,18,0.6
36418,910,1.0,19,0.6
36419,910,1.0,20,0.6
36420,910,1.0,21,0.6
36421,910,1.0,22,0.6
36422,910,1.0,23,0.6
36423,910,1.0,24,0.6
36424,910,1.0,25,0.6
36425,910,1.0,26,0.6
36426,910,1.0,27,0.6
36427,910,1.0,28,0.6
36428,910,1.0,29,0.6
36429,910,1.0,30,0.8
36430,910,1.0,31,1.0
36431,910,1.0,32,1.0
36432,910,1.0,33,1.0
36433,910,1.0,34,0.8
36434,910,1.0,35,0.8
36435,910,1.0,36,0.6
36436,910,1.0,37,0.6
36437,910,1.0,38,0.6
36438,910,1.0,39,0.8
36439,910,1.0,40,0.8
36440,911,1.0,1,0.6
36441,911,1.0,2,0.8
36442,911,1.0,3,0.6
36443,911,1.0,4,0.8
36444,911,1.0,5,0.6
36445,911,1.0,6,0.6
36446,911,1.0,7,0.6
36447,911,1.0,8,0.4
36448,911,1.0,9,0.4
36449,911,1.0,10,0.4
36450,911,1.0,11,0.4
36451,911,1.0,12,0.4
36452,911,1.0,13,0.4
36453,911,1.0,14,0.4
36454,911,1.0,15,0.4
36455,911,1.0,16,0.4
36456,911,1.0,17,0.6
36457,911,1.0,18,0.6
36458,911,1.0,19,0.6
36459,911,1.0,20,0.6
36460,911,1.0,21,0.6
36461,911,1.0,22,0.8
36462,911,1.0,23,0.6
36463,911,1.0,24,0.6
36464,911,1.0,25,0.6
36465,911,1.0,26,0.6
36466,911,1.0,27,0.6
36467,911,1.0,28,0.6
36468,911,1.0,29,0.6
36469,911,1.0,30,0.6
36470,911,1.0,31,0.6
36471,911,1.0,32,0.6
36472,911,1.0,33,0.8
36473,911,1.0,34,0.6
36474,911,1.0,35,0.6
36475,911,1.0,36,0.6
36476,911,1.0,37,0.6
36477,911,1.0,38,0.8
36478,911,1.0,39,0.8
36479,911,1.0,40,0.8
36480,912,1.0,1,0.8
36481,912,1.0,2,0.8
36482,912,1.0,3,0.8
36483,912,1.0,4,0.8
36484,912,1.0,5,1.0
36485,912,1.0,6,1.0
36486,912,1.0,7,0.8
36487,912,1.0,8,0.8
36488,912,1.0,9,0.8
36489,912,1.0,10,0.8
36490,912,1.0,11,0.8
36491,912,1.0,12,0.6
36492,912,1.0,13,0.6
36493,912,1.0,14,0.8
36494,912,1.0,15,0.8
36495,912,1.0,16,0.8
36496,912,1.0,17,0.8
36497,912,1.0,18,0.8
36498,912,1.0,19,1.0
36499,912,1.0,20,1.0
36500,912,1.0,21,1.0
36501,912,1.0,22,1.0
36502,912,1.0,23,1.0
36503,912,1.0,24,1.0
36504,912,1.0,25,1.0
36505,912,1.0,26,1.0
36506,912,1.0,27,1.0
36507,912,1.0,28,1.0
36508,912,1.0,29,1.0
36509,912,1.0,30,1.0
36510,912,1.0,31,1.0
36511,912,1.0,32,1.0
36512,912,1.0,33,1.0
36513,912,1.0,34,1.0
36514,912,1.0,35,1.0
36515,912,1.0,36,1.0
36516,912,1.0,37,1.0
36517,912,1.0,38,1.0
36518,912,1.0,39,1.0
36519,912,1.0,40,1.0
36520,913,1.0,1,0.6
36521,913,1.0,2,0.4
36522,913,1.0,3,0.8
36523,913,1.0,4,1.0
36524,913,1.0,5,1.0
36525,913,1.0,6,0.4
36526,913,1.0,7,0.8
36527,913,1.0,8,0.8
36528,913,1.0,9,0.8
36529,913,1.0,10,0.8
36530,913,1.0,11,0.8
36531,913,1.0,12,0.8
36532,913,1.0,13,0.8
36533,913,1.0,14,0.8
36534,913,1.0,15,0.8
36535,913,1.0,16,0.8
36536,913,1.0,17,0.8
36537,913,1.0,18,0.8
36538,913,1.0,19,0.8
36539,913,1.0,20,0.8
36540,913,1.0,21,0.6
36541,913,1.0,22,0.6
36542,913,1.0,23,0.8
36543,913,1.0,24,0.6
36544,913,1.0,25,0.6
36545,913,1.0,26,0.6
36546,913,1.0,27,0.6
36547,913,1.0,28,0.6
36548,913,1.0,29,0.6
36549,913,1.0,30,0.8
36550,913,1.0,31,0.4
36551,913,1.0,32,0.4
36552,913,1.0,33,0.6
36553,913,1.0,34,0.4
36554,913,1.0,35,0.6
36555,913,1.0,36,0.4
36556,913,1.0,37,0.6
36557,913,1.0,38,0.4
36558,913,1.0,39,0.4
36559,913,1.0,40,0.4
36560,914,1.0,1,0.6
36561,914,1.0,2,1.0
36562,914,1.0,3,1.0
36563,914,1.0,4,1.0
36564,914,1.0,5,1.0
36565,914,1.0,6,0.8
36566,914,1.0,7,0.8
36567,914,1.0,8,0.8
36568,914,1.0,9,1.0
36569,914,1.0,10,0.8
36570,914,1.0,11,1.0
36571,914,1.0,12,0.8
36572,914,1.0,13,1.0
36573,914,1.0,14,0.8
36574,914,1.0,15,0.8
36575,914,1.0,16,0.8
36576,914,1.0,17,1.0
36577,914,1.0,18,1.0
36578,914,1.0,19,0.8
36579,914,1.0,20,0.8
36580,914,1.0,21,1.0
36581,914,1.0,22,0.8
36582,914,1.0,23,0.8
36583,914,1.0,24,1.0
36584,914,1.0,25,0.8
36585,914,1.0,26,0.8
36586,914,1.0,27,1.0
36587,914,1.0,28,1.0
36588,914,1.0,29,1.0
36589,914,1.0,30,1.0
36590,914,1.0,31,1.0
36591,914,1.0,32,1.0
36592,914,1.0,33,1.0
36593,914,1.0,34,1.0
36594,914,1.0,35,1.0
36595,914,1.0,36,1.0
36596,914,1.0,37,1.0
36597,914,1.0,38,1.0
36598,914,1.0,39,1.0
36599,914,1.0,40,1.0
36600,915,1.0,1,0.0
36601,915,1.0,2,0.6
36602,915,1.0,3,0.6
36603,915,1.0,4,1.0
36604,915,1.0,5,1.0
36605,915,1.0,6,0.8
36606,915,1.0,7,0.8
36607,915,1.0,8,0.6
36608,915,1.0,9,0.6
36609,915,1.0,10,0.6
36610,915,1.0,11,0.6
36611,915,1.0,12,0.6
36612,915,1.0,13,0.6
36613,915,1.0,14,0.6
36614,915,1.0,15,0.6
36615,915,1.0,16,0.6
36616,915,1.0,17,0.4
36617,915,1.0,18,0.8
36618,915,1.0,19,0.8
36619,915,1.0,20,0.8
36620,915,1.0,21,0.8
36621,915,1.0,22,1.0
36622,915,1.0,23,1.0
36623,915,1.0,24,1.0
36624,915,1.0,25,1.0
36625,915,1.0,26,1.0
36626,915,1.0,27,1.0
36627,915,1.0,28,1.0
36628,915,1.0,29,1.0
36629,915,1.0,30,1.0
36630,915,1.0,31,1.0
36631,915,1.0,32,0.8
36632,915,1.0,33,1.0
36633,915,1.0,34,1.0
36634,915,1.0,35,0.8
36635,915,1.0,36,0.8
36636,915,1.0,37,0.8
36637,915,1.0,38,1.0
36638,915,1.0,39,0.8
36639,915,1.0,40,0.8
36640,916,1.0,1,0.0
36641,916,1.0,2,0.0
36642,916,1.0,3,0.0
36643,916,1.0,4,0.2
36644,916,1.0,5,0.8
36645,916,1.0,6,0.8
36646,916,1.0,7,0.6
36647,916,1.0,8,0.6
36648,916,1.0,9,0.6
36649,916,1.0,10,0.6
36650,916,1.0,11,0.6
36651,916,1.0,12,0.6
36652,916,1.0,13,0.6
36653,916,1.0,14,0.8
36654,916,1.0,15,0.6
36655,916,1.0,16,0.6
36656,916,1.0,17,0.6
36657,916,1.0,18,0.4
36658,916,1.0,19,0.4
36659,916,1.0,20,0.4
36660,916,1.0,21,0.6
36661,916,1.0,22,0.6
36662,916,1.0,23,0.6
36663,916,1.0,24,0.4
36664,916,1.0,25,0.4
36665,916,1.0,26,0.4
36666,916,1.0,27,0.4
36667,916,1.0,28,0.4
36668,916,1.0,29,0.4
36669,916,1.0,30,0.4
36670,916,1.0,31,0.4
36671,916,1.0,32,0.4
36672,916,1.0,33,0.4
36673,916,1.0,34,0.4
36674,916,1.0,35,0.6
36675,916,1.0,36,0.6
36676,916,1.0,37,0.6
36677,916,1.0,38,0.6
36678,916,1.0,39,0.4
36679,916,1.0,40,0.4
36680,917,1.0,1,0.0
36681,917,1.0,2,0.4
36682,917,1.0,3,0.4
36683,917,1.0,4,0.4
36684,917,1.0,5,0.4
36685,917,1.0,6,0.4
36686,917,1.0,7,0.4
36687,917,1.0,8,0.4
36688,917,1.0,9,0.4
36689,917,1.0,10,0.4
36690,917,1.0,11,0.4
36691,917,1.0,12,0.4
36692,917,1.0,13,0.6
36693,917,1.0,14,0.6
36694,917,1.0,15,0.6
36695,917,1.0,16,0.4
36696,917,1.0,17,0.6
36697,917,1.0,18,0.6
36698,917,1.0,19,0.6
36699,917,1.0,20,0.6
36700,917,1.0,21,0.6
36701,917,1.0,22,0.6
36702,917,1.0,23,0.6
36703,917,1.0,24,0.6
36704,917,1.0,25,0.4
36705,917,1.0,26,0.6
36706,917,1.0,27,0.6
36707,917,1.0,28,0.6
36708,917,1.0,29,0.6
36709,917,1.0,30,0.6
36710,917,1.0,31,0.6
36711,917,1.0,32,0.6
36712,917,1.0,33,0.6
36713,917,1.0,34,0.6
36714,917,1.0,35,0.6
36715,917,1.0,36,0.6
36716,917,1.0,37,0.6
36717,917,1.0,38,0.6
36718,917,1.0,39,0.6
36719,917,1.0,40,0.6
36720,918,1.0,1,1.0
36721,918,1.0,2,1.0
36722,918,1.0,3,0.4
36723,918,1.0,4,0.6
36724,918,1.0,5,0.8
36725,918,1.0,6,0.8
36726,918,1.0,7,0.8
36727,918,1.0,8,0.2
36728,918,1.0,9,0.4
36729,918,1.0,10,0.4
36730,918,1.0,11,0.4
36731,918,1.0,12,0.4
36732,918,1.0,13,0.4
36733,918,1.0,14,0.2
36734,918,1.0,15,0.2
36735,918,1.0,16,0.6
36736,918,1.0,17,0.8
36737,918,1.0,18,0.8
36738,918,1.0,19,0.8
36739,918,1.0,20,0.8
36740,918,1.0,21,0.6
36741,918,1.0,22,0.4
36742,918,1.0,23,0.4
36743,918,1.0,24,0.6
36744,918,1.0,25,0.4
36745,918,1.0,26,0.4
36746,918,1.0,27,0.6
36747,918,1.0,28,0.6
36748,918,1.0,29,0.6
36749,918,1.0,30,0.6
36750,918,1.0,31,0.6
36751,918,1.0,32,0.6
36752,918,1.0,33,0.6
36753,918,1.0,34,0.6
36754,918,1.0,35,0.6
36755,918,1.0,36,0.6
36756,918,1.0,37,0.6
36757,918,1.0,38,0.6
36758,918,1.0,39,0.6
36759,918,1.0,40,0.6
36760,919,1.0,1,0.8
36761,919,1.0,2,0.8
36762,919,1.0,3,0.8
36763,919,1.0,4,0.8
36764,919,1.0,5,0.6
36765,919,1.0,6,0.6
36766,919,1.0,7,0.6
36767,919,1.0,8,0.4
36768,919,1.0,9,0.4
36769,919,1.0,10,0.6
36770,919,1.0,11,0.6
36771,919,1.0,12,0.4
36772,919,1.0,13,0.4
36773,919,1.0,14,0.2
36774,919,1.0,15,0.4
36775,919,1.0,16,0.4
36776,919,1.0,17,0.4
36777,919,1.0,18,0.4
36778,919,1.0,19,0.4
36779,919,1.0,20,0.2
36780,919,1.0,21,0.2
36781,919,1.0,22,0.2
36782,919,1.0,23,0.4
36783,919,1.0,24,0.4
36784,919,1.0,25,0.4
36785,919,1.0,26,0.4
36786,919,1.0,27,0.4
36787,919,1.0,28,0.4
36788,919,1.0,29,0.4
36789,919,1.0,30,0.4
36790,919,1.0,31,0.4
36791,919,1.0,32,0.8
36792,919,1.0,33,0.8
36793,919,1.0,34,0.8
36794,919,1.0,35,0.8
36795,919,1.0,36,0.8
36796,919,1.0,37,0.8
36797,919,1.0,38,0.8
36798,919,1.0,39,0.8
36799,919,1.0,40,0.8
36800,920,1.0,1,0.6
36801,920,1.0,2,0.4
36802,920,1.0,3,0.4
36803,920,1.0,4,0.4
36804,920,1.0,5,0.6
36805,920,1.0,6,0.4
36806,920,1.0,7,0.6
36807,920,1.0,8,0.6
36808,920,1.0,9,0.6
36809,920,1.0,10,0.6
36810,920,1.0,11,0.8
36811,920,1.0,12,0.8
36812,920,1.0,13,0.8
36813,920,1.0,14,0.8
36814,920,1.0,15,1.0
36815,920,1.0,16,1.0
36816,920,1.0,17,1.0
36817,920,1.0,18,1.0
36818,920,1.0,19,1.0
36819,920,1.0,20,1.0
36820,920,1.0,21,1.0
36821,920,1.0,22,1.0
36822,920,1.0,23,0.8
36823,920,1.0,24,0.8
36824,920,1.0,25,0.8
36825,920,1.0,26,0.8
36826,920,1.0,27,0.8
36827,920,1.0,28,0.8
36828,920,1.0,29,0.8
36829,920,1.0,30,0.8
36830,920,1.0,31,0.8
36831,920,1.0,32,0.8
36832,920,1.0,33,0.8
36833,920,1.0,34,0.8
36834,920,1.0,35,0.8
36835,920,1.0,36,0.8
36836,920,1.0,37,0.8
36837,920,1.0,38,0.8
36838,920,1.0,39,0.8
36839,920,1.0,40,0.8
36840,921,1.0,1,0.8
36841,921,1.0,2,0.8
36842,921,1.0,3,0.8
36843,921,1.0,4,0.6
36844,921,1.0,5,0.6
36845,921,1.0,6,0.6
36846,921,1.0,7,0.4
36847,921,1.0,8,0.4
36848,921,1.0,9,0.4
36849,921,1.0,10,0.4
36850,921,1.0,11,0.4
36851,921,1.0,12,0.6
36852,921,1.0,13,0.6
36853,921,1.0,14,0.6
36854,921,1.0,15,0.8
36855,921,1.0,16,0.8
36856,921,1.0,17,0.6
36857,921,1.0,18,0.6
36858,921,1.0,19,0.6
36859,921,1.0,20,0.6
36860,921,1.0,21,0.6
36861,921,1.0,22,0.6
36862,921,1.0,23,0.6
36863,921,1.0,24,0.6
36864,921,1.0,25,0.6
36865,921,1.0,26,0.6
36866,921,1.0,27,0.6
36867,921,1.0,28,0.6
36868,921,1.0,29,0.6
36869,921,1.0,30,0.6
36870,921,1.0,31,0.6
36871,921,1.0,32,0.6
36872,921,1.0,33,0.6
36873,921,1.0,34,0.6
36874,921,1.0,35,0.6
36875,921,1.0,36,0.6
36876,921,1.0,37,0.6
36877,921,1.0,38,0.6
36878,921,1.0,39,0.6
36879,921,1.0,40,0.6
36880,922,1.0,1,0.6
36881,922,1.0,2,0.6
36882,922,1.0,3,0.6
36883,922,1.0,4,0.6
36884,922,1.0,5,0.4
36885,922,1.0,6,0.4
36886,922,1.0,7,0.6
36887,922,1.0,8,0.6
36888,922,1.0,9,0.6
36889,922,1.0,10,0.4
36890,922,1.0,11,0.6
36891,922,1.0,12,0.6
36892,922,1.0,13,0.4
36893,922,1.0,14,0.6
36894,922,1.0,15,0.6
36895,922,1.0,16,0.4
36896,922,1.0,17,0.4
36897,922,1.0,18,0.4
36898,922,1.0,19,0.6
36899,922,1.0,20,0.6
36900,922,1.0,21,0.6
36901,922,1.0,22,0.6
36902,922,1.0,23,0.6
36903,922,1.0,24,0.6
36904,922,1.0,25,0.6
36905,922,1.0,26,0.6
36906,922,1.0,27,0.6
36907,922,1.0,28,0.6
36908,922,1.0,29,0.6
36909,922,1.0,30,0.6
36910,922,1.0,31,0.6
36911,922,1.0,32,0.6
36912,922,1.0,33,0.6
36913,922,1.0,34,0.8
36914,922,1.0,35,0.8
36915,922,1.0,36,0.6
36916,922,1.0,37,0.4
36917,922,1.0,38,0.4
36918,922,1.0,39,0.4
36919,922,1.0,40,0.4
36920,923,1.0,1,0.6
36921,923,1.0,2,1.0
36922,923,1.0,3,1.0
36923,923,1.0,4,1.0
36924,923,1.0,5,0.8
36925,923,1.0,6,1.0
36926,923,1.0,7,0.8
36927,923,1.0,8,0.8
36928,923,1.0,9,0.8
36929,923,1.0,10,0.8
36930,923,1.0,11,1.0
36931,923,1.0,12,1.0
36932,923,1.0,13,1.0
36933,923,1.0,14,1.0
36934,923,1.0,15,1.0
36935,923,1.0,16,1.0
36936,923,1.0,17,1.0
36937,923,1.0,18,1.0
36938,923,1.0,19,1.0
36939,923,1.0,20,1.0
36940,923,1.0,21,1.0
36941,923,1.0,22,1.0
36942,923,1.0,23,1.0
36943,923,1.0,24,1.0
36944,923,1.0,25,1.0
36945,923,1.0,26,0.8
36946,923,1.0,27,0.8
36947,923,1.0,28,0.8
36948,923,1.0,29,0.8
36949,923,1.0,30,0.8
36950,923,1.0,31,1.0
36951,923,1.0,32,1.0
36952,923,1.0,33,1.0
36953,923,1.0,34,1.0
36954,923,1.0,35,1.0
36955,923,1.0,36,1.0
36956,923,1.0,37,1.0
36957,923,1.0,38,1.0
36958,923,1.0,39,1.0
36959,923,1.0,40,1.0
36960,924,1.0,1,0.0
36961,924,1.0,2,0.2
36962,924,1.0,3,0.2
36963,924,1.0,4,0.2
36964,924,1.0,5,0.2
36965,924,1.0,6,0.0
36966,924,1.0,7,0.0
36967,924,1.0,8,0.0
36968,924,1.0,9,0.2
36969,924,1.0,10,0.2
36970,924,1.0,11,0.2
36971,924,1.0,12,0.2
36972,924,1.0,13,0.2
36973,924,1.0,14,0.2
36974,924,1.0,15,0.2
36975,924,1.0,16,0.2
36976,924,1.0,17,0.0
36977,924,1.0,18,0.2
36978,924,1.0,19,0.2
36979,924,1.0,20,0.2
36980,924,1.0,21,0.4
36981,924,1.0,22,0.4
36982,924,1.0,23,0.4
36983,924,1.0,24,0.4
36984,924,1.0,25,0.4
36985,924,1.0,26,0.4
36986,924,1.0,27,0.4
36987,924,1.0,28,0.4
36988,924,1.0,29,0.4
36989,924,1.0,30,0.4
36990,924,1.0,31,0.4
36991,924,1.0,32,0.6
36992,924,1.0,33,0.6
36993,924,1.0,34,0.6
36994,924,1.0,35,0.6
36995,924,1.0,36,0.4
36996,924,1.0,37,0.4
36997,924,1.0,38,0.6
36998,924,1.0,39,0.4
36999,924,1.0,40,0.4
37000,925,1.0,1,1.0
37001,925,1.0,2,0.6
37002,925,1.0,3,0.4
37003,925,1.0,4,0.4
37004,925,1.0,5,0.4
37005,925,1.0,6,0.4
37006,925,1.0,7,0.4
37007,925,1.0,8,0.4
37008,925,1.0,9,0.4
37009,925,1.0,10,0.4
37010,925,1.0,11,0.4
37011,925,1.0,12,0.4
37012,925,1.0,13,0.4
37013,925,1.0,14,0.4
37014,925,1.0,15,0.4
37015,925,1.0,16,0.6
37016,925,1.0,17,0.6
37017,925,1.0,18,0.4
37018,925,1.0,19,0.4
37019,925,1.0,20,0.4
37020,925,1.0,21,0.4
37021,925,1.0,22,0.4
37022,925,1.0,23,0.4
37023,925,1.0,24,0.4
37024,925,1.0,25,0.4
37025,925,1.0,26,0.4
37026,925,1.0,27,0.4
37027,925,1.0,28,0.4
37028,925,1.0,29,0.4
37029,925,1.0,30,0.4
37030,925,1.0,31,0.4
37031,925,1.0,32,0.4
37032,925,1.0,33,0.6
37033,925,1.0,34,0.4
37034,925,1.0,35,0.4
37035,925,1.0,36,0.4
37036,925,1.0,37,0.4
37037,925,1.0,38,0.4
37038,925,1.0,39,0.4
37039,925,1.0,40,0.4
37040,926,1.0,1,0.0
37041,926,1.0,2,0.6
37042,926,1.0,3,0.6
37043,926,1.0,4,0.6
37044,926,1.0,5,0.6
37045,926,1.0,6,0.6
37046,926,1.0,7,0.6
37047,926,1.0,8,0.6
37048,926,1.0,9,0.6
37049,926,1.0,10,0.2
37050,926,1.0,11,0.2
37051,926,1.0,12,0.6
37052,926,1.0,13,0.6
37053,926,1.0,14,0.6
37054,926,1.0,15,0.6
37055,926,1.0,16,0.6
37056,926,1.0,17,0.6
37057,926,1.0,18,0.6
37058,926,1.0,19,0.6
37059,926,1.0,20,0.6
37060,926,1.0,21,0.6
37061,926,1.0,22,0.6
37062,926,1.0,23,0.6
37063,926,1.0,24,0.6
37064,926,1.0,25,0.8
37065,926,1.0,26,1.0
37066,926,1.0,27,1.0
37067,926,1.0,28,1.0
37068,926,1.0,29,1.0
37069,926,1.0,30,1.0
37070,926,1.0,31,1.0
37071,926,1.0,32,1.0
37072,926,1.0,33,1.0
37073,926,1.0,34,1.0
37074,926,1.0,35,0.8
37075,926,1.0,36,0.8
37076,926,1.0,37,0.8
37077,926,1.0,38,1.0
37078,926,1.0,39,1.0
37079,926,1.0,40,1.0
37080,927,1.0,1,1.0
37081,927,1.0,2,1.0
37082,927,1.0,3,0.8
37083,927,1.0,4,0.8
37084,927,1.0,5,0.6
37085,927,1.0,6,0.4
37086,927,1.0,7,0.4
37087,927,1.0,8,0.4
37088,927,1.0,9,0.4
37089,927,1.0,10,0.4
37090,927,1.0,11,0.4
37091,927,1.0,12,0.4
37092,927,1.0,13,0.8
37093,927,1.0,14,0.8
37094,927,1.0,15,0.8
37095,927,1.0,16,0.8
37096,927,1.0,17,0.8
37097,927,1.0,18,0.2
37098,927,1.0,19,0.4
37099,927,1.0,20,0.4
37100,927,1.0,21,0.4
37101,927,1.0,22,0.4
37102,927,1.0,23,0.4
37103,927,1.0,24,0.6
37104,927,1.0,25,0.6
37105,927,1.0,26,0.4
37106,927,1.0,27,0.4
37107,927,1.0,28,0.4
37108,927,1.0,29,0.6
37109,927,1.0,30,0.4
37110,927,1.0,31,0.4
37111,927,1.0,32,0.4
37112,927,1.0,33,0.4
37113,927,1.0,34,0.4
37114,927,1.0,35,0.4
37115,927,1.0,36,0.4
37116,927,1.0,37,0.6
37117,927,1.0,38,0.6
37118,927,1.0,39,0.6
37119,927,1.0,40,0.6
37120,928,1.0,1,0.8
37121,928,1.0,2,0.8
37122,928,1.0,3,0.8
37123,928,1.0,4,0.4
37124,928,1.0,5,0.4
37125,928,1.0,6,1.0
37126,928,1.0,7,0.8
37127,928,1.0,8,0.4
37128,928,1.0,9,0.4
37129,928,1.0,10,0.4
37130,928,1.0,11,0.4
37131,928,1.0,12,0.4
37132,928,1.0,13,0.4
37133,928,1.0,14,0.4
37134,928,1.0,15,0.8
37135,928,1.0,16,0.8
37136,928,1.0,17,0.6
37137,928,1.0,18,0.6
37138,928,1.0,19,0.6
37139,928,1.0,20,0.6
37140,928,1.0,21,1.0
37141,928,1.0,22,0.8
37142,928,1.0,23,0.8
37143,928,1.0,24,0.8
37144,928,1.0,25,0.8
37145,928,1.0,26,0.8
37146,928,1.0,27,0.8
37147,928,1.0,28,0.8
37148,928,1.0,29,0.6
37149,928,1.0,30,0.6
37150,928,1.0,31,0.4
37151,928,1.0,32,0.4
37152,928,1.0,33,0.4
37153,928,1.0,34,0.4
37154,928,1.0,35,0.4
37155,928,1.0,36,0.4
37156,928,1.0,37,0.4
37157,928,1.0,38,0.4
37158,928,1.0,39,0.4
37159,928,1.0,40,0.4
37160,929,1.0,1,0.6
37161,929,1.0,2,0.4
37162,929,1.0,3,0.6
37163,929,1.0,4,1.0
37164,929,1.0,5,0.6
37165,929,1.0,6,0.6
37166,929,1.0,7,0.4
37167,929,1.0,8,0.4
37168,929,1.0,9,0.4
37169,929,1.0,10,0.4
37170,929,1.0,11,0.4
37171,929,1.0,12,0.4
37172,929,1.0,13,0.4
37173,929,1.0,14,0.4
37174,929,1.0,15,0.4
37175,929,1.0,16,0.4
37176,929,1.0,17,0.6
37177,929,1.0,18,0.6
37178,929,1.0,19,0.6
37179,929,1.0,20,0.6
37180,929,1.0,21,0.6
37181,929,1.0,22,0.8
37182,929,1.0,23,0.8
37183,929,1.0,24,0.8
37184,929,1.0,25,0.8
37185,929,1.0,26,1.0
37186,929,1.0,27,1.0
37187,929,1.0,28,0.8
37188,929,1.0,29,0.8
37189,929,1.0,30,0.8
37190,929,1.0,31,0.6
37191,929,1.0,32,0.8
37192,929,1.0,33,0.8
37193,929,1.0,34,0.6
37194,929,1.0,35,0.6
37195,929,1.0,36,0.8
37196,929,1.0,37,0.8
37197,929,1.0,38,0.8
37198,929,1.0,39,0.6
37199,929,1.0,40,0.6
37200,930,1.0,1,0.8
37201,930,1.0,2,0.8
37202,930,1.0,3,0.6
37203,930,1.0,4,1.0
37204,930,1.0,5,0.8
37205,930,1.0,6,0.6
37206,930,1.0,7,0.6
37207,930,1.0,8,0.6
37208,930,1.0,9,0.6
37209,930,1.0,10,0.6
37210,930,1.0,11,0.6
37211,930,1.0,12,0.2
37212,930,1.0,13,0.2
37213,930,1.0,14,0.2
37214,930,1.0,15,0.2
37215,930,1.0,16,0.2
37216,930,1.0,17,0.2
37217,930,1.0,18,0.2
37218,930,1.0,19,0.2
37219,930,1.0,20,0.2
37220,930,1.0,21,0.2
37221,930,1.0,22,0.2
37222,930,1.0,23,0.2
37223,930,1.0,24,0.6
37224,930,1.0,25,0.6
37225,930,1.0,26,0.6
37226,930,1.0,27,0.6
37227,930,1.0,28,0.6
37228,930,1.0,29,0.6
37229,930,1.0,30,0.6
37230,930,1.0,31,0.6
37231,930,1.0,32,0.6
37232,930,1.0,33,0.6
37233,930,1.0,34,0.6
37234,930,1.0,35,0.6
37235,930,1.0,36,0.4
37236,930,1.0,37,0.4
37237,930,1.0,38,0.4
37238,930,1.0,39,0.4
37239,930,1.0,40,0.4
37240,931,1.0,1,0.6
37241,931,1.0,2,0.6
37242,931,1.0,3,0.6
37243,931,1.0,4,0.6
37244,931,1.0,5,0.4
37245,931,1.0,6,0.8
37246,931,1.0,7,0.8
37247,931,1.0,8,0.8
37248,931,1.0,9,0.6
37249,931,1.0,10,0.6
37250,931,1.0,11,0.6
37251,931,1.0,12,0.4
37252,931,1.0,13,0.4
37253,931,1.0,14,0.4
37254,931,1.0,15,0.4
37255,931,1.0,16,0.4
37256,931,1.0,17,0.4
37257,931,1.0,18,0.4
37258,931,1.0,19,0.4
37259,931,1.0,20,0.4
37260,931,1.0,21,0.4
37261,931,1.0,22,0.4
37262,931,1.0,23,0.4
37263,931,1.0,24,0.4
37264,931,1.0,25,0.4
37265,931,1.0,26,0.4
37266,931,1.0,27,0.4
37267,931,1.0,28,0.4
37268,931,1.0,29,0.6
37269,931,1.0,30,0.4
37270,931,1.0,31,0.4
37271,931,1.0,32,0.6
37272,931,1.0,33,0.6
37273,931,1.0,34,0.6
37274,931,1.0,35,0.6
37275,931,1.0,36,0.4
37276,931,1.0,37,0.4
37277,931,1.0,38,0.4
37278,931,1.0,39,0.4
37279,931,1.0,40,0.4
37280,932,1.0,1,0.6
37281,932,1.0,2,0.8
37282,932,1.0,3,0.6
37283,932,1.0,4,1.0
37284,932,1.0,5,0.6
37285,932,1.0,6,0.6
37286,932,1.0,7,0.6
37287,932,1.0,8,0.4
37288,932,1.0,9,0.2
37289,932,1.0,10,0.6
37290,932,1.0,11,1.0
37291,932,1.0,12,0.8
37292,932,1.0,13,0.8
37293,932,1.0,14,0.6
37294,932,1.0,15,0.6
37295,932,1.0,16,0.6
37296,932,1.0,17,0.8
37297,932,1.0,18,0.6
37298,932,1.0,19,0.6
37299,932,1.0,20,0.6
37300,932,1.0,21,0.4
37301,932,1.0,22,0.6
37302,932,1.0,23,0.8
37303,932,1.0,24,0.6
37304,932,1.0,25,0.6
37305,932,1.0,26,0.8
37306,932,1.0,27,0.8
37307,932,1.0,28,0.8
37308,932,1.0,29,0.8
37309,932,1.0,30,0.8
37310,932,1.0,31,1.0
37311,932,1.0,32,1.0
37312,932,1.0,33,1.0
37313,932,1.0,34,1.0
37314,932,1.0,35,0.6
37315,932,1.0,36,0.6
37316,932,1.0,37,0.8
37317,932,1.0,38,0.8
37318,932,1.0,39,0.8
37319,932,1.0,40,0.6
37320,933,1.0,1,0.0
37321,933,1.0,2,0.4
37322,933,1.0,3,0.4
37323,933,1.0,4,0.4
37324,933,1.0,5,0.4
37325,933,1.0,6,0.6
37326,933,1.0,7,0.6
37327,933,1.0,8,0.6
37328,933,1.0,9,0.6
37329,933,1.0,10,0.4
37330,933,1.0,11,0.4
37331,933,1.0,12,0.4
37332,933,1.0,13,0.6
37333,933,1.0,14,0.6
37334,933,1.0,15,0.6
37335,933,1.0,16,0.6
37336,933,1.0,17,0.6
37337,933,1.0,18,0.6
37338,933,1.0,19,0.6
37339,933,1.0,20,0.6
37340,933,1.0,21,0.6
37341,933,1.0,22,0.6
37342,933,1.0,23,0.6
37343,933,1.0,24,0.4
37344,933,1.0,25,0.4
37345,933,1.0,26,0.4
37346,933,1.0,27,0.4
37347,933,1.0,28,0.4
37348,933,1.0,29,0.4
37349,933,1.0,30,0.4
37350,933,1.0,31,0.4
37351,933,1.0,32,0.4
37352,933,1.0,33,0.4
37353,933,1.0,34,0.4
37354,933,1.0,35,0.4
37355,933,1.0,36,0.4
37356,933,1.0,37,0.4
37357,933,1.0,38,0.4
37358,933,1.0,39,0.4
37359,933,1.0,40,0.6
37360,934,1.0,1,1.0
37361,934,1.0,2,0.4
37362,934,1.0,3,0.8
37363,934,1.0,4,0.8
37364,934,1.0,5,0.6
37365,934,1.0,6,0.6
37366,934,1.0,7,0.8
37367,934,1.0,8,0.8
37368,934,1.0,9,0.8
37369,934,1.0,10,0.8
37370,934,1.0,11,1.0
37371,934,1.0,12,1.0
37372,934,1.0,13,1.0
37373,934,1.0,14,0.4
37374,934,1.0,15,0.4
37375,934,1.0,16,0.4
37376,934,1.0,17,0.4
37377,934,1.0,18,0.4
37378,934,1.0,19,0.2
37379,934,1.0,20,0.2
37380,934,1.0,21,0.2
37381,934,1.0,22,0.6
37382,934,1.0,23,0.6
37383,934,1.0,24,0.6
37384,934,1.0,25,0.6
37385,934,1.0,26,0.4
37386,934,1.0,27,0.4
37387,934,1.0,28,0.4
37388,934,1.0,29,0.4
37389,934,1.0,30,0.4
37390,934,1.0,31,0.4
37391,934,1.0,32,0.4
37392,934,1.0,33,0.4
37393,934,1.0,34,0.4
37394,934,1.0,35,0.4
37395,934,1.0,36,0.4
37396,934,1.0,37,0.4
37397,934,1.0,38,0.6
37398,934,1.0,39,0.6
37399,934,1.0,40,0.6
37400,935,1.0,1,0.0
37401,935,1.0,2,1.0
37402,935,1.0,3,0.8
37403,935,1.0,4,1.0
37404,935,1.0,5,1.0
37405,935,1.0,6,1.0
37406,935,1.0,7,0.8
37407,935,1.0,8,1.0
37408,935,1.0,9,1.0
37409,935,1.0,10,1.0
37410,935,1.0,11,1.0
37411,935,1.0,12,1.0
37412,935,1.0,13,1.0
37413,935,1.0,14,0.8
37414,935,1.0,15,0.8
37415,935,1.0,16,0.8
37416,935,1.0,17,0.8
37417,935,1.0,18,0.8
37418,935,1.0,19,0.8
37419,935,1.0,20,0.6
37420,935,1.0,21,0.8
37421,935,1.0,22,0.4
37422,935,1.0,23,0.8
37423,935,1.0,24,1.0
37424,935,1.0,25,0.8
37425,935,1.0,26,0.8
37426,935,1.0,27,0.8
37427,935,1.0,28,0.6
37428,935,1.0,29,0.8
37429,935,1.0,30,0.8
37430,935,1.0,31,0.8
37431,935,1.0,32,0.8
37432,935,1.0,33,1.0
37433,935,1.0,34,1.0
37434,935,1.0,35,1.0
37435,935,1.0,36,1.0
37436,935,1.0,37,1.0
37437,935,1.0,38,1.0
37438,935,1.0,39,1.0
37439,935,1.0,40,1.0
37440,936,1.0,1,1.0
37441,936,1.0,2,1.0
37442,936,1.0,3,1.0
37443,936,1.0,4,0.8
37444,936,1.0,5,0.8
37445,936,1.0,6,0.4
37446,936,1.0,7,0.4
37447,936,1.0,8,0.6
37448,936,1.0,9,0.8
37449,936,1.0,10,0.6
37450,936,1.0,11,0.8
37451,936,1.0,12,0.6
37452,936,1.0,13,0.6
37453,936,1.0,14,0.6
37454,936,1.0,15,0.6
37455,936,1.0,16,0.8
37456,936,1.0,17,0.6
37457,936,1.0,18,0.6
37458,936,1.0,19,0.6
37459,936,1.0,20,0.6
37460,936,1.0,21,0.8
37461,936,1.0,22,0.8
37462,936,1.0,23,0.8
37463,936,1.0,24,0.8
37464,936,1.0,25,0.8
37465,936,1.0,26,0.8
37466,936,1.0,27,0.8
37467,936,1.0,28,0.8
37468,936,1.0,29,0.8
37469,936,1.0,30,1.0
37470,936,1.0,31,1.0
37471,936,1.0,32,1.0
37472,936,1.0,33,1.0
37473,936,1.0,34,1.0
37474,936,1.0,35,1.0
37475,936,1.0,36,1.0
37476,936,1.0,37,1.0
37477,936,1.0,38,1.0
37478,936,1.0,39,1.0
37479,936,1.0,40,1.0
37480,937,1.0,1,0.8
37481,937,1.0,2,0.8
37482,937,1.0,3,0.8
37483,937,1.0,4,0.8
37484,937,1.0,5,0.8
37485,937,1.0,6,0.6
37486,937,1.0,7,0.8
37487,937,1.0,8,0.8
37488,937,1.0,9,1.0
37489,937,1.0,10,1.0
37490,937,1.0,11,1.0
37491,937,1.0,12,1.0
37492,937,1.0,13,1.0
37493,937,1.0,14,1.0
37494,937,1.0,15,1.0
37495,937,1.0,16,1.0
37496,937,1.0,17,1.0
37497,937,1.0,18,0.2
37498,937,1.0,19,0.2
37499,937,1.0,20,0.2
37500,937,1.0,21,1.0
37501,937,1.0,22,0.8
37502,937,1.0,23,0.8
37503,937,1.0,24,1.0
37504,937,1.0,25,0.8
37505,937,1.0,26,1.0
37506,937,1.0,27,1.0
37507,937,1.0,28,1.0
37508,937,1.0,29,1.0
37509,937,1.0,30,1.0
37510,937,1.0,31,1.0
37511,937,1.0,32,1.0
37512,937,1.0,33,1.0
37513,937,1.0,34,1.0
37514,937,1.0,35,1.0
37515,937,1.0,36,1.0
37516,937,1.0,37,1.0
37517,937,1.0,38,1.0
37518,937,1.0,39,1.0
37519,937,1.0,40,1.0
37520,938,1.0,1,0.6
37521,938,1.0,2,0.6
37522,938,1.0,3,0.4
37523,938,1.0,4,0.4
37524,938,1.0,5,0.6
37525,938,1.0,6,0.6
37526,938,1.0,7,0.6
37527,938,1.0,8,0.6
37528,938,1.0,9,0.8
37529,938,1.0,10,1.0
37530,938,1.0,11,0.8
37531,938,1.0,12,0.8
37532,938,1.0,13,0.8
37533,938,1.0,14,1.0
37534,938,1.0,15,1.0
37535,938,1.0,16,1.0
37536,938,1.0,17,0.4
37537,938,1.0,18,0.4
37538,938,1.0,19,0.4
37539,938,1.0,20,0.4
37540,938,1.0,21,0.4
37541,938,1.0,22,0.6
37542,938,1.0,23,0.6
37543,938,1.0,24,0.6
37544,938,1.0,25,0.6
37545,938,1.0,26,0.6
37546,938,1.0,27,0.6
37547,938,1.0,28,0.6
37548,938,1.0,29,0.8
37549,938,1.0,30,0.8
37550,938,1.0,31,0.8
37551,938,1.0,32,0.8
37552,938,1.0,33,0.8
37553,938,1.0,34,0.8
37554,938,1.0,35,0.8
37555,938,1.0,36,0.8
37556,938,1.0,37,1.0
37557,938,1.0,38,1.0
37558,938,1.0,39,1.0
37559,938,1.0,40,1.0
37560,939,1.0,1,0.0
37561,939,1.0,2,0.2
37562,939,1.0,3,0.0
37563,939,1.0,4,0.2
37564,939,1.0,5,0.6
37565,939,1.0,6,0.6
37566,939,1.0,7,0.6
37567,939,1.0,8,0.6
37568,939,1.0,9,0.6
37569,939,1.0,10,0.6
37570,939,1.0,11,0.6
37571,939,1.0,12,0.6
37572,939,1.0,13,0.6
37573,939,1.0,14,0.6
37574,939,1.0,15,0.6
37575,939,1.0,16,0.6
37576,939,1.0,17,0.6
37577,939,1.0,18,0.6
37578,939,1.0,19,0.4
37579,939,1.0,20,0.6
37580,939,1.0,21,0.6
37581,939,1.0,22,0.4
37582,939,1.0,23,0.4
37583,939,1.0,24,0.4
37584,939,1.0,25,0.6
37585,939,1.0,26,0.6
37586,939,1.0,27,0.6
37587,939,1.0,28,0.6
37588,939,1.0,29,0.4
37589,939,1.0,30,0.4
37590,939,1.0,31,0.4
37591,939,1.0,32,0.4
37592,939,1.0,33,0.4
37593,939,1.0,34,0.4
37594,939,1.0,35,0.4
37595,939,1.0,36,0.4
37596,939,1.0,37,0.4
37597,939,1.0,38,0.4
37598,939,1.0,39,0.4
37599,939,1.0,40,0.4
37600,940,1.0,1,0.6
37601,940,1.0,2,0.6
37602,940,1.0,3,0.6
37603,940,1.0,4,0.6
37604,940,1.0,5,0.6
37605,940,1.0,6,0.6
37606,940,1.0,7,0.8
37607,940,1.0,8,0.6
37608,940,1.0,9,0.4
37609,940,1.0,10,0.4
37610,940,1.0,11,0.8
37611,940,1.0,12,0.6
37612,940,1.0,13,0.6
37613,940,1.0,14,1.0
37614,940,1.0,15,1.0
37615,940,1.0,16,1.0
37616,940,1.0,17,1.0
37617,940,1.0,18,0.8
37618,940,1.0,19,1.0
37619,940,1.0,20,1.0
37620,940,1.0,21,1.0
37621,940,1.0,22,1.0
37622,940,1.0,23,0.8
37623,940,1.0,24,0.8
37624,940,1.0,25,0.8
37625,940,1.0,26,1.0
37626,940,1.0,27,1.0
37627,940,1.0,28,1.0
37628,940,1.0,29,1.0
37629,940,1.0,30,0.8
37630,940,1.0,31,0.8
37631,940,1.0,32,1.0
37632,940,1.0,33,1.0
37633,940,1.0,34,1.0
37634,940,1.0,35,0.8
37635,940,1.0,36,0.8
37636,940,1.0,37,0.8
37637,940,1.0,38,0.6
37638,940,1.0,39,0.8
37639,940,1.0,40,0.6
37640,941,1.0,1,0.6
37641,941,1.0,2,0.4
37642,941,1.0,3,0.2
37643,941,1.0,4,0.4
37644,941,1.0,5,0.4
37645,941,1.0,6,0.4
37646,941,1.0,7,0.4
37647,941,1.0,8,0.4
37648,941,1.0,9,0.4
37649,941,1.0,10,0.4
37650,941,1.0,11,0.4
37651,941,1.0,12,0.4
37652,941,1.0,13,0.4
37653,941,1.0,14,0.4
37654,941,1.0,15,0.6
37655,941,1.0,16,0.6
37656,941,1.0,17,0.6
37657,941,1.0,18,0.6
37658,941,1.0,19,0.4
37659,941,1.0,20,0.6
37660,941,1.0,21,0.6
37661,941,1.0,22,0.6
37662,941,1.0,23,0.6
37663,941,1.0,24,0.6
37664,941,1.0,25,0.6
37665,941,1.0,26,0.6
37666,941,1.0,27,0.6
37667,941,1.0,28,0.6
37668,941,1.0,29,0.6
37669,941,1.0,30,0.6
37670,941,1.0,31,0.6
37671,941,1.0,32,0.6
37672,941,1.0,33,0.6
37673,941,1.0,34,0.6
37674,941,1.0,35,0.6
37675,941,1.0,36,0.6
37676,941,1.0,37,0.6
37677,941,1.0,38,0.6
37678,941,1.0,39,0.6
37679,941,1.0,40,0.6
37680,942,1.0,1,0.0
37681,942,1.0,2,0.4
37682,942,1.0,3,0.4
37683,942,1.0,4,0.6
37684,942,1.0,5,0.8
37685,942,1.0,6,0.8
37686,942,1.0,7,0.8
37687,942,1.0,8,0.8
37688,942,1.0,9,0.8
37689,942,1.0,10,0.8
37690,942,1.0,11,0.8
37691,942,1.0,12,0.8
37692,942,1.0,13,0.4
37693,942,1.0,14,0.4
37694,942,1.0,15,0.4
37695,942,1.0,16,0.4
37696,942,1.0,17,0.4
37697,942,1.0,18,0.4
37698,942,1.0,19,0.4
37699,942,1.0,20,0.4
37700,942,1.0,21,0.4
37701,942,1.0,22,0.4
37702,942,1.0,23,0.4
37703,942,1.0,24,0.4
37704,942,1.0,25,0.6
37705,942,1.0,26,0.6
37706,942,1.0,27,0.6
37707,942,1.0,28,0.6
37708,942,1.0,29,0.6
37709,942,1.0,30,0.6
37710,942,1.0,31,0.6
37711,942,1.0,32,0.6
37712,942,1.0,33,0.6
37713,942,1.0,34,0.6
37714,942,1.0,35,0.6
37715,942,1.0,36,0.6
37716,942,1.0,37,0.6
37717,942,1.0,38,0.6
37718,942,1.0,39,0.6
37719,942,1.0,40,0.6
37720,943,1.0,1,1.0
37721,943,1.0,2,1.0
37722,943,1.0,3,1.0
37723,943,1.0,4,0.6
37724,943,1.0,5,0.6
37725,943,1.0,6,0.6
37726,943,1.0,7,0.4
37727,943,1.0,8,0.8
37728,943,1.0,9,0.8
37729,943,1.0,10,0.8
37730,943,1.0,11,0.6
37731,943,1.0,12,0.6
37732,943,1.0,13,0.6
37733,943,1.0,14,0.6
37734,943,1.0,15,0.6
37735,943,1.0,16,0.6
37736,943,1.0,17,0.6
37737,943,1.0,18,0.4
37738,943,1.0,19,0.4
37739,943,1.0,20,0.8
37740,943,1.0,21,0.6
37741,943,1.0,22,0.6
37742,943,1.0,23,1.0
37743,943,1.0,24,1.0
37744,943,1.0,25,1.0
37745,943,1.0,26,1.0
37746,943,1.0,27,1.0
37747,943,1.0,28,1.0
37748,943,1.0,29,1.0
37749,943,1.0,30,1.0
37750,943,1.0,31,1.0
37751,943,1.0,32,1.0
37752,943,1.0,33,0.8
37753,943,1.0,34,0.8
37754,943,1.0,35,0.6
37755,943,1.0,36,0.6
37756,943,1.0,37,0.6
37757,943,1.0,38,0.6
37758,943,1.0,39,0.8
37759,943,1.0,40,0.8
37760,944,1.0,1,0.0
37761,944,1.0,2,0.4
37762,944,1.0,3,0.4
37763,944,1.0,4,0.4
37764,944,1.0,5,0.4
37765,944,1.0,6,0.4
37766,944,1.0,7,0.6
37767,944,1.0,8,0.6
37768,944,1.0,9,0.6
37769,944,1.0,10,0.4
37770,944,1.0,11,0.4
37771,944,1.0,12,0.8
37772,944,1.0,13,0.8
37773,944,1.0,14,0.8
37774,944,1.0,15,0.8
37775,944,1.0,16,0.8
37776,944,1.0,17,0.8
37777,944,1.0,18,0.8
37778,944,1.0,19,0.8
37779,944,1.0,20,0.8
37780,944,1.0,21,0.8
37781,944,1.0,22,0.8
37782,944,1.0,23,0.8
37783,944,1.0,24,0.8
37784,944,1.0,25,0.8
37785,944,1.0,26,0.8
37786,944,1.0,27,0.8
37787,944,1.0,28,0.8
37788,944,1.0,29,1.0
37789,944,1.0,30,1.0
37790,944,1.0,31,1.0
37791,944,1.0,32,1.0
37792,944,1.0,33,1.0
37793,944,1.0,34,1.0
37794,944,1.0,35,1.0
37795,944,1.0,36,1.0
37796,944,1.0,37,1.0
37797,944,1.0,38,1.0
37798,944,1.0,39,1.0
37799,944,1.0,40,1.0
37800,945,1.0,1,1.0
37801,945,1.0,2,1.0
37802,945,1.0,3,0.6
37803,945,1.0,4,0.6
37804,945,1.0,5,0.8
37805,945,1.0,6,1.0
37806,945,1.0,7,1.0
37807,945,1.0,8,1.0
37808,945,1.0,9,1.0
37809,945,1.0,10,1.0
37810,945,1.0,11,0.8
37811,945,1.0,12,1.0
37812,945,1.0,13,1.0
37813,945,1.0,14,0.2
37814,945,1.0,15,0.2
37815,945,1.0,16,1.0
37816,945,1.0,17,0.8
37817,945,1.0,18,0.8
37818,945,1.0,19,0.8
37819,945,1.0,20,0.8
37820,945,1.0,21,0.8
37821,945,1.0,22,0.8
37822,945,1.0,23,0.8
37823,945,1.0,24,0.8
37824,945,1.0,25,0.8
37825,945,1.0,26,0.8
37826,945,1.0,27,0.8
37827,945,1.0,28,0.8
37828,945,1.0,29,0.8
37829,945,1.0,30,0.6
37830,945,1.0,31,0.6
37831,945,1.0,32,0.6
37832,945,1.0,33,0.8
37833,945,1.0,34,1.0
37834,945,1.0,35,1.0
37835,945,1.0,36,1.0
37836,945,1.0,37,1.0
37837,945,1.0,38,1.0
37838,945,1.0,39,0.8
37839,945,1.0,40,0.8
37840,946,1.0,1,0.8
37841,946,1.0,2,0.4
37842,946,1.0,3,0.6
37843,946,1.0,4,0.6
37844,946,1.0,5,0.6
37845,946,1.0,6,0.8
37846,946,1.0,7,0.8
37847,946,1.0,8,0.8
37848,946,1.0,9,0.8
37849,946,1.0,10,0.8
37850,946,1.0,11,0.8
37851,946,1.0,12,0.8
37852,946,1.0,13,0.8
37853,946,1.0,14,0.8
37854,946,1.0,15,0.8
37855,946,1.0,16,0.8
37856,946,1.0,17,0.8
37857,946,1.0,18,0.8
37858,946,1.0,19,0.8
37859,946,1.0,20,0.8
37860,946,1.0,21,0.4
37861,946,1.0,22,0.4
37862,946,1.0,23,0.4
37863,946,1.0,24,0.8
37864,946,1.0,25,1.0
37865,946,1.0,26,1.0
37866,946,1.0,27,1.0
37867,946,1.0,28,1.0
37868,946,1.0,29,1.0
37869,946,1.0,30,0.6
37870,946,1.0,31,0.6
37871,946,1.0,32,0.6
37872,946,1.0,33,0.4
37873,946,1.0,34,0.6
37874,946,1.0,35,0.8
37875,946,1.0,36,0.8
37876,946,1.0,37,0.8
37877,946,1.0,38,0.8
37878,946,1.0,39,0.8
37879,946,1.0,40,0.8
37880,947,1.0,1,0.6
37881,947,1.0,2,0.4
37882,947,1.0,3,0.6
37883,947,1.0,4,0.4
37884,947,1.0,5,0.4
37885,947,1.0,6,0.2
37886,947,1.0,7,0.4
37887,947,1.0,8,0.6
37888,947,1.0,9,0.4
37889,947,1.0,10,0.6
37890,947,1.0,11,1.0
37891,947,1.0,12,1.0
37892,947,1.0,13,0.6
37893,947,1.0,14,0.6
37894,947,1.0,15,0.2
37895,947,1.0,16,0.4
37896,947,1.0,17,0.4
37897,947,1.0,18,0.6
37898,947,1.0,19,0.6
37899,947,1.0,20,0.6
37900,947,1.0,21,0.6
37901,947,1.0,22,0.6
37902,947,1.0,23,0.6
37903,947,1.0,24,0.6
37904,947,1.0,25,0.6
37905,947,1.0,26,0.6
37906,947,1.0,27,0.6
37907,947,1.0,28,0.6
37908,947,1.0,29,0.6
37909,947,1.0,30,0.6
37910,947,1.0,31,0.6
37911,947,1.0,32,0.6
37912,947,1.0,33,0.8
37913,947,1.0,34,0.8
37914,947,1.0,35,0.8
37915,947,1.0,36,0.8
37916,947,1.0,37,0.6
37917,947,1.0,38,0.6
37918,947,1.0,39,0.8
37919,947,1.0,40,0.8
37920,948,1.0,1,0.8
37921,948,1.0,2,0.8
37922,948,1.0,3,0.4
37923,948,1.0,4,0.6
37924,948,1.0,5,0.6
37925,948,1.0,6,0.0
37926,948,1.0,7,0.2
37927,948,1.0,8,0.2
37928,948,1.0,9,0.4
37929,948,1.0,10,0.2
37930,948,1.0,11,0.2
37931,948,1.0,12,0.2
37932,948,1.0,13,0.4
37933,948,1.0,14,0.4
37934,948,1.0,15,0.4
37935,948,1.0,16,0.4
37936,948,1.0,17,0.6
37937,948,1.0,18,0.6
37938,948,1.0,19,0.6
37939,948,1.0,20,0.6
37940,948,1.0,21,0.6
37941,948,1.0,22,0.6
37942,948,1.0,23,0.8
37943,948,1.0,24,0.8
37944,948,1.0,25,0.8
37945,948,1.0,26,0.8
37946,948,1.0,27,0.4
37947,948,1.0,28,0.4
37948,948,1.0,29,0.4
37949,948,1.0,30,0.4
37950,948,1.0,31,0.2
37951,948,1.0,32,0.4
37952,948,1.0,33,0.4
37953,948,1.0,34,0.4
37954,948,1.0,35,0.4
37955,948,1.0,36,0.4
37956,948,1.0,37,0.4
37957,948,1.0,38,0.4
37958,948,1.0,39,0.4
37959,948,1.0,40,0.4
37960,949,1.0,1,0.6
37961,949,1.0,2,0.6
37962,949,1.0,3,0.6
37963,949,1.0,4,0.6
37964,949,1.0,5,0.8
37965,949,1.0,6,0.8
37966,949,1.0,7,0.8
37967,949,1.0,8,0.6
37968,949,1.0,9,0.6
37969,949,1.0,10,0.8
37970,949,1.0,11,0.8
37971,949,1.0,12,0.6
37972,949,1.0,13,0.8
37973,949,1.0,14,0.4
37974,949,1.0,15,0.4
37975,949,1.0,16,0.4
37976,949,1.0,17,0.6
37977,949,1.0,18,0.2
37978,949,1.0,19,0.2
37979,949,1.0,20,0.4
37980,949,1.0,21,0.4
37981,949,1.0,22,0.4
37982,949,1.0,23,0.8
37983,949,1.0,24,0.8
37984,949,1.0,25,0.8
37985,949,1.0,26,0.6
37986,949,1.0,27,0.6
37987,949,1.0,28,0.6
37988,949,1.0,29,0.6
37989,949,1.0,30,0.6
37990,949,1.0,31,0.6
37991,949,1.0,32,0.6
37992,949,1.0,33,0.6
37993,949,1.0,34,0.6
37994,949,1.0,35,0.4
37995,949,1.0,36,0.4
37996,949,1.0,37,0.4
37997,949,1.0,38,0.6
37998,949,1.0,39,0.8
37999,949,1.0,40,0.8
38000,950,1.0,1,0.6
38001,950,1.0,2,0.6
38002,950,1.0,3,0.6
38003,950,1.0,4,0.6
38004,950,1.0,5,0.8
38005,950,1.0,6,0.8
38006,950,1.0,7,0.8
38007,950,1.0,8,0.8
38008,950,1.0,9,0.8
38009,950,1.0,10,0.6
38010,950,1.0,11,0.6
38011,950,1.0,12,0.6
38012,950,1.0,13,0.6
38013,950,1.0,14,0.6
38014,950,1.0,15,0.6
38015,950,1.0,16,0.6
38016,950,1.0,17,0.8
38017,950,1.0,18,0.8
38018,950,1.0,19,0.8
38019,950,1.0,20,1.0
38020,950,1.0,21,1.0
38021,950,1.0,22,1.0
38022,950,1.0,23,0.8
38023,950,1.0,24,0.8
38024,950,1.0,25,0.4
38025,950,1.0,26,0.4
38026,950,1.0,27,0.6
38027,950,1.0,28,0.6
38028,950,1.0,29,0.6
38029,950,1.0,30,0.8
38030,950,1.0,31,0.8
38031,950,1.0,32,0.8
38032,950,1.0,33,0.6
38033,950,1.0,34,0.8
38034,950,1.0,35,0.8
38035,950,1.0,36,0.8
38036,950,1.0,37,0.8
38037,950,1.0,38,0.8
38038,950,1.0,39,0.8
38039,950,1.0,40,0.8
38040,951,1.0,1,0.0
38041,951,1.0,2,0.4
38042,951,1.0,3,0.4
38043,951,1.0,4,0.4
38044,951,1.0,5,0.4
38045,951,1.0,6,0.6
38046,951,1.0,7,0.4
38047,951,1.0,8,0.6
38048,951,1.0,9,0.4
38049,951,1.0,10,0.4
38050,951,1.0,11,0.4
38051,951,1.0,12,0.4
38052,951,1.0,13,0.4
38053,951,1.0,14,0.4
38054,951,1.0,15,0.4
38055,951,1.0,16,0.4
38056,951,1.0,17,0.4
38057,951,1.0,18,0.4
38058,951,1.0,19,0.8
38059,951,1.0,20,0.6
38060,951,1.0,21,0.6
38061,951,1.0,22,0.2
38062,951,1.0,23,0.4
38063,951,1.0,24,0.6
38064,951,1.0,25,0.6
38065,951,1.0,26,0.6
38066,951,1.0,27,0.6
38067,951,1.0,28,0.6
38068,951,1.0,29,0.6
38069,951,1.0,30,0.8
38070,951,1.0,31,0.8
38071,951,1.0,32,0.8
38072,951,1.0,33,0.8
38073,951,1.0,34,1.0
38074,951,1.0,35,1.0
38075,951,1.0,36,1.0
38076,951,1.0,37,0.8
38077,951,1.0,38,0.8
38078,951,1.0,39,0.8
38079,951,1.0,40,1.0
38080,952,1.0,1,1.0
38081,952,1.0,2,1.0
38082,952,1.0,3,0.8
38083,952,1.0,4,0.8
38084,952,1.0,5,0.8
38085,952,1.0,6,0.8
38086,952,1.0,7,0.8
38087,952,1.0,8,0.8
38088,952,1.0,9,0.8
38089,952,1.0,10,0.8
38090,952,1.0,11,0.8
38091,952,1.0,12,0.8
38092,952,1.0,13,0.8
38093,952,1.0,14,0.8
38094,952,1.0,15,0.8
38095,952,1.0,16,0.6
38096,952,1.0,17,0.6
38097,952,1.0,18,0.6
38098,952,1.0,19,0.6
38099,952,1.0,20,0.6
38100,952,1.0,21,0.6
38101,952,1.0,22,0.6
38102,952,1.0,23,0.6
38103,952,1.0,24,0.4
38104,952,1.0,25,0.4
38105,952,1.0,26,0.4
38106,952,1.0,27,0.4
38107,952,1.0,28,0.4
38108,952,1.0,29,0.4
38109,952,1.0,30,0.4
38110,952,1.0,31,0.4
38111,952,1.0,32,0.4
38112,952,1.0,33,0.4
38113,952,1.0,34,0.4
38114,952,1.0,35,0.4
38115,952,1.0,36,0.4
38116,952,1.0,37,0.4
38117,952,1.0,38,0.6
38118,952,1.0,39,0.6
38119,952,1.0,40,0.6
38120,953,1.0,1,0.0
38121,953,1.0,2,0.8
38122,953,1.0,3,0.8
38123,953,1.0,4,0.8
38124,953,1.0,5,0.8
38125,953,1.0,6,0.8
38126,953,1.0,7,0.8
38127,953,1.0,8,0.8
38128,953,1.0,9,0.8
38129,953,1.0,10,0.8
38130,953,1.0,11,0.8
38131,953,1.0,12,0.8
38132,953,1.0,13,0.8
38133,953,1.0,14,0.8
38134,953,1.0,15,0.8
38135,953,1.0,16,0.8
38136,953,1.0,17,0.8
38137,953,1.0,18,0.8
38138,953,1.0,19,0.8
38139,953,1.0,20,0.8
38140,953,1.0,21,0.8
38141,953,1.0,22,0.8
38142,953,1.0,23,0.8
38143,953,1.0,24,0.8
38144,953,1.0,25,0.8
38145,953,1.0,26,0.8
38146,953,1.0,27,0.8
38147,953,1.0,28,0.8
38148,953,1.0,29,0.8
38149,953,1.0,30,0.8
38150,953,1.0,31,0.8
38151,953,1.0,32,0.8
38152,953,1.0,33,0.8
38153,953,1.0,34,0.8
38154,953,1.0,35,0.8
38155,953,1.0,36,0.8
38156,953,1.0,37,0.8
38157,953,1.0,38,0.8
38158,953,1.0,39,0.8
38159,953,1.0,40,0.8
38160,954,1.0,1,1.0
38161,954,1.0,2,1.0
38162,954,1.0,3,1.0
38163,954,1.0,4,1.0
38164,954,1.0,5,0.8
38165,954,1.0,6,1.0
38166,954,1.0,7,1.0
38167,954,1.0,8,0.2
38168,954,1.0,9,0.2
38169,954,1.0,10,0.2
38170,954,1.0,11,0.8
38171,954,1.0,12,0.8
38172,954,1.0,13,0.8
38173,954,1.0,14,0.8
38174,954,1.0,15,0.8
38175,954,1.0,16,0.8
38176,954,1.0,17,0.8
38177,954,1.0,18,1.0
38178,954,1.0,19,1.0
38179,954,1.0,20,0.8
38180,954,1.0,21,1.0
38181,954,1.0,22,0.8
38182,954,1.0,23,0.8
38183,954,1.0,24,0.8
38184,954,1.0,25,0.8
38185,954,1.0,26,0.8
38186,954,1.0,27,1.0
38187,954,1.0,28,1.0
38188,954,1.0,29,1.0
38189,954,1.0,30,0.8
38190,954,1.0,31,1.0
38191,954,1.0,32,1.0
38192,954,1.0,33,1.0
38193,954,1.0,34,1.0
38194,954,1.0,35,1.0
38195,954,1.0,36,1.0
38196,954,1.0,37,1.0
38197,954,1.0,38,1.0
38198,954,1.0,39,0.8
38199,954,1.0,40,0.8
38200,955,1.0,1,0.8
38201,955,1.0,2,0.8
38202,955,1.0,3,0.6
38203,955,1.0,4,0.2
38204,955,1.0,5,0.2
38205,955,1.0,6,0.2
38206,955,1.0,7,0.2
38207,955,1.0,8,0.4
38208,955,1.0,9,0.6
38209,955,1.0,10,0.4
38210,955,1.0,11,0.4
38211,955,1.0,12,0.8
38212,955,1.0,13,0.8
38213,955,1.0,14,0.8
38214,955,1.0,15,0.6
38215,955,1.0,16,0.6
38216,955,1.0,17,0.6
38217,955,1.0,18,0.8
38218,955,1.0,19,0.8
38219,955,1.0,20,0.8
38220,955,1.0,21,0.4
38221,955,1.0,22,0.6
38222,955,1.0,23,0.8
38223,955,1.0,24,0.8
38224,955,1.0,25,0.6
38225,955,1.0,26,0.6
38226,955,1.0,27,0.6
38227,955,1.0,28,0.6
38228,955,1.0,29,0.6
38229,955,1.0,30,0.6
38230,955,1.0,31,0.6
38231,955,1.0,32,0.6
38232,955,1.0,33,0.6
38233,955,1.0,34,0.6
38234,955,1.0,35,0.6
38235,955,1.0,36,0.6
38236,955,1.0,37,0.6
38237,955,1.0,38,0.6
38238,955,1.0,39,0.6
38239,955,1.0,40,0.6
38240,956,1.0,1,0.6
38241,956,1.0,2,0.6
38242,956,1.0,3,0.8
38243,956,1.0,4,0.6
38244,956,1.0,5,0.6
38245,956,1.0,6,0.4
38246,956,1.0,7,0.4
38247,956,1.0,8,0.6
38248,956,1.0,9,0.6
38249,956,1.0,10,0.6
38250,956,1.0,11,0.6
38251,956,1.0,12,0.6
38252,956,1.0,13,0.6
38253,956,1.0,14,0.6
38254,956,1.0,15,0.6
38255,956,1.0,16,0.6
38256,956,1.0,17,0.6
38257,956,1.0,18,0.6
38258,956,1.0,19,0.6
38259,956,1.0,20,0.6
38260,956,1.0,21,0.4
38261,956,1.0,22,0.4
38262,956,1.0,23,0.4
38263,956,1.0,24,0.6
38264,956,1.0,25,0.6
38265,956,1.0,26,0.6
38266,956,1.0,27,0.4
38267,956,1.0,28,0.4
38268,956,1.0,29,0.4
38269,956,1.0,30,0.4
38270,956,1.0,31,0.4
38271,956,1.0,32,0.4
38272,956,1.0,33,0.4
38273,956,1.0,34,0.4
38274,956,1.0,35,0.4
38275,956,1.0,36,0.2
38276,956,1.0,37,0.2
38277,956,1.0,38,0.2
38278,956,1.0,39,0.4
38279,956,1.0,40,0.6
38280,957,1.0,1,0.8
38281,957,1.0,2,0.8
38282,957,1.0,3,0.6
38283,957,1.0,4,0.4
38284,957,1.0,5,0.4
38285,957,1.0,6,0.6
38286,957,1.0,7,0.6
38287,957,1.0,8,0.6
38288,957,1.0,9,0.6
38289,957,1.0,10,0.6
38290,957,1.0,11,0.6
38291,957,1.0,12,0.6
38292,957,1.0,13,0.6
38293,957,1.0,14,0.6
38294,957,1.0,15,0.6
38295,957,1.0,16,0.6
38296,957,1.0,17,0.6
38297,957,1.0,18,0.6
38298,957,1.0,19,0.6
38299,957,1.0,20,0.6
38300,957,1.0,21,0.6
38301,957,1.0,22,0.6
38302,957,1.0,23,0.6
38303,957,1.0,24,0.6
38304,957,1.0,25,0.6
38305,957,1.0,26,0.6
38306,957,1.0,27,0.6
38307,957,1.0,28,0.6
38308,957,1.0,29,0.6
38309,957,1.0,30,0.6
38310,957,1.0,31,0.6
38311,957,1.0,32,0.6
38312,957,1.0,33,0.6
38313,957,1.0,34,0.6
38314,957,1.0,35,0.6
38315,957,1.0,36,0.6
38316,957,1.0,37,0.6
38317,957,1.0,38,0.6
38318,957,1.0,39,0.6
38319,957,1.0,40,0.6
38320,958,1.0,1,0.6
38321,958,1.0,2,0.6
38322,958,1.0,3,0.8
38323,958,1.0,4,0.8
38324,958,1.0,5,0.6
38325,958,1.0,6,0.6
38326,958,1.0,7,0.6
38327,958,1.0,8,0.6
38328,958,1.0,9,0.6
38329,958,1.0,10,0.6
38330,958,1.0,11,0.6
38331,958,1.0,12,0.6
38332,958,1.0,13,0.6
38333,958,1.0,14,0.6
38334,958,1.0,15,0.6
38335,958,1.0,16,0.6
38336,958,1.0,17,0.6
38337,958,1.0,18,0.6
38338,958,1.0,19,0.6
38339,958,1.0,20,0.6
38340,958,1.0,21,0.6
38341,958,1.0,22,0.6
38342,958,1.0,23,0.6
38343,958,1.0,24,0.6
38344,958,1.0,25,0.6
38345,958,1.0,26,0.6
38346,958,1.0,27,0.6
38347,958,1.0,28,0.6
38348,958,1.0,29,0.6
38349,958,1.0,30,0.6
38350,958,1.0,31,0.6
38351,958,1.0,32,0.6
38352,958,1.0,33,0.6
38353,958,1.0,34,0.6
38354,958,1.0,35,0.6
38355,958,1.0,36,0.6
38356,958,1.0,37,0.6
38357,958,1.0,38,0.6
38358,958,1.0,39,0.6
38359,958,1.0,40,0.6
38360,959,1.0,1,0.6
38361,959,1.0,2,0.6
38362,959,1.0,3,0.4
38363,959,1.0,4,0.4
38364,959,1.0,5,0.4
38365,959,1.0,6,0.4
38366,959,1.0,7,0.4
38367,959,1.0,8,0.4
38368,959,1.0,9,0.4
38369,959,1.0,10,0.4
38370,959,1.0,11,0.4
38371,959,1.0,12,0.4
38372,959,1.0,13,0.4
38373,959,1.0,14,0.4
38374,959,1.0,15,0.4
38375,959,1.0,16,0.6
38376,959,1.0,17,0.6
38377,959,1.0,18,0.2
38378,959,1.0,19,0.2
38379,959,1.0,20,0.2
38380,959,1.0,21,0.2
38381,959,1.0,22,0.4
38382,959,1.0,23,0.4
38383,959,1.0,24,0.4
38384,959,1.0,25,0.2
38385,959,1.0,26,0.2
38386,959,1.0,27,0.2
38387,959,1.0,28,0.2
38388,959,1.0,29,0.2
38389,959,1.0,30,0.2
38390,959,1.0,31,0.4
38391,959,1.0,32,0.4
38392,959,1.0,33,0.4
38393,959,1.0,34,0.4
38394,959,1.0,35,0.2
38395,959,1.0,36,0.4
38396,959,1.0,37,0.2
38397,959,1.0,38,0.2
38398,959,1.0,39,0.2
38399,959,1.0,40,0.2
38400,960,1.0,1,0.0
38401,960,1.0,2,0.6
38402,960,1.0,3,0.8
38403,960,1.0,4,0.8
38404,960,1.0,5,0.8
38405,960,1.0,6,0.8
38406,960,1.0,7,0.8
38407,960,1.0,8,0.8
38408,960,1.0,9,0.8
38409,960,1.0,10,0.4
38410,960,1.0,11,0.4
38411,960,1.0,12,0.8
38412,960,1.0,13,0.2
38413,960,1.0,14,0.2
38414,960,1.0,15,0.2
38415,960,1.0,16,0.2
38416,960,1.0,17,0.0
38417,960,1.0,18,0.0
38418,960,1.0,19,0.0
38419,960,1.0,20,0.2
38420,960,1.0,21,0.4
38421,960,1.0,22,0.4
38422,960,1.0,23,0.4
38423,960,1.0,24,0.4
38424,960,1.0,25,0.4
38425,960,1.0,26,0.6
38426,960,1.0,27,0.6
38427,960,1.0,28,0.6
38428,960,1.0,29,0.6
38429,960,1.0,30,0.6
38430,960,1.0,31,0.4
38431,960,1.0,32,0.4
38432,960,1.0,33,0.4
38433,960,1.0,34,0.4
38434,960,1.0,35,0.4
38435,960,1.0,36,0.4
38436,960,1.0,37,0.4
38437,960,1.0,38,0.6
38438,960,1.0,39,0.6
38439,960,1.0,40,0.6
38440,961,1.0,1,0.0
38441,961,1.0,2,0.0
38442,961,1.0,3,0.0
38443,961,1.0,4,0.6
38444,961,1.0,5,0.4
38445,961,1.0,6,0.4
38446,961,1.0,7,0.8
38447,961,1.0,8,0.8
38448,961,1.0,9,0.8
38449,961,1.0,10,0.8
38450,961,1.0,11,0.8
38451,961,1.0,12,0.6
38452,961,1.0,13,0.6
38453,961,1.0,14,0.8
38454,961,1.0,15,0.8
38455,961,1.0,16,0.8
38456,961,1.0,17,0.6
38457,961,1.0,18,0.6
38458,961,1.0,19,0.6
38459,961,1.0,20,0.6
38460,961,1.0,21,0.6
38461,961,1.0,22,0.6
38462,961,1.0,23,0.6
38463,961,1.0,24,0.6
38464,961,1.0,25,0.6
38465,961,1.0,26,0.6
38466,961,1.0,27,0.6
38467,961,1.0,28,0.8
38468,961,1.0,29,0.8
38469,961,1.0,30,0.6
38470,961,1.0,31,0.6
38471,961,1.0,32,0.6
38472,961,1.0,33,0.8
38473,961,1.0,34,0.8
38474,961,1.0,35,0.8
38475,961,1.0,36,0.6
38476,961,1.0,37,0.6
38477,961,1.0,38,0.8
38478,961,1.0,39,0.8
38479,961,1.0,40,0.8
38480,962,1.0,1,0.0
38481,962,1.0,2,0.4
38482,962,1.0,3,0.4
38483,962,1.0,4,1.0
38484,962,1.0,5,1.0
38485,962,1.0,6,1.0
38486,962,1.0,7,1.0
38487,962,1.0,8,1.0
38488,962,1.0,9,1.0
38489,962,1.0,10,1.0
38490,962,1.0,11,1.0
38491,962,1.0,12,0.8
38492,962,1.0,13,1.0
38493,962,1.0,14,1.0
38494,962,1.0,15,1.0
38495,962,1.0,16,0.8
38496,962,1.0,17,0.8
38497,962,1.0,18,0.8
38498,962,1.0,19,1.0
38499,962,1.0,20,1.0
38500,962,1.0,21,1.0
38501,962,1.0,22,0.8
38502,962,1.0,23,0.8
38503,962,1.0,24,0.8
38504,962,1.0,25,0.8
38505,962,1.0,26,1.0
38506,962,1.0,27,1.0
38507,962,1.0,28,1.0
38508,962,1.0,29,1.0
38509,962,1.0,30,1.0
38510,962,1.0,31,1.0
38511,962,1.0,32,0.8
38512,962,1.0,33,0.8
38513,962,1.0,34,0.8
38514,962,1.0,35,0.8
38515,962,1.0,36,0.8
38516,962,1.0,37,0.8
38517,962,1.0,38,0.8
38518,962,1.0,39,0.8
38519,962,1.0,40,1.0
38520,963,1.0,1,1.0
38521,963,1.0,2,0.8
38522,963,1.0,3,0.6
38523,963,1.0,4,0.6
38524,963,1.0,5,0.6
38525,963,1.0,6,0.6
38526,963,1.0,7,0.6
38527,963,1.0,8,0.6
38528,963,1.0,9,0.6
38529,963,1.0,10,0.6
38530,963,1.0,11,0.6
38531,963,1.0,12,0.6
38532,963,1.0,13,0.6
38533,963,1.0,14,0.6
38534,963,1.0,15,0.6
38535,963,1.0,16,0.6
38536,963,1.0,17,0.6
38537,963,1.0,18,0.6
38538,963,1.0,19,0.6
38539,963,1.0,20,0.6
38540,963,1.0,21,0.6
38541,963,1.0,22,0.6
38542,963,1.0,23,0.6
38543,963,1.0,24,0.6
38544,963,1.0,25,0.4
38545,963,1.0,26,0.4
38546,963,1.0,27,0.4
38547,963,1.0,28,0.4
38548,963,1.0,29,0.4
38549,963,1.0,30,0.4
38550,963,1.0,31,0.4
38551,963,1.0,32,0.4
38552,963,1.0,33,0.4
38553,963,1.0,34,0.4
38554,963,1.0,35,0.4
38555,963,1.0,36,0.4
38556,963,1.0,37,0.4
38557,963,1.0,38,0.4
38558,963,1.0,39,0.4
38559,963,1.0,40,0.2
38560,964,1.0,1,0.8
38561,964,1.0,2,0.8
38562,964,1.0,3,0.8
38563,964,1.0,4,0.8
38564,964,1.0,5,1.0
38565,964,1.0,6,0.8
38566,964,1.0,7,0.8
38567,964,1.0,8,0.8
38568,964,1.0,9,0.8
38569,964,1.0,10,0.8
38570,964,1.0,11,1.0
38571,964,1.0,12,1.0
38572,964,1.0,13,1.0
38573,964,1.0,14,1.0
38574,964,1.0,15,0.4
38575,964,1.0,16,0.4
38576,964,1.0,17,0.4
38577,964,1.0,18,0.6
38578,964,1.0,19,0.6
38579,964,1.0,20,0.6
38580,964,1.0,21,0.6
38581,964,1.0,22,0.6
38582,964,1.0,23,0.6
38583,964,1.0,24,0.6
38584,964,1.0,25,0.6
38585,964,1.0,26,0.6
38586,964,1.0,27,1.0
38587,964,1.0,28,0.8
38588,964,1.0,29,1.0
38589,964,1.0,30,1.0
38590,964,1.0,31,1.0
38591,964,1.0,32,0.8
38592,964,1.0,33,0.8
38593,964,1.0,34,0.8
38594,964,1.0,35,0.8
38595,964,1.0,36,0.8
38596,964,1.0,37,0.8
38597,964,1.0,38,0.8
38598,964,1.0,39,0.8
38599,964,1.0,40,0.8
38600,965,1.0,1,0.2
38601,965,1.0,2,0.4
38602,965,1.0,3,0.4
38603,965,1.0,4,0.4
38604,965,1.0,5,0.4
38605,965,1.0,6,0.4
38606,965,1.0,7,0.4
38607,965,1.0,8,0.4
38608,965,1.0,9,0.6
38609,965,1.0,10,0.4
38610,965,1.0,11,0.2
38611,965,1.0,12,0.0
38612,965,1.0,13,0.2
38613,965,1.0,14,0.4
38614,965,1.0,15,0.2
38615,965,1.0,16,0.2
38616,965,1.0,17,0.2
38617,965,1.0,18,0.6
38618,965,1.0,19,0.6
38619,965,1.0,20,0.6
38620,965,1.0,21,0.8
38621,965,1.0,22,0.8
38622,965,1.0,23,0.8
38623,965,1.0,24,0.8
38624,965,1.0,25,0.8
38625,965,1.0,26,0.6
38626,965,1.0,27,0.6
38627,965,1.0,28,0.6
38628,965,1.0,29,0.8
38629,965,1.0,30,0.6
38630,965,1.0,31,0.6
38631,965,1.0,32,0.6
38632,965,1.0,33,0.6
38633,965,1.0,34,0.6
38634,965,1.0,35,0.8
38635,965,1.0,36,0.8
38636,965,1.0,37,0.8
38637,965,1.0,38,0.8
38638,965,1.0,39,0.8
38639,965,1.0,40,0.8
38640,966,1.0,1,0.0
38641,966,1.0,2,0.2
38642,966,1.0,3,0.2
38643,966,1.0,4,0.2
38644,966,1.0,5,0.2
38645,966,1.0,6,0.2
38646,966,1.0,7,0.2
38647,966,1.0,8,0.2
38648,966,1.0,9,0.2
38649,966,1.0,10,0.2
38650,966,1.0,11,0.2
38651,966,1.0,12,0.2
38652,966,1.0,13,0.2
38653,966,1.0,14,0.2
38654,966,1.0,15,0.2
38655,966,1.0,16,0.2
38656,966,1.0,17,0.4
38657,966,1.0,18,0.4
38658,966,1.0,19,0.4
38659,966,1.0,20,0.4
38660,966,1.0,21,0.4
38661,966,1.0,22,0.4
38662,966,1.0,23,0.4
38663,966,1.0,24,0.4
38664,966,1.0,25,0.4
38665,966,1.0,26,0.4
38666,966,1.0,27,0.4
38667,966,1.0,28,0.4
38668,966,1.0,29,0.4
38669,966,1.0,30,0.4
38670,966,1.0,31,0.4
38671,966,1.0,32,0.4
38672,966,1.0,33,0.4
38673,966,1.0,34,0.4
38674,966,1.0,35,0.4
38675,966,1.0,36,0.4
38676,966,1.0,37,0.4
38677,966,1.0,38,0.4
38678,966,1.0,39,0.4
38679,966,1.0,40,0.4
38680,967,1.0,1,0.6
38681,967,1.0,2,0.4
38682,967,1.0,3,0.4
38683,967,1.0,4,0.4
38684,967,1.0,5,0.2
38685,967,1.0,6,0.2
38686,967,1.0,7,0.2
38687,967,1.0,8,0.2
38688,967,1.0,9,0.2
38689,967,1.0,10,0.2
38690,967,1.0,11,0.2
38691,967,1.0,12,0.2
38692,967,1.0,13,0.4
38693,967,1.0,14,0.2
38694,967,1.0,15,0.4
38695,967,1.0,16,0.4
38696,967,1.0,17,0.4
38697,967,1.0,18,0.4
38698,967,1.0,19,0.4
38699,967,1.0,20,0.4
38700,967,1.0,21,0.4
38701,967,1.0,22,0.4
38702,967,1.0,23,0.2
38703,967,1.0,24,0.2
38704,967,1.0,25,0.2
38705,967,1.0,26,0.4
38706,967,1.0,27,0.4
38707,967,1.0,28,0.4
38708,967,1.0,29,0.4
38709,967,1.0,30,0.4
38710,967,1.0,31,0.4
38711,967,1.0,32,0.4
38712,967,1.0,33,0.4
38713,967,1.0,34,0.4
38714,967,1.0,35,0.4
38715,967,1.0,36,0.4
38716,967,1.0,37,0.4
38717,967,1.0,38,0.4
38718,967,1.0,39,0.4
38719,967,1.0,40,0.6
38720,968,1.0,1,0.6
38721,968,1.0,2,0.8
38722,968,1.0,3,0.6
38723,968,1.0,4,0.4
38724,968,1.0,5,0.4
38725,968,1.0,6,0.4
38726,968,1.0,7,0.4
38727,968,1.0,8,0.4
38728,968,1.0,9,0.4
38729,968,1.0,10,0.4
38730,968,1.0,11,0.4
38731,968,1.0,12,0.4
38732,968,1.0,13,0.2
38733,968,1.0,14,0.2
38734,968,1.0,15,0.4
38735,968,1.0,16,0.4
38736,968,1.0,17,0.4
38737,968,1.0,18,0.4
38738,968,1.0,19,0.6
38739,968,1.0,20,0.6
38740,968,1.0,21,0.8
38741,968,1.0,22,0.8
38742,968,1.0,23,0.8
38743,968,1.0,24,0.8
38744,968,1.0,25,0.8
38745,968,1.0,26,0.8
38746,968,1.0,27,0.8
38747,968,1.0,28,0.8
38748,968,1.0,29,0.8
38749,968,1.0,30,0.8
38750,968,1.0,31,0.8
38751,968,1.0,32,0.8
38752,968,1.0,33,0.8
38753,968,1.0,34,0.8
38754,968,1.0,35,0.8
38755,968,1.0,36,0.8
38756,968,1.0,37,0.6
38757,968,1.0,38,0.8
38758,968,1.0,39,0.8
38759,968,1.0,40,0.8
38760,969,1.0,1,0.0
38761,969,1.0,2,0.4
38762,969,1.0,3,0.4
38763,969,1.0,4,0.2
38764,969,1.0,5,0.4
38765,969,1.0,6,0.2
38766,969,1.0,7,0.2
38767,969,1.0,8,0.2
38768,969,1.0,9,0.2
38769,969,1.0,10,0.2
38770,969,1.0,11,0.2
38771,969,1.0,12,0.2
38772,969,1.0,13,0.0
38773,969,1.0,14,0.4
38774,969,1.0,15,0.4
38775,969,1.0,16,0.2
38776,969,1.0,17,0.2
38777,969,1.0,18,0.2
38778,969,1.0,19,0.2
38779,969,1.0,20,0.4
38780,969,1.0,21,0.4
38781,969,1.0,22,0.4
38782,969,1.0,23,0.8
38783,969,1.0,24,0.8
38784,969,1.0,25,0.8
38785,969,1.0,26,1.0
38786,969,1.0,27,0.8
38787,969,1.0,28,1.0
38788,969,1.0,29,1.0
38789,969,1.0,30,0.8
38790,969,1.0,31,0.8
38791,969,1.0,32,0.8
38792,969,1.0,33,0.8
38793,969,1.0,34,0.8
38794,969,1.0,35,0.8
38795,969,1.0,36,0.8
38796,969,1.0,37,0.8
38797,969,1.0,38,0.8
38798,969,1.0,39,0.8
38799,969,1.0,40,0.8
38800,970,1.0,1,1.0
38801,970,1.0,2,1.0
38802,970,1.0,3,0.8
38803,970,1.0,4,0.8
38804,970,1.0,5,0.8
38805,970,1.0,6,0.8
38806,970,1.0,7,0.8
38807,970,1.0,8,0.8
38808,970,1.0,9,0.8
38809,970,1.0,10,0.8
38810,970,1.0,11,0.6
38811,970,1.0,12,0.6
38812,970,1.0,13,0.0
38813,970,1.0,14,0.6
38814,970,1.0,15,0.4
38815,970,1.0,16,0.6
38816,970,1.0,17,0.6
38817,970,1.0,18,0.6
38818,970,1.0,19,0.4
38819,970,1.0,20,0.6
38820,970,1.0,21,0.6
38821,970,1.0,22,0.6
38822,970,1.0,23,0.6
38823,970,1.0,24,0.6
38824,970,1.0,25,0.6
38825,970,1.0,26,0.6
38826,970,1.0,27,0.4
38827,970,1.0,28,0.4
38828,970,1.0,29,0.4
38829,970,1.0,30,0.6
38830,970,1.0,31,0.4
38831,970,1.0,32,0.4
38832,970,1.0,33,0.4
38833,970,1.0,34,0.4
38834,970,1.0,35,0.4
38835,970,1.0,36,0.4
38836,970,1.0,37,0.4
38837,970,1.0,38,0.4
38838,970,1.0,39,0.4
38839,970,1.0,40,0.4
38840,971,1.0,1,0.0
38841,971,1.0,2,0.2
38842,971,1.0,3,0.2
38843,971,1.0,4,0.2
38844,971,1.0,5,0.2
38845,971,1.0,6,0.2
38846,971,1.0,7,0.6
38847,971,1.0,8,0.4
38848,971,1.0,9,0.4
38849,971,1.0,10,0.6
38850,971,1.0,11,0.6
38851,971,1.0,12,0.8
38852,971,1.0,13,0.6
38853,971,1.0,14,0.8
38854,971,1.0,15,0.6
38855,971,1.0,16,0.6
38856,971,1.0,17,0.6
38857,971,1.0,18,0.6
38858,971,1.0,19,0.6
38859,971,1.0,20,0.4
38860,971,1.0,21,0.2
38861,971,1.0,22,0.4
38862,971,1.0,23,0.6
38863,971,1.0,24,0.8
38864,971,1.0,25,0.8
38865,971,1.0,26,0.8
38866,971,1.0,27,0.8
38867,971,1.0,28,0.8
38868,971,1.0,29,0.8
38869,971,1.0,30,0.8
38870,971,1.0,31,0.6
38871,971,1.0,32,0.4
38872,971,1.0,33,0.4
38873,971,1.0,34,0.4
38874,971,1.0,35,0.4
38875,971,1.0,36,0.4
38876,971,1.0,37,0.4
38877,971,1.0,38,0.4
38878,971,1.0,39,0.4
38879,971,1.0,40,0.4
38880,972,1.0,1,1.0
38881,972,1.0,2,1.0
38882,972,1.0,3,1.0
38883,972,1.0,4,0.8
38884,972,1.0,5,1.0
38885,972,1.0,6,0.8
38886,972,1.0,7,0.8
38887,972,1.0,8,0.4
38888,972,1.0,9,0.4
38889,972,1.0,10,0.4
38890,972,1.0,11,0.4
38891,972,1.0,12,0.4
38892,972,1.0,13,0.4
38893,972,1.0,14,0.4
38894,972,1.0,15,0.4
38895,972,1.0,16,0.4
38896,972,1.0,17,0.4
38897,972,1.0,18,0.6
38898,972,1.0,19,0.6
38899,972,1.0,20,0.6
38900,972,1.0,21,0.6
38901,972,1.0,22,0.6
38902,972,1.0,23,0.6
38903,972,1.0,24,0.6
38904,972,1.0,25,0.6
38905,972,1.0,26,0.6
38906,972,1.0,27,0.6
38907,972,1.0,28,0.8
38908,972,1.0,29,0.8
38909,972,1.0,30,0.8
38910,972,1.0,31,0.8
38911,972,1.0,32,0.8
38912,972,1.0,33,0.8
38913,972,1.0,34,0.8
38914,972,1.0,35,0.8
38915,972,1.0,36,0.8
38916,972,1.0,37,0.8
38917,972,1.0,38,0.8
38918,972,1.0,39,0.8
38919,972,1.0,40,0.8
38920,973,1.0,1,0.8
38921,973,1.0,2,0.8
38922,973,1.0,3,0.8
38923,973,1.0,4,0.8
38924,973,1.0,5,0.8
38925,973,1.0,6,0.8
38926,973,1.0,7,0.8
38927,973,1.0,8,0.4
38928,973,1.0,9,0.4
38929,973,1.0,10,0.4
38930,973,1.0,11,0.4
38931,973,1.0,12,0.2
38932,973,1.0,13,0.2
38933,973,1.0,14,0.6
38934,973,1.0,15,0.6
38935,973,1.0,16,0.6
38936,973,1.0,17,0.6
38937,973,1.0,18,0.6
38938,973,1.0,19,0.4
38939,973,1.0,20,0.6
38940,973,1.0,21,0.6
38941,973,1.0,22,0.6
38942,973,1.0,23,0.6
38943,973,1.0,24,0.6
38944,973,1.0,25,0.6
38945,973,1.0,26,0.6
38946,973,1.0,27,0.6
38947,973,1.0,28,0.6
38948,973,1.0,29,0.4
38949,973,1.0,30,0.4
38950,973,1.0,31,0.8
38951,973,1.0,32,0.8
38952,973,1.0,33,0.6
38953,973,1.0,34,0.6
38954,973,1.0,35,0.6
38955,973,1.0,36,0.6
38956,973,1.0,37,0.6
38957,973,1.0,38,0.4
38958,973,1.0,39,0.4
38959,973,1.0,40,0.4
38960,974,1.0,1,0.6
38961,974,1.0,2,0.4
38962,974,1.0,3,0.4
38963,974,1.0,4,0.4
38964,974,1.0,5,0.6
38965,974,1.0,6,0.6
38966,974,1.0,7,0.6
38967,974,1.0,8,0.6
38968,974,1.0,9,0.4
38969,974,1.0,10,0.6
38970,974,1.0,11,0.6
38971,974,1.0,12,0.6
38972,974,1.0,13,0.6
38973,974,1.0,14,0.6
38974,974,1.0,15,0.6
38975,974,1.0,16,0.4
38976,974,1.0,17,0.4
38977,974,1.0,18,0.4
38978,974,1.0,19,0.4
38979,974,1.0,20,0.4
38980,974,1.0,21,0.4
38981,974,1.0,22,0.4
38982,974,1.0,23,0.4
38983,974,1.0,24,0.4
38984,974,1.0,25,0.4
38985,974,1.0,26,0.4
38986,974,1.0,27,0.4
38987,974,1.0,28,0.8
38988,974,1.0,29,0.6
38989,974,1.0,30,0.6
38990,974,1.0,31,0.6
38991,974,1.0,32,0.8
38992,974,1.0,33,0.8
38993,974,1.0,34,0.8
38994,974,1.0,35,0.8
38995,974,1.0,36,0.8
38996,974,1.0,37,0.8
38997,974,1.0,38,0.8
38998,974,1.0,39,0.8
38999,974,1.0,40,0.8
39000,975,1.0,1,0.8
39001,975,1.0,2,0.2
39002,975,1.0,3,0.6
39003,975,1.0,4,0.6
39004,975,1.0,5,0.6
39005,975,1.0,6,0.6
39006,975,1.0,7,0.6
39007,975,1.0,8,0.6
39008,975,1.0,9,0.2
39009,975,1.0,10,0.6
39010,975,1.0,11,0.6
39011,975,1.0,12,0.8
39012,975,1.0,13,0.8
39013,975,1.0,14,0.8
39014,975,1.0,15,0.8
39015,975,1.0,16,0.6
39016,975,1.0,17,0.8
39017,975,1.0,18,0.8
39018,975,1.0,19,0.6
39019,975,1.0,20,0.6
39020,975,1.0,21,0.6
39021,975,1.0,22,0.6
39022,975,1.0,23,0.6
39023,975,1.0,24,0.6
39024,975,1.0,25,0.6
39025,975,1.0,26,0.6
39026,975,1.0,27,0.6
39027,975,1.0,28,0.6
39028,975,1.0,29,0.6
39029,975,1.0,30,0.6
39030,975,1.0,31,0.6
39031,975,1.0,32,0.6
39032,975,1.0,33,0.4
39033,975,1.0,34,0.6
39034,975,1.0,35,0.6
39035,975,1.0,36,0.6
39036,975,1.0,37,0.6
39037,975,1.0,38,0.6
39038,975,1.0,39,0.4
39039,975,1.0,40,0.4
39040,976,1.0,1,0.6
39041,976,1.0,2,0.6
39042,976,1.0,3,0.6
39043,976,1.0,4,0.4
39044,976,1.0,5,0.4
39045,976,1.0,6,0.6
39046,976,1.0,7,0.2
39047,976,1.0,8,0.2
39048,976,1.0,9,0.8
39049,976,1.0,10,0.8
39050,976,1.0,11,0.4
39051,976,1.0,12,0.4
39052,976,1.0,13,0.4
39053,976,1.0,14,0.4
39054,976,1.0,15,0.4
39055,976,1.0,16,0.6
39056,976,1.0,17,0.6
39057,976,1.0,18,0.6
39058,976,1.0,19,0.6
39059,976,1.0,20,0.4
39060,976,1.0,21,0.4
39061,976,1.0,22,0.8
39062,976,1.0,23,0.6
39063,976,1.0,24,0.8
39064,976,1.0,25,0.8
39065,976,1.0,26,0.6
39066,976,1.0,27,0.6
39067,976,1.0,28,0.6
39068,976,1.0,29,0.6
39069,976,1.0,30,0.6
39070,976,1.0,31,0.6
39071,976,1.0,32,0.6
39072,976,1.0,33,0.6
39073,976,1.0,34,0.6
39074,976,1.0,35,0.6
39075,976,1.0,36,0.6
39076,976,1.0,37,0.6
39077,976,1.0,38,0.8
39078,976,1.0,39,0.8
39079,976,1.0,40,0.8
39080,977,1.0,1,0.6
39081,977,1.0,2,0.2
39082,977,1.0,3,0.4
39083,977,1.0,4,0.4
39084,977,1.0,5,0.4
39085,977,1.0,6,0.6
39086,977,1.0,7,0.6
39087,977,1.0,8,0.6
39088,977,1.0,9,0.6
39089,977,1.0,10,0.6
39090,977,1.0,11,0.6
39091,977,1.0,12,0.6
39092,977,1.0,13,0.6
39093,977,1.0,14,0.6
39094,977,1.0,15,0.6
39095,977,1.0,16,0.6
39096,977,1.0,17,0.6
39097,977,1.0,18,0.6
39098,977,1.0,19,0.6
39099,977,1.0,20,0.4
39100,977,1.0,21,0.4
39101,977,1.0,22,0.4
39102,977,1.0,23,0.4
39103,977,1.0,24,0.4
39104,977,1.0,25,0.4
39105,977,1.0,26,0.4
39106,977,1.0,27,0.4
39107,977,1.0,28,0.4
39108,977,1.0,29,0.4
39109,977,1.0,30,0.4
39110,977,1.0,31,0.4
39111,977,1.0,32,0.4
39112,977,1.0,33,0.4
39113,977,1.0,34,0.4
39114,977,1.0,35,0.4
39115,977,1.0,36,0.4
39116,977,1.0,37,0.4
39117,977,1.0,38,0.4
39118,977,1.0,39,0.4
39119,977,1.0,40,0.4
39120,978,1.0,1,0.0
39121,978,1.0,2,0.4
39122,978,1.0,3,0.4
39123,978,1.0,4,0.6
39124,978,1.0,5,0.6
39125,978,1.0,6,0.2
39126,978,1.0,7,0.4
39127,978,1.0,8,0.2
39128,978,1.0,9,0.4
39129,978,1.0,10,0.4
39130,978,1.0,11,0.4
39131,978,1.0,12,0.2
39132,978,1.0,13,0.2
39133,978,1.0,14,0.2
39134,978,1.0,15,0.4
39135,978,1.0,16,0.4
39136,978,1.0,17,0.4
39137,978,1.0,18,0.4
39138,978,1.0,19,0.4
39139,978,1.0,20,0.4
39140,978,1.0,21,0.4
39141,978,1.0,22,0.4
39142,978,1.0,23,0.4
39143,978,1.0,24,0.4
39144,978,1.0,25,0.4
39145,978,1.0,26,0.6
39146,978,1.0,27,0.6
39147,978,1.0,28,0.6
39148,978,1.0,29,0.6
39149,978,1.0,30,0.6
39150,978,1.0,31,0.6
39151,978,1.0,32,0.4
39152,978,1.0,33,0.2
39153,978,1.0,34,0.6
39154,978,1.0,35,0.6
39155,978,1.0,36,0.6
39156,978,1.0,37,0.6
39157,978,1.0,38,0.8
39158,978,1.0,39,0.8
39159,978,1.0,40,0.8
39160,979,1.0,1,1.0
39161,979,1.0,2,1.0
39162,979,1.0,3,1.0
39163,979,1.0,4,1.0
39164,979,1.0,5,0.8
39165,979,1.0,6,0.8
39166,979,1.0,7,0.8
39167,979,1.0,8,0.8
39168,979,1.0,9,0.6
39169,979,1.0,10,0.6
39170,979,1.0,11,0.4
39171,979,1.0,12,0.4
39172,979,1.0,13,0.4
39173,979,1.0,14,0.6
39174,979,1.0,15,0.8
39175,979,1.0,16,0.8
39176,979,1.0,17,0.8
39177,979,1.0,18,0.8
39178,979,1.0,19,0.8
39179,979,1.0,20,0.8
39180,979,1.0,21,0.8
39181,979,1.0,22,0.8
39182,979,1.0,23,0.8
39183,979,1.0,24,0.8
39184,979,1.0,25,0.6
39185,979,1.0,26,0.6
39186,979,1.0,27,0.6
39187,979,1.0,28,0.6
39188,979,1.0,29,0.8
39189,979,1.0,30,0.8
39190,979,1.0,31,0.6
39191,979,1.0,32,0.6
39192,979,1.0,33,0.6
39193,979,1.0,34,0.6
39194,979,1.0,35,0.6
39195,979,1.0,36,0.6
39196,979,1.0,37,0.6
39197,979,1.0,38,0.6
39198,979,1.0,39,0.6
39199,979,1.0,40,1.0
39200,980,1.0,1,0.0
39201,980,1.0,2,0.6
39202,980,1.0,3,0.6
39203,980,1.0,4,0.6
39204,980,1.0,5,0.4
39205,980,1.0,6,0.6
39206,980,1.0,7,0.4
39207,980,1.0,8,0.6
39208,980,1.0,9,0.6
39209,980,1.0,10,0.6
39210,980,1.0,11,0.6
39211,980,1.0,12,0.8
39212,980,1.0,13,1.0
39213,980,1.0,14,0.8
39214,980,1.0,15,0.8
39215,980,1.0,16,0.8
39216,980,1.0,17,0.6
39217,980,1.0,18,0.6
39218,980,1.0,19,0.6
39219,980,1.0,20,0.6
39220,980,1.0,21,1.0
39221,980,1.0,22,1.0
39222,980,1.0,23,0.8
39223,980,1.0,24,0.8
39224,980,1.0,25,0.8
39225,980,1.0,26,0.8
39226,980,1.0,27,0.8
39227,980,1.0,28,0.8
39228,980,1.0,29,0.8
39229,980,1.0,30,0.8
39230,980,1.0,31,0.8
39231,980,1.0,32,0.8
39232,980,1.0,33,0.6
39233,980,1.0,34,0.8
39234,980,1.0,35,0.8
39235,980,1.0,36,0.8
39236,980,1.0,37,1.0
39237,980,1.0,38,1.0
39238,980,1.0,39,1.0
39239,980,1.0,40,1.0
39240,981,1.0,1,1.0
39241,981,1.0,2,1.0
39242,981,1.0,3,0.6
39243,981,1.0,4,0.6
39244,981,1.0,5,0.6
39245,981,1.0,6,0.6
39246,981,1.0,7,0.6
39247,981,1.0,8,0.4
39248,981,1.0,9,0.4
39249,981,1.0,10,0.4
39250,981,1.0,11,0.4
39251,981,1.0,12,0.6
39252,981,1.0,13,0.6
39253,981,1.0,14,0.6
39254,981,1.0,15,0.6
39255,981,1.0,16,0.6
39256,981,1.0,17,0.6
39257,981,1.0,18,0.6
39258,981,1.0,19,0.6
39259,981,1.0,20,0.6
39260,981,1.0,21,0.6
39261,981,1.0,22,0.6
39262,981,1.0,23,0.6
39263,981,1.0,24,0.6
39264,981,1.0,25,0.6
39265,981,1.0,26,0.6
39266,981,1.0,27,0.6
39267,981,1.0,28,0.6
39268,981,1.0,29,0.6
39269,981,1.0,30,0.6
39270,981,1.0,31,0.6
39271,981,1.0,32,0.6
39272,981,1.0,33,0.6
39273,981,1.0,34,0.6
39274,981,1.0,35,0.6
39275,981,1.0,36,0.6
39276,981,1.0,37,0.6
39277,981,1.0,38,0.6
39278,981,1.0,39,0.6
39279,981,1.0,40,0.6
39280,982,1.0,1,0.8
39281,982,1.0,2,0.6
39282,982,1.0,3,0.2
39283,982,1.0,4,0.2
39284,982,1.0,5,0.4
39285,982,1.0,6,0.0
39286,982,1.0,7,0.2
39287,982,1.0,8,0.2
39288,982,1.0,9,0.0
39289,982,1.0,10,0.0
39290,982,1.0,11,0.6
39291,982,1.0,12,0.6
39292,982,1.0,13,0.6
39293,982,1.0,14,0.6
39294,982,1.0,15,0.6
39295,982,1.0,16,0.6
39296,982,1.0,17,0.6
39297,982,1.0,18,0.6
39298,982,1.0,19,0.6
39299,982,1.0,20,0.4
39300,982,1.0,21,0.4
39301,982,1.0,22,0.6
39302,982,1.0,23,0.6
39303,982,1.0,24,0.6
39304,982,1.0,25,0.6
39305,982,1.0,26,0.8
39306,982,1.0,27,0.8
39307,982,1.0,28,0.8
39308,982,1.0,29,0.8
39309,982,1.0,30,0.8
39310,982,1.0,31,0.6
39311,982,1.0,32,0.6
39312,982,1.0,33,0.8
39313,982,1.0,34,0.8
39314,982,1.0,35,0.8
39315,982,1.0,36,1.0
39316,982,1.0,37,1.0
39317,982,1.0,38,1.0
39318,982,1.0,39,1.0
39319,982,1.0,40,1.0
39320,983,1.0,1,0.6
39321,983,1.0,2,0.6
39322,983,1.0,3,0.6
39323,983,1.0,4,0.6
39324,983,1.0,5,0.4
39325,983,1.0,6,0.4
39326,983,1.0,7,0.6
39327,983,1.0,8,0.6
39328,983,1.0,9,0.6
39329,983,1.0,10,0.6
39330,983,1.0,11,0.6
39331,983,1.0,12,0.6
39332,983,1.0,13,0.6
39333,983,1.0,14,0.6
39334,983,1.0,15,0.4
39335,983,1.0,16,0.6
39336,983,1.0,17,0.6
39337,983,1.0,18,0.6
39338,983,1.0,19,0.6
39339,983,1.0,20,0.4
39340,983,1.0,21,0.4
39341,983,1.0,22,0.4
39342,983,1.0,23,0.4
39343,983,1.0,24,0.4
39344,983,1.0,25,0.4
39345,983,1.0,26,0.4
39346,983,1.0,27,0.6
39347,983,1.0,28,0.6
39348,983,1.0,29,0.6
39349,983,1.0,30,0.4
39350,983,1.0,31,0.4
39351,983,1.0,32,0.4
39352,983,1.0,33,0.4
39353,983,1.0,34,0.4
39354,983,1.0,35,0.4
39355,983,1.0,36,0.4
39356,983,1.0,37,0.4
39357,983,1.0,38,0.4
39358,983,1.0,39,0.4
39359,983,1.0,40,0.4
39360,984,1.0,1,0.0
39361,984,1.0,2,0.2
39362,984,1.0,3,0.2
39363,984,1.0,4,0.2
39364,984,1.0,5,0.2
39365,984,1.0,6,0.2
39366,984,1.0,7,0.0
39367,984,1.0,8,0.0
39368,984,1.0,9,0.0
39369,984,1.0,10,0.0
39370,984,1.0,11,0.0
39371,984,1.0,12,0.0
39372,984,1.0,13,0.2
39373,984,1.0,14,0.2
39374,984,1.0,15,0.2
39375,984,1.0,16,0.2
39376,984,1.0,17,0.2
39377,984,1.0,18,0.4
39378,984,1.0,19,0.6
39379,984,1.0,20,0.6
39380,984,1.0,21,0.8
39381,984,1.0,22,0.6
39382,984,1.0,23,0.6
39383,984,1.0,24,0.6
39384,984,1.0,25,0.6
39385,984,1.0,26,0.4
39386,984,1.0,27,0.4
39387,984,1.0,28,0.4
39388,984,1.0,29,0.6
39389,984,1.0,30,0.6
39390,984,1.0,31,0.4
39391,984,1.0,32,0.4
39392,984,1.0,33,0.6
39393,984,1.0,34,0.6
39394,984,1.0,35,0.6
39395,984,1.0,36,0.6
39396,984,1.0,37,0.6
39397,984,1.0,38,0.6
39398,984,1.0,39,0.6
39399,984,1.0,40,0.6
39400,985,1.0,1,0.6
39401,985,1.0,2,0.6
39402,985,1.0,3,0.8
39403,985,1.0,4,0.8
39404,985,1.0,5,0.8
39405,985,1.0,6,0.4
39406,985,1.0,7,0.4
39407,985,1.0,8,0.4
39408,985,1.0,9,0.6
39409,985,1.0,10,0.6
39410,985,1.0,11,0.6
39411,985,1.0,12,0.0
39412,985,1.0,13,0.6
39413,985,1.0,14,0.6
39414,985,1.0,15,0.4
39415,985,1.0,16,0.8
39416,985,1.0,17,0.6
39417,985,1.0,18,0.8
39418,985,1.0,19,0.8
39419,985,1.0,20,0.6
39420,985,1.0,21,0.4
39421,985,1.0,22,0.4
39422,985,1.0,23,0.2
39423,985,1.0,24,0.2
39424,985,1.0,25,0.2
39425,985,1.0,26,0.2
39426,985,1.0,27,0.2
39427,985,1.0,28,0.2
39428,985,1.0,29,0.2
39429,985,1.0,30,0.2
39430,985,1.0,31,0.2
39431,985,1.0,32,0.2
39432,985,1.0,33,0.2
39433,985,1.0,34,0.2
39434,985,1.0,35,0.2
39435,985,1.0,36,0.2
39436,985,1.0,37,0.2
39437,985,1.0,38,0.2
39438,985,1.0,39,0.6
39439,985,1.0,40,0.6
39440,986,1.0,1,0.6
39441,986,1.0,2,0.6
39442,986,1.0,3,0.4
39443,986,1.0,4,0.6
39444,986,1.0,5,0.4
39445,986,1.0,6,0.4
39446,986,1.0,7,0.8
39447,986,1.0,8,0.6
39448,986,1.0,9,0.8
39449,986,1.0,10,0.6
39450,986,1.0,11,0.6
39451,986,1.0,12,0.6
39452,986,1.0,13,0.8
39453,986,1.0,14,0.8
39454,986,1.0,15,0.8
39455,986,1.0,16,0.6
39456,986,1.0,17,0.6
39457,986,1.0,18,0.6
39458,986,1.0,19,0.6
39459,986,1.0,20,0.6
39460,986,1.0,21,0.8
39461,986,1.0,22,0.8
39462,986,1.0,23,0.8
39463,986,1.0,24,1.0
39464,986,1.0,25,0.8
39465,986,1.0,26,0.8
39466,986,1.0,27,0.6
39467,986,1.0,28,0.6
39468,986,1.0,29,0.6
39469,986,1.0,30,0.6
39470,986,1.0,31,0.8
39471,986,1.0,32,0.6
39472,986,1.0,33,0.6
39473,986,1.0,34,0.6
39474,986,1.0,35,0.8
39475,986,1.0,36,0.8
39476,986,1.0,37,0.8
39477,986,1.0,38,0.8
39478,986,1.0,39,0.8
39479,986,1.0,40,0.8
39480,987,1.0,1,0.0
39481,987,1.0,2,0.8
39482,987,1.0,3,0.6
39483,987,1.0,4,0.6
39484,987,1.0,5,0.6
39485,987,1.0,6,0.6
39486,987,1.0,7,0.6
39487,987,1.0,8,0.6
39488,987,1.0,9,0.6
39489,987,1.0,10,0.6
39490,987,1.0,11,0.6
39491,987,1.0,12,0.6
39492,987,1.0,13,0.4
39493,987,1.0,14,0.4
39494,987,1.0,15,0.6
39495,987,1.0,16,0.6
39496,987,1.0,17,0.2
39497,987,1.0,18,0.2
39498,987,1.0,19,0.2
39499,987,1.0,20,0.2
39500,987,1.0,21,0.2
39501,987,1.0,22,0.0
39502,987,1.0,23,0.6
39503,987,1.0,24,0.6
39504,987,1.0,25,0.6
39505,987,1.0,26,0.6
39506,987,1.0,27,0.4
39507,987,1.0,28,0.4
39508,987,1.0,29,0.4
39509,987,1.0,30,0.4
39510,987,1.0,31,0.4
39511,987,1.0,32,0.6
39512,987,1.0,33,0.6
39513,987,1.0,34,0.8
39514,987,1.0,35,0.4
39515,987,1.0,36,0.4
39516,987,1.0,37,0.4
39517,987,1.0,38,0.4
39518,987,1.0,39,1.0
39519,987,1.0,40,1.0
39520,988,1.0,1,1.0
39521,988,1.0,2,1.0
39522,988,1.0,3,0.8
39523,988,1.0,4,1.0
39524,988,1.0,5,1.0
39525,988,1.0,6,1.0
39526,988,1.0,7,0.8
39527,988,1.0,8,0.8
39528,988,1.0,9,0.8
39529,988,1.0,10,0.6
39530,988,1.0,11,0.6
39531,988,1.0,12,0.6
39532,988,1.0,13,0.6
39533,988,1.0,14,0.8
39534,988,1.0,15,0.8
39535,988,1.0,16,1.0
39536,988,1.0,17,1.0
39537,988,1.0,18,0.8
39538,988,1.0,19,0.8
39539,988,1.0,20,0.6
39540,988,1.0,21,0.6
39541,988,1.0,22,0.6
39542,988,1.0,23,0.8
39543,988,1.0,24,0.8
39544,988,1.0,25,0.6
39545,988,1.0,26,0.4
39546,988,1.0,27,0.4
39547,988,1.0,28,0.4
39548,988,1.0,29,0.4
39549,988,1.0,30,0.6
39550,988,1.0,31,0.8
39551,988,1.0,32,0.8
39552,988,1.0,33,0.8
39553,988,1.0,34,1.0
39554,988,1.0,35,1.0
39555,988,1.0,36,1.0
39556,988,1.0,37,1.0
39557,988,1.0,38,1.0
39558,988,1.0,39,1.0
39559,988,1.0,40,1.0
39560,989,1.0,1,0.0
39561,989,1.0,2,0.2
39562,989,1.0,3,0.4
39563,989,1.0,4,0.4
39564,989,1.0,5,0.4
39565,989,1.0,6,0.4
39566,989,1.0,7,0.4
39567,989,1.0,8,0.4
39568,989,1.0,9,0.4
39569,989,1.0,10,0.4
39570,989,1.0,11,0.4
39571,989,1.0,12,0.4
39572,989,1.0,13,0.2
39573,989,1.0,14,0.2
39574,989,1.0,15,0.2
39575,989,1.0,16,0.2
39576,989,1.0,17,0.2
39577,989,1.0,18,0.2
39578,989,1.0,19,0.4
39579,989,1.0,20,0.4
39580,989,1.0,21,0.6
39581,989,1.0,22,0.6
39582,989,1.0,23,0.6
39583,989,1.0,24,0.6
39584,989,1.0,25,0.6
39585,989,1.0,26,0.6
39586,989,1.0,27,0.6
39587,989,1.0,28,0.6
39588,989,1.0,29,0.6
39589,989,1.0,30,0.6
39590,989,1.0,31,0.6
39591,989,1.0,32,0.8
39592,989,1.0,33,0.8
39593,989,1.0,34,0.8
39594,989,1.0,35,0.8
39595,989,1.0,36,0.8
39596,989,1.0,37,0.8
39597,989,1.0,38,0.8
39598,989,1.0,39,0.8
39599,989,1.0,40,0.8
39600,990,1.0,1,1.0
39601,990,1.0,2,1.0
39602,990,1.0,3,0.4
39603,990,1.0,4,0.4
39604,990,1.0,5,0.4
39605,990,1.0,6,0.4
39606,990,1.0,7,0.8
39607,990,1.0,8,1.0
39608,990,1.0,9,0.8
39609,990,1.0,10,0.8
39610,990,1.0,11,0.8
39611,990,1.0,12,0.8
39612,990,1.0,13,0.8
39613,990,1.0,14,0.8
39614,990,1.0,15,0.8
39615,990,1.0,16,0.8
39616,990,1.0,17,0.8
39617,990,1.0,18,0.8
39618,990,1.0,19,1.0
39619,990,1.0,20,1.0
39620,990,1.0,21,0.8
39621,990,1.0,22,0.8
39622,990,1.0,23,0.8
39623,990,1.0,24,0.8
39624,990,1.0,25,0.8
39625,990,1.0,26,0.8
39626,990,1.0,27,0.8
39627,990,1.0,28,0.8
39628,990,1.0,29,1.0
39629,990,1.0,30,1.0
39630,990,1.0,31,1.0
39631,990,1.0,32,1.0
39632,990,1.0,33,1.0
39633,990,1.0,34,1.0
39634,990,1.0,35,0.8
39635,990,1.0,36,0.8
39636,990,1.0,37,1.0
39637,990,1.0,38,0.8
39638,990,1.0,39,0.8
39639,990,1.0,40,0.8
39640,991,1.0,1,0.8
39641,991,1.0,2,0.4
39642,991,1.0,3,0.4
39643,991,1.0,4,0.4
39644,991,1.0,5,0.4
39645,991,1.0,6,0.4
39646,991,1.0,7,0.4
39647,991,1.0,8,0.4
39648,991,1.0,9,0.4
39649,991,1.0,10,0.4
39650,991,1.0,11,0.4
39651,991,1.0,12,0.6
39652,991,1.0,13,0.6
39653,991,1.0,14,0.6
39654,991,1.0,15,0.6
39655,991,1.0,16,0.6
39656,991,1.0,17,0.8
39657,991,1.0,18,0.8
39658,991,1.0,19,0.8
39659,991,1.0,20,0.8
39660,991,1.0,21,0.8
39661,991,1.0,22,0.8
39662,991,1.0,23,0.8
39663,991,1.0,24,0.8
39664,991,1.0,25,0.8
39665,991,1.0,26,0.8
39666,991,1.0,27,0.8
39667,991,1.0,28,0.8
39668,991,1.0,29,0.8
39669,991,1.0,30,0.8
39670,991,1.0,31,0.8
39671,991,1.0,32,0.8
39672,991,1.0,33,0.8
39673,991,1.0,34,0.8
39674,991,1.0,35,0.6
39675,991,1.0,36,0.6
39676,991,1.0,37,0.6
39677,991,1.0,38,0.6
39678,991,1.0,39,0.6
39679,991,1.0,40,0.6
39680,992,1.0,1,0.6
39681,992,1.0,2,0.6
39682,992,1.0,3,0.4
39683,992,1.0,4,0.4
39684,992,1.0,5,0.4
39685,992,1.0,6,0.4
39686,992,1.0,7,0.2
39687,992,1.0,8,0.4
39688,992,1.0,9,0.8
39689,992,1.0,10,0.4
39690,992,1.0,11,0.2
39691,992,1.0,12,0.4
39692,992,1.0,13,0.4
39693,992,1.0,14,0.4
39694,992,1.0,15,0.4
39695,992,1.0,16,0.4
39696,992,1.0,17,0.4
39697,992,1.0,18,0.4
39698,992,1.0,19,0.4
39699,992,1.0,20,0.4
39700,992,1.0,21,0.4
39701,992,1.0,22,0.4
39702,992,1.0,23,0.4
39703,992,1.0,24,0.4
39704,992,1.0,25,0.4
39705,992,1.0,26,0.4
39706,992,1.0,27,0.4
39707,992,1.0,28,0.6
39708,992,1.0,29,0.2
39709,992,1.0,30,0.2
39710,992,1.0,31,0.2
39711,992,1.0,32,0.2
39712,992,1.0,33,0.2
39713,992,1.0,34,0.2
39714,992,1.0,35,0.4
39715,992,1.0,36,0.2
39716,992,1.0,37,0.2
39717,992,1.0,38,0.2
39718,992,1.0,39,0.2
39719,992,1.0,40,0.2
39720,993,1.0,1,0.8
39721,993,1.0,2,0.4
39722,993,1.0,3,0.8
39723,993,1.0,4,0.6
39724,993,1.0,5,0.6
39725,993,1.0,6,0.4
39726,993,1.0,7,0.6
39727,993,1.0,8,0.6
39728,993,1.0,9,1.0
39729,993,1.0,10,0.6
39730,993,1.0,11,0.6
39731,993,1.0,12,0.4
39732,993,1.0,13,0.6
39733,993,1.0,14,0.6
39734,993,1.0,15,0.8
39735,993,1.0,16,0.8
39736,993,1.0,17,0.8
39737,993,1.0,18,0.8
39738,993,1.0,19,0.8
39739,993,1.0,20,0.8
39740,993,1.0,21,0.8
39741,993,1.0,22,0.8
39742,993,1.0,23,0.8
39743,993,1.0,24,0.8
39744,993,1.0,25,0.8
39745,993,1.0,26,0.8
39746,993,1.0,27,0.8
39747,993,1.0,28,0.8
39748,993,1.0,29,0.8
39749,993,1.0,30,0.6
39750,993,1.0,31,0.8
39751,993,1.0,32,0.8
39752,993,1.0,33,0.8
39753,993,1.0,34,0.8
39754,993,1.0,35,1.0
39755,993,1.0,36,1.0
39756,993,1.0,37,1.0
39757,993,1.0,38,1.0
39758,993,1.0,39,1.0
39759,993,1.0,40,1.0
39760,994,1.0,1,0.6
39761,994,1.0,2,0.6
39762,994,1.0,3,0.4
39763,994,1.0,4,0.4
39764,994,1.0,5,0.6
39765,994,1.0,6,0.4
39766,994,1.0,7,0.8
39767,994,1.0,8,0.4
39768,994,1.0,9,0.4
39769,994,1.0,10,0.4
39770,994,1.0,11,0.2
39771,994,1.0,12,0.4
39772,994,1.0,13,0.4
39773,994,1.0,14,0.4
39774,994,1.0,15,0.4
39775,994,1.0,16,0.4
39776,994,1.0,17,0.4
39777,994,1.0,18,0.4
39778,994,1.0,19,0.4
39779,994,1.0,20,0.4
39780,994,1.0,21,0.4
39781,994,1.0,22,0.4
39782,994,1.0,23,0.4
39783,994,1.0,24,0.4
39784,994,1.0,25,0.4
39785,994,1.0,26,0.6
39786,994,1.0,27,0.6
39787,994,1.0,28,0.6
39788,994,1.0,29,0.6
39789,994,1.0,30,0.4
39790,994,1.0,31,0.4
39791,994,1.0,32,0.4
39792,994,1.0,33,0.6
39793,994,1.0,34,0.6
39794,994,1.0,35,0.6
39795,994,1.0,36,0.6
39796,994,1.0,37,0.6
39797,994,1.0,38,0.6
39798,994,1.0,39,0.6
39799,994,1.0,40,0.6
39800,995,1.0,1,0.6
39801,995,1.0,2,1.0
39802,995,1.0,3,0.6
39803,995,1.0,4,0.4
39804,995,1.0,5,0.6
39805,995,1.0,6,0.8
39806,995,1.0,7,0.8
39807,995,1.0,8,0.8
39808,995,1.0,9,0.8
39809,995,1.0,10,0.8
39810,995,1.0,11,0.6
39811,995,1.0,12,0.8
39812,995,1.0,13,0.8
39813,995,1.0,14,0.8
39814,995,1.0,15,0.8
39815,995,1.0,16,0.8
39816,995,1.0,17,0.8
39817,995,1.0,18,0.8
39818,995,1.0,19,0.8
39819,995,1.0,20,0.8
39820,995,1.0,21,0.8
39821,995,1.0,22,0.8
39822,995,1.0,23,0.8
39823,995,1.0,24,0.8
39824,995,1.0,25,0.8
39825,995,1.0,26,0.8
39826,995,1.0,27,0.8
39827,995,1.0,28,0.8
39828,995,1.0,29,0.8
39829,995,1.0,30,0.8
39830,995,1.0,31,0.6
39831,995,1.0,32,0.6
39832,995,1.0,33,0.6
39833,995,1.0,34,0.4
39834,995,1.0,35,0.4
39835,995,1.0,36,0.4
39836,995,1.0,37,0.4
39837,995,1.0,38,0.6
39838,995,1.0,39,0.6
39839,995,1.0,40,0.6
39840,996,1.0,1,0.0
39841,996,1.0,2,0.4
39842,996,1.0,3,0.4
39843,996,1.0,4,0.4
39844,996,1.0,5,0.2
39845,996,1.0,6,0.6
39846,996,1.0,7,0.6
39847,996,1.0,8,0.4
39848,996,1.0,9,0.6
39849,996,1.0,10,0.4
39850,996,1.0,11,0.4
39851,996,1.0,12,0.4
39852,996,1.0,13,0.4
39853,996,1.0,14,0.4
39854,996,1.0,15,0.6
39855,996,1.0,16,0.0
39856,996,1.0,17,0.6
39857,996,1.0,18,1.0
39858,996,1.0,19,1.0
39859,996,1.0,20,1.0
39860,996,1.0,21,1.0
39861,996,1.0,22,1.0
39862,996,1.0,23,1.0
39863,996,1.0,24,0.8
39864,996,1.0,25,0.8
39865,996,1.0,26,0.8
39866,996,1.0,27,0.8
39867,996,1.0,28,0.8
39868,996,1.0,29,0.8
39869,996,1.0,30,0.8
39870,996,1.0,31,1.0
39871,996,1.0,32,0.8
39872,996,1.0,33,0.8
39873,996,1.0,34,0.8
39874,996,1.0,35,0.8
39875,996,1.0,36,0.8
39876,996,1.0,37,1.0
39877,996,1.0,38,1.0
39878,996,1.0,39,1.0
39879,996,1.0,40,1.0
39880,997,1.0,1,1.0
39881,997,1.0,2,1.0
39882,997,1.0,3,1.0
39883,997,1.0,4,1.0
39884,997,1.0,5,0.8
39885,997,1.0,6,0.8
39886,997,1.0,7,0.6
39887,997,1.0,8,0.4
39888,997,1.0,9,0.4
39889,997,1.0,10,0.4
39890,997,1.0,11,0.2
39891,997,1.0,12,0.4
39892,997,1.0,13,0.8
39893,997,1.0,14,0.8
39894,997,1.0,15,0.8
39895,997,1.0,16,0.8
39896,997,1.0,17,0.8
39897,997,1.0,18,0.8
39898,997,1.0,19,0.8
39899,997,1.0,20,0.8
39900,997,1.0,21,0.6
39901,997,1.0,22,0.8
39902,997,1.0,23,0.8
39903,997,1.0,24,0.8
39904,997,1.0,25,0.8
39905,997,1.0,26,0.8
39906,997,1.0,27,0.6
39907,997,1.0,28,0.8
39908,997,1.0,29,0.6
39909,997,1.0,30,0.6
39910,997,1.0,31,0.6
39911,997,1.0,32,0.6
39912,997,1.0,33,0.6
39913,997,1.0,34,0.6
39914,997,1.0,35,0.6
39915,997,1.0,36,0.6
39916,997,1.0,37,0.6
39917,997,1.0,38,0.6
39918,997,1.0,39,0.6
39919,997,1.0,40,0.6
39920,998,1.0,1,0.0
39921,998,1.0,2,0.6
39922,998,1.0,3,0.6
39923,998,1.0,4,0.6
39924,998,1.0,5,0.6
39925,998,1.0,6,0.4
39926,998,1.0,7,0.4
39927,998,1.0,8,0.4
39928,998,1.0,9,0.4
39929,998,1.0,10,0.4
39930,998,1.0,11,0.4
39931,998,1.0,12,0.4
39932,998,1.0,13,0.4
39933,998,1.0,14,0.4
39934,998,1.0,15,0.4
39935,998,1.0,16,0.4
39936,998,1.0,17,0.4
39937,998,1.0,18,0.4
39938,998,1.0,19,0.4
39939,998,1.0,20,0.4
39940,998,1.0,21,0.4
39941,998,1.0,22,0.4
39942,998,1.0,23,0.4
39943,998,1.0,24,0.4
39944,998,1.0,25,0.4
39945,998,1.0,26,0.4
39946,998,1.0,27,0.4
39947,998,1.0,28,0.4
39948,998,1.0,29,0.4
39949,998,1.0,30,0.4
39950,998,1.0,31,0.4
39951,998,1.0,32,0.4
39952,998,1.0,33,0.4
39953,998,1.0,34,0.4
39954,998,1.0,35,0.4
39955,998,1.0,36,0.4
39956,998,1.0,37,0.4
39957,998,1.0,38,0.6
39958,998,1.0,39,0.6
39959,998,1.0,40,0.6
39960,999,1.0,1,1.0
39961,999,1.0,2,1.0
39962,999,1.0,3,1.0
39963,999,1.0,4,1.0
39964,999,1.0,5,1.0
39965,999,1.0,6,1.0
39966,999,1.0,7,0.2
39967,999,1.0,8,1.0
39968,999,1.0,9,0.6
39969,999,1.0,10,0.6
39970,999,1.0,11,0.8
39971,999,1.0,12,0.8
39972,999,1.0,13,0.4
39973,999,1.0,14,0.2
39974,999,1.0,15,0.2
39975,999,1.0,16,0.2
39976,999,1.0,17,0.4
39977,999,1.0,18,0.4
39978,999,1.0,19,0.4
39979,999,1.0,20,0.4
39980,999,1.0,21,0.2
39981,999,1.0,22,0.2
39982,999,1.0,23,0.4
39983,999,1.0,24,0.2
39984,999,1.0,25,0.4
39985,999,1.0,26,0.6
39986,999,1.0,27,0.4
39987,999,1.0,28,0.4
39988,999,1.0,29,0.4
39989,999,1.0,30,0.6
39990,999,1.0,31,0.6
39991,999,1.0,32,0.6
39992,999,1.0,33,0.6
39993,999,1.0,34,0.6
39994,999,1.0,35,0.6
39995,999,1.0,36,0.6
39996,999,1.0,37,0.6
39997,999,1.0,38,0.6
39998,999,1.0,39,0.8
39999,999,1.0,40,0.6
40000,1000,1.0,1,0.8
40001,1000,1.0,2,0.8
40002,1000,1.0,3,0.8
40003,1000,1.0,4,0.4
40004,1000,1.0,5,0.4
40005,1000,1.0,6,0.4
40006,1000,1.0,7,0.4
40007,1000,1.0,8,0.2
40008,1000,1.0,9,0.2
40009,1000,1.0,10,0.2
40010,1000,1.0,11,0.2
40011,1000,1.0,12,0.2
40012,1000,1.0,13,0.2
40013,1000,1.0,14,0.2
40014,1000,1.0,15,0.4
40015,1000,1.0,16,0.4
40016,1000,1.0,17,0.4
40017,1000,1.0,18,0.4
40018,1000,1.0,19,0.4
40019,1000,1.0,20,0.4
40020,1000,1.0,21,0.4
40021,1000,1.0,22,0.4
40022,1000,1.0,23,0.4
40023,1000,1.0,24,0.4
40024,1000,1.0,25,0.4
40025,1000,1.0,26,0.4
40026,1000,1.0,27,0.4
40027,1000,1.0,28,0.6
40028,1000,1.0,29,0.6
40029,1000,1.0,30,0.4
40030,1000,1.0,31,0.6
40031,1000,1.0,32,0.6
40032,1000,1.0,33,0.8
40033,1000,1.0,34,0.6
40034,1000,1.0,35,0.6
40035,1000,1.0,36,0.6
40036,1000,1.0,37,0.6
40037,1000,1.0,38,0.6
40038,1000,1.0,39,0.6
40039,1000,1.0,40,0.6
40040,1001,1.0,1,0.6
40041,1001,1.0,2,0.6
40042,1001,1.0,3,0.4
40043,1001,1.0,4,0.4
40044,1001,1.0,5,0.8
40045,1001,1.0,6,0.6
40046,1001,1.0,7,0.6
40047,1001,1.0,8,0.6
40048,1001,1.0,9,0.6
40049,1001,1.0,10,0.6
40050,1001,1.0,11,0.6
40051,1001,1.0,12,0.6
40052,1001,1.0,13,0.6
40053,1001,1.0,14,0.6
40054,1001,1.0,15,0.6
40055,1001,1.0,16,0.6
40056,1001,1.0,17,0.6
40057,1001,1.0,18,0.6
40058,1001,1.0,19,0.6
40059,1001,1.0,20,0.6
40060,1001,1.0,21,0.6
40061,1001,1.0,22,0.6
40062,1001,1.0,23,0.6
40063,1001,1.0,24,0.6
40064,1001,1.0,25,0.6
40065,1001,1.0,26,0.8
40066,1001,1.0,27,0.8
40067,1001,1.0,28,0.8
40068,1001,1.0,29,0.8
40069,1001,1.0,30,0.8
40070,1001,1.0,31,0.8
40071,1001,1.0,32,0.8
40072,1001,1.0,33,0.8
40073,1001,1.0,34,0.8
40074,1001,1.0,35,0.8
40075,1001,1.0,36,0.8
40076,1001,1.0,37,0.8
40077,1001,1.0,38,0.8
40078,1001,1.0,39,1.0
40079,1001,1.0,40,1.0
40080,1002,1.0,1,0.8
40081,1002,1.0,2,0.8
40082,1002,1.0,3,0.8
40083,1002,1.0,4,0.8
40084,1002,1.0,5,0.2
40085,1002,1.0,6,0.2
40086,1002,1.0,7,0.8
40087,1002,1.0,8,0.4
40088,1002,1.0,9,0.6
40089,1002,1.0,10,0.6
40090,1002,1.0,11,0.6
40091,1002,1.0,12,0.0
40092,1002,1.0,13,0.4
40093,1002,1.0,14,0.6
40094,1002,1.0,15,0.4
40095,1002,1.0,16,0.4
40096,1002,1.0,17,0.4
40097,1002,1.0,18,0.2
40098,1002,1.0,19,0.2
40099,1002,1.0,20,0.4
40100,1002,1.0,21,0.4
40101,1002,1.0,22,0.4
40102,1002,1.0,23,0.4
40103,1002,1.0,24,0.4
40104,1002,1.0,25,0.4
40105,1002,1.0,26,0.4
40106,1002,1.0,27,0.4
40107,1002,1.0,28,0.4
40108,1002,1.0,29,0.4
40109,1002,1.0,30,0.4
40110,1002,1.0,31,0.4
40111,1002,1.0,32,0.4
40112,1002,1.0,33,0.4
40113,1002,1.0,34,0.4
40114,1002,1.0,35,0.4
40115,1002,1.0,36,0.4
40116,1002,1.0,37,0.4
40117,1002,1.0,38,0.4
40118,1002,1.0,39,0.4
40119,1002,1.0,40,0.4
40120,1003,1.0,1,0.6
40121,1003,1.0,2,0.6
40122,1003,1.0,3,0.8
40123,1003,1.0,4,1.0
40124,1003,1.0,5,0.8
40125,1003,1.0,6,0.8
40126,1003,1.0,7,0.8
40127,1003,1.0,8,0.8
40128,1003,1.0,9,0.8
40129,1003,1.0,10,0.8
40130,1003,1.0,11,0.8
40131,1003,1.0,12,0.8
40132,1003,1.0,13,0.2
40133,1003,1.0,14,0.8
40134,1003,1.0,15,0.8
40135,1003,1.0,16,0.8
40136,1003,1.0,17,0.8
40137,1003,1.0,18,0.8
40138,1003,1.0,19,0.8
40139,1003,1.0,20,0.8
40140,1003,1.0,21,0.8
40141,1003,1.0,22,0.6
40142,1003,1.0,23,0.6
40143,1003,1.0,24,0.6
40144,1003,1.0,25,0.6
40145,1003,1.0,26,0.8
40146,1003,1.0,27,0.8
40147,1003,1.0,28,0.8
40148,1003,1.0,29,0.8
40149,1003,1.0,30,0.6
40150,1003,1.0,31,0.6
40151,1003,1.0,32,0.6
40152,1003,1.0,33,0.6
40153,1003,1.0,34,0.8
40154,1003,1.0,35,0.8
40155,1003,1.0,36,0.6
40156,1003,1.0,37,0.8
40157,1003,1.0,38,1.0
40158,1003,1.0,39,1.0
40159,1003,1.0,40,1.0
40160,1004,1.0,1,0.6
40161,1004,1.0,2,0.6
40162,1004,1.0,3,0.6
40163,1004,1.0,4,0.4
40164,1004,1.0,5,0.4
40165,1004,1.0,6,0.6
40166,1004,1.0,7,0.6
40167,1004,1.0,8,0.4
40168,1004,1.0,9,0.4
40169,1004,1.0,10,0.4
40170,1004,1.0,11,0.4
40171,1004,1.0,12,0.6
40172,1004,1.0,13,0.4
40173,1004,1.0,14,0.4
40174,1004,1.0,15,0.4
40175,1004,1.0,16,0.4
40176,1004,1.0,17,0.4
40177,1004,1.0,18,0.4
40178,1004,1.0,19,0.4
40179,1004,1.0,20,0.6
40180,1004,1.0,21,0.4
40181,1004,1.0,22,0.6
40182,1004,1.0,23,0.8
40183,1004,1.0,24,0.6
40184,1004,1.0,25,0.6
40185,1004,1.0,26,0.6
40186,1004,1.0,27,0.6
40187,1004,1.0,28,0.6
40188,1004,1.0,29,0.6
40189,1004,1.0,30,0.6
40190,1004,1.0,31,0.6
40191,1004,1.0,32,0.6
40192,1004,1.0,33,0.6
40193,1004,1.0,34,0.6
40194,1004,1.0,35,0.6
40195,1004,1.0,36,0.6
40196,1004,1.0,37,0.6
40197,1004,1.0,38,0.6
40198,1004,1.0,39,0.6
40199,1004,1.0,40,0.6
40200,1005,1.0,1,0.0
40201,1005,1.0,2,0.2
40202,1005,1.0,3,0.4
40203,1005,1.0,4,0.4
40204,1005,1.0,5,0.6
40205,1005,1.0,6,0.6
40206,1005,1.0,7,0.6
40207,1005,1.0,8,0.8
40208,1005,1.0,9,0.6
40209,1005,1.0,10,0.6
40210,1005,1.0,11,0.6
40211,1005,1.0,12,0.6
40212,1005,1.0,13,0.6
40213,1005,1.0,14,0.6
40214,1005,1.0,15,0.6
40215,1005,1.0,16,0.6
40216,1005,1.0,17,0.6
40217,1005,1.0,18,0.6
40218,1005,1.0,19,0.6
40219,1005,1.0,20,0.6
40220,1005,1.0,21,0.6
40221,1005,1.0,22,0.6
40222,1005,1.0,23,0.6
40223,1005,1.0,24,0.6
40224,1005,1.0,25,0.6
40225,1005,1.0,26,0.8
40226,1005,1.0,27,0.8
40227,1005,1.0,28,0.8
40228,1005,1.0,29,0.6
40229,1005,1.0,30,0.6
40230,1005,1.0,31,0.6
40231,1005,1.0,32,0.6
40232,1005,1.0,33,0.4
40233,1005,1.0,34,0.4
40234,1005,1.0,35,0.4
40235,1005,1.0,36,0.4
40236,1005,1.0,37,0.4
40237,1005,1.0,38,0.6
40238,1005,1.0,39,0.6
40239,1005,1.0,40,0.6
40240,1006,1.0,1,1.0
40241,1006,1.0,2,1.0
40242,1006,1.0,3,0.8
40243,1006,1.0,4,0.8
40244,1006,1.0,5,0.6
40245,1006,1.0,6,0.6
40246,1006,1.0,7,0.6
40247,1006,1.0,8,0.6
40248,1006,1.0,9,0.6
40249,1006,1.0,10,0.4
40250,1006,1.0,11,0.4
40251,1006,1.0,12,0.4
40252,1006,1.0,13,0.6
40253,1006,1.0,14,0.6
40254,1006,1.0,15,0.2
40255,1006,1.0,16,0.2
40256,1006,1.0,17,0.4
40257,1006,1.0,18,0.4
40258,1006,1.0,19,0.4
40259,1006,1.0,20,0.4
40260,1006,1.0,21,0.4
40261,1006,1.0,22,0.4
40262,1006,1.0,23,0.2
40263,1006,1.0,24,0.4
40264,1006,1.0,25,0.4
40265,1006,1.0,26,0.6
40266,1006,1.0,27,0.4
40267,1006,1.0,28,0.4
40268,1006,1.0,29,0.4
40269,1006,1.0,30,0.6
40270,1006,1.0,31,0.4
40271,1006,1.0,32,0.4
40272,1006,1.0,33,0.4
40273,1006,1.0,34,0.4
40274,1006,1.0,35,0.4
40275,1006,1.0,36,0.4
40276,1006,1.0,37,0.6
40277,1006,1.0,38,0.6
40278,1006,1.0,39,0.6
40279,1006,1.0,40,0.6
40280,1007,1.0,1,0.0
40281,1007,1.0,2,0.8
40282,1007,1.0,3,0.8
40283,1007,1.0,4,0.8
40284,1007,1.0,5,0.8
40285,1007,1.0,6,0.6
40286,1007,1.0,7,0.6
40287,1007,1.0,8,0.8
40288,1007,1.0,9,0.8
40289,1007,1.0,10,1.0
40290,1007,1.0,11,1.0
40291,1007,1.0,12,1.0
40292,1007,1.0,13,1.0
40293,1007,1.0,14,1.0
40294,1007,1.0,15,1.0
40295,1007,1.0,16,0.6
40296,1007,1.0,17,0.6
40297,1007,1.0,18,0.6
40298,1007,1.0,19,0.6
40299,1007,1.0,20,0.6
40300,1007,1.0,21,0.6
40301,1007,1.0,22,0.6
40302,1007,1.0,23,0.6
40303,1007,1.0,24,0.6
40304,1007,1.0,25,0.6
40305,1007,1.0,26,0.6
40306,1007,1.0,27,0.4
40307,1007,1.0,28,0.4
40308,1007,1.0,29,0.4
40309,1007,1.0,30,0.4
40310,1007,1.0,31,0.2
40311,1007,1.0,32,0.4
40312,1007,1.0,33,0.4
40313,1007,1.0,34,0.4
40314,1007,1.0,35,0.4
40315,1007,1.0,36,0.4
40316,1007,1.0,37,0.4
40317,1007,1.0,38,0.4
40318,1007,1.0,39,0.4
40319,1007,1.0,40,0.8
40320,1008,1.0,1,0.0
40321,1008,1.0,2,0.0
40322,1008,1.0,3,0.8
40323,1008,1.0,4,0.6
40324,1008,1.0,5,0.2
40325,1008,1.0,6,0.6
40326,1008,1.0,7,0.6
40327,1008,1.0,8,0.6
40328,1008,1.0,9,0.2
40329,1008,1.0,10,0.4
40330,1008,1.0,11,0.2
40331,1008,1.0,12,0.4
40332,1008,1.0,13,0.6
40333,1008,1.0,14,0.6
40334,1008,1.0,15,0.4
40335,1008,1.0,16,0.4
40336,1008,1.0,17,0.6
40337,1008,1.0,18,0.8
40338,1008,1.0,19,0.6
40339,1008,1.0,20,0.6
40340,1008,1.0,21,0.6
40341,1008,1.0,22,0.6
40342,1008,1.0,23,0.4
40343,1008,1.0,24,0.8
40344,1008,1.0,25,0.6
40345,1008,1.0,26,0.8
40346,1008,1.0,27,0.8
40347,1008,1.0,28,0.8
40348,1008,1.0,29,0.8
40349,1008,1.0,30,0.8
40350,1008,1.0,31,0.8
40351,1008,1.0,32,0.8
40352,1008,1.0,33,0.8
40353,1008,1.0,34,0.8
40354,1008,1.0,35,0.4
40355,1008,1.0,36,0.6
40356,1008,1.0,37,0.6
40357,1008,1.0,38,0.6
40358,1008,1.0,39,0.6
40359,1008,1.0,40,0.8
40360,1009,1.0,1,0.2
40361,1009,1.0,2,0.2
40362,1009,1.0,3,0.2
40363,1009,1.0,4,0.4
40364,1009,1.0,5,0.4
40365,1009,1.0,6,0.0
40366,1009,1.0,7,0.2
40367,1009,1.0,8,0.2
40368,1009,1.0,9,0.2
40369,1009,1.0,10,0.2
40370,1009,1.0,11,0.0
40371,1009,1.0,12,0.4
40372,1009,1.0,13,0.8
40373,1009,1.0,14,0.6
40374,1009,1.0,15,0.6
40375,1009,1.0,16,0.4
40376,1009,1.0,17,0.4
40377,1009,1.0,18,0.6
40378,1009,1.0,19,0.6
40379,1009,1.0,20,0.6
40380,1009,1.0,21,0.6
40381,1009,1.0,22,0.6
40382,1009,1.0,23,0.6
40383,1009,1.0,24,0.6
40384,1009,1.0,25,0.8
40385,1009,1.0,26,0.6
40386,1009,1.0,27,0.8
40387,1009,1.0,28,0.6
40388,1009,1.0,29,0.6
40389,1009,1.0,30,0.6
40390,1009,1.0,31,0.8
40391,1009,1.0,32,0.8
40392,1009,1.0,33,0.6
40393,1009,1.0,34,0.6
40394,1009,1.0,35,0.6
40395,1009,1.0,36,0.6
40396,1009,1.0,37,0.6
40397,1009,1.0,38,0.6
40398,1009,1.0,39,0.6
40399,1009,1.0,40,0.6
40400,1010,1.0,1,0.6
40401,1010,1.0,2,0.4
40402,1010,1.0,3,0.2
40403,1010,1.0,4,0.4
40404,1010,1.0,5,0.4
40405,1010,1.0,6,0.4
40406,1010,1.0,7,0.4
40407,1010,1.0,8,0.4
40408,1010,1.0,9,0.4
40409,1010,1.0,10,0.4
40410,1010,1.0,11,0.4
40411,1010,1.0,12,0.4
40412,1010,1.0,13,0.4
40413,1010,1.0,14,0.6
40414,1010,1.0,15,0.6
40415,1010,1.0,16,0.6
40416,1010,1.0,17,0.6
40417,1010,1.0,18,0.6
40418,1010,1.0,19,0.6
40419,1010,1.0,20,0.6
40420,1010,1.0,21,0.6
40421,1010,1.0,22,0.6
40422,1010,1.0,23,0.6
40423,1010,1.0,24,0.6
40424,1010,1.0,25,0.6
40425,1010,1.0,26,0.6
40426,1010,1.0,27,0.6
40427,1010,1.0,28,0.6
40428,1010,1.0,29,0.6
40429,1010,1.0,30,0.6
40430,1010,1.0,31,0.6
40431,1010,1.0,32,0.8
40432,1010,1.0,33,0.8
40433,1010,1.0,34,0.8
40434,1010,1.0,35,0.6
40435,1010,1.0,36,0.6
40436,1010,1.0,37,0.4
40437,1010,1.0,38,0.4
40438,1010,1.0,39,0.4
40439,1010,1.0,40,0.8
40440,1011,1.0,1,0.8
40441,1011,1.0,2,0.8
40442,1011,1.0,3,0.8
40443,1011,1.0,4,0.8
40444,1011,1.0,5,0.6
40445,1011,1.0,6,0.6
40446,1011,1.0,7,0.4
40447,1011,1.0,8,0.6
40448,1011,1.0,9,0.6
40449,1011,1.0,10,0.6
40450,1011,1.0,11,0.6
40451,1011,1.0,12,0.4
40452,1011,1.0,13,0.6
40453,1011,1.0,14,0.8
40454,1011,1.0,15,0.6
40455,1011,1.0,16,0.6
40456,1011,1.0,17,0.6
40457,1011,1.0,18,0.6
40458,1011,1.0,19,0.6
40459,1011,1.0,20,0.6
40460,1011,1.0,21,0.6
40461,1011,1.0,22,0.6
40462,1011,1.0,23,0.6
40463,1011,1.0,24,0.6
40464,1011,1.0,25,0.6
40465,1011,1.0,26,0.6
40466,1011,1.0,27,0.6
40467,1011,1.0,28,0.6
40468,1011,1.0,29,0.6
40469,1011,1.0,30,0.6
40470,1011,1.0,31,0.6
40471,1011,1.0,32,0.6
40472,1011,1.0,33,0.6
40473,1011,1.0,34,0.6
40474,1011,1.0,35,0.6
40475,1011,1.0,36,0.6
40476,1011,1.0,37,0.6
40477,1011,1.0,38,0.6
40478,1011,1.0,39,0.6
40479,1011,1.0,40,0.6
40480,1012,1.0,1,0.6
40481,1012,1.0,2,0.6
40482,1012,1.0,3,0.4
40483,1012,1.0,4,0.4
40484,1012,1.0,5,0.4
40485,1012,1.0,6,0.4
40486,1012,1.0,7,0.4
40487,1012,1.0,8,0.4
40488,1012,1.0,9,0.4
40489,1012,1.0,10,0.4
40490,1012,1.0,11,0.4
40491,1012,1.0,12,0.4
40492,1012,1.0,13,0.4
40493,1012,1.0,14,0.4
40494,1012,1.0,15,0.4
40495,1012,1.0,16,0.4
40496,1012,1.0,17,0.4
40497,1012,1.0,18,0.2
40498,1012,1.0,19,0.2
40499,1012,1.0,20,0.2
40500,1012,1.0,21,0.4
40501,1012,1.0,22,0.4
40502,1012,1.0,23,0.6
40503,1012,1.0,24,0.6
40504,1012,1.0,25,0.6
40505,1012,1.0,26,0.6
40506,1012,1.0,27,0.6
40507,1012,1.0,28,0.6
40508,1012,1.0,29,0.6
40509,1012,1.0,30,0.6
40510,1012,1.0,31,0.6
40511,1012,1.0,32,0.4
40512,1012,1.0,33,0.4
40513,1012,1.0,34,0.4
40514,1012,1.0,35,0.4
40515,1012,1.0,36,0.4
40516,1012,1.0,37,0.4
40517,1012,1.0,38,0.4
40518,1012,1.0,39,0.4
40519,1012,1.0,40,0.4
40520,1013,1.0,1,0.6
40521,1013,1.0,2,0.6
40522,1013,1.0,3,0.6
40523,1013,1.0,4,0.6
40524,1013,1.0,5,0.6
40525,1013,1.0,6,0.6
40526,1013,1.0,7,0.6
40527,1013,1.0,8,0.4
40528,1013,1.0,9,0.4
40529,1013,1.0,10,0.4
40530,1013,1.0,11,0.4
40531,1013,1.0,12,0.4
40532,1013,1.0,13,0.4
40533,1013,1.0,14,0.4
40534,1013,1.0,15,0.4
40535,1013,1.0,16,0.4
40536,1013,1.0,17,0.6
40537,1013,1.0,18,0.6
40538,1013,1.0,19,0.6
40539,1013,1.0,20,0.6
40540,1013,1.0,21,0.6
40541,1013,1.0,22,0.6
40542,1013,1.0,23,0.6
40543,1013,1.0,24,0.8
40544,1013,1.0,25,0.8
40545,1013,1.0,26,0.8
40546,1013,1.0,27,0.8
40547,1013,1.0,28,0.4
40548,1013,1.0,29,0.4
40549,1013,1.0,30,0.4
40550,1013,1.0,31,0.6
40551,1013,1.0,32,0.6
40552,1013,1.0,33,0.8
40553,1013,1.0,34,0.6
40554,1013,1.0,35,0.6
40555,1013,1.0,36,0.6
40556,1013,1.0,37,0.6
40557,1013,1.0,38,0.6
40558,1013,1.0,39,0.8
40559,1013,1.0,40,0.8
40560,1014,1.0,1,0.0
40561,1014,1.0,2,0.4
40562,1014,1.0,3,0.4
40563,1014,1.0,4,0.4
40564,1014,1.0,5,0.4
40565,1014,1.0,6,0.4
40566,1014,1.0,7,0.4
40567,1014,1.0,8,0.4
40568,1014,1.0,9,0.4
40569,1014,1.0,10,0.4
40570,1014,1.0,11,0.6
40571,1014,1.0,12,0.6
40572,1014,1.0,13,0.6
40573,1014,1.0,14,0.6
40574,1014,1.0,15,0.6
40575,1014,1.0,16,0.6
40576,1014,1.0,17,0.8
40577,1014,1.0,18,0.6
40578,1014,1.0,19,0.4
40579,1014,1.0,20,0.4
40580,1014,1.0,21,0.6
40581,1014,1.0,22,0.6
40582,1014,1.0,23,0.4
40583,1014,1.0,24,0.0
40584,1014,1.0,25,0.0
40585,1014,1.0,26,0.0
40586,1014,1.0,27,0.0
40587,1014,1.0,28,0.0
40588,1014,1.0,29,0.0
40589,1014,1.0,30,0.0
40590,1014,1.0,31,0.0
40591,1014,1.0,32,0.0
40592,1014,1.0,33,0.2
40593,1014,1.0,34,0.2
40594,1014,1.0,35,0.4
40595,1014,1.0,36,0.2
40596,1014,1.0,37,0.2
40597,1014,1.0,38,0.2
40598,1014,1.0,39,0.2
40599,1014,1.0,40,0.2
40600,1015,1.0,1,1.0
40601,1015,1.0,2,1.0
40602,1015,1.0,3,1.0
40603,1015,1.0,4,0.4
40604,1015,1.0,5,0.4
40605,1015,1.0,6,0.4
40606,1015,1.0,7,0.4
40607,1015,1.0,8,0.4
40608,1015,1.0,9,0.4
40609,1015,1.0,10,0.4
40610,1015,1.0,11,0.4
40611,1015,1.0,12,0.4
40612,1015,1.0,13,0.4
40613,1015,1.0,14,0.6
40614,1015,1.0,15,0.6
40615,1015,1.0,16,0.6
40616,1015,1.0,17,0.6
40617,1015,1.0,18,0.6
40618,1015,1.0,19,0.6
40619,1015,1.0,20,0.6
40620,1015,1.0,21,0.6
40621,1015,1.0,22,0.6
40622,1015,1.0,23,0.6
40623,1015,1.0,24,0.6
40624,1015,1.0,25,0.6
40625,1015,1.0,26,0.6
40626,1015,1.0,27,0.6
40627,1015,1.0,28,0.6
40628,1015,1.0,29,0.6
40629,1015,1.0,30,0.6
40630,1015,1.0,31,0.6
40631,1015,1.0,32,0.4
40632,1015,1.0,33,0.4
40633,1015,1.0,34,0.4
40634,1015,1.0,35,0.6
40635,1015,1.0,36,0.6
40636,1015,1.0,37,0.6
40637,1015,1.0,38,0.6
40638,1015,1.0,39,0.6
40639,1015,1.0,40,0.6
40640,1016,1.0,1,0.0
40641,1016,1.0,2,0.2
40642,1016,1.0,3,0.2
40643,1016,1.0,4,0.4
40644,1016,1.0,5,0.4
40645,1016,1.0,6,0.4
40646,1016,1.0,7,0.4
40647,1016,1.0,8,0.4
40648,1016,1.0,9,0.4
40649,1016,1.0,10,0.4
40650,1016,1.0,11,0.4
40651,1016,1.0,12,0.4
40652,1016,1.0,13,0.6
40653,1016,1.0,14,0.4
40654,1016,1.0,15,0.4
40655,1016,1.0,16,0.4
40656,1016,1.0,17,0.4
40657,1016,1.0,18,0.4
40658,1016,1.0,19,0.4
40659,1016,1.0,20,0.4
40660,1016,1.0,21,0.4
40661,1016,1.0,22,0.4
40662,1016,1.0,23,0.4
40663,1016,1.0,24,0.6
40664,1016,1.0,25,0.4
40665,1016,1.0,26,0.6
40666,1016,1.0,27,0.6
40667,1016,1.0,28,0.6
40668,1016,1.0,29,0.6
40669,1016,1.0,30,0.6
40670,1016,1.0,31,0.6
40671,1016,1.0,32,0.6
40672,1016,1.0,33,0.6
40673,1016,1.0,34,0.6
40674,1016,1.0,35,0.6
40675,1016,1.0,36,0.6
40676,1016,1.0,37,0.6
40677,1016,1.0,38,0.6
40678,1016,1.0,39,0.6
40679,1016,1.0,40,0.6
40680,1017,1.0,1,1.0
40681,1017,1.0,2,1.0
40682,1017,1.0,3,0.6
40683,1017,1.0,4,0.6
40684,1017,1.0,5,0.6
40685,1017,1.0,6,0.8
40686,1017,1.0,7,0.8
40687,1017,1.0,8,0.8
40688,1017,1.0,9,0.8
40689,1017,1.0,10,0.8
40690,1017,1.0,11,0.8
40691,1017,1.0,12,0.8
40692,1017,1.0,13,0.8
40693,1017,1.0,14,0.8
40694,1017,1.0,15,0.8
40695,1017,1.0,16,0.8
40696,1017,1.0,17,0.8
40697,1017,1.0,18,0.8
40698,1017,1.0,19,0.8
40699,1017,1.0,20,0.6
40700,1017,1.0,21,0.6
40701,1017,1.0,22,0.6
40702,1017,1.0,23,0.6
40703,1017,1.0,24,0.8
40704,1017,1.0,25,0.8
40705,1017,1.0,26,0.8
40706,1017,1.0,27,0.8
40707,1017,1.0,28,0.8
40708,1017,1.0,29,0.8
40709,1017,1.0,30,0.6
40710,1017,1.0,31,0.6
40711,1017,1.0,32,0.8
40712,1017,1.0,33,0.8
40713,1017,1.0,34,0.8
40714,1017,1.0,35,0.8
40715,1017,1.0,36,0.8
40716,1017,1.0,37,0.8
40717,1017,1.0,38,0.8
40718,1017,1.0,39,0.8
40719,1017,1.0,40,0.8
40720,1018,1.0,1,0.8
40721,1018,1.0,2,0.6
40722,1018,1.0,3,0.6
40723,1018,1.0,4,0.6
40724,1018,1.0,5,0.6
40725,1018,1.0,6,0.8
40726,1018,1.0,7,0.8
40727,1018,1.0,8,0.8
40728,1018,1.0,9,0.8
40729,1018,1.0,10,0.8
40730,1018,1.0,11,0.6
40731,1018,1.0,12,0.6
40732,1018,1.0,13,0.6
40733,1018,1.0,14,0.6
40734,1018,1.0,15,0.6
40735,1018,1.0,16,0.6
40736,1018,1.0,17,0.6
40737,1018,1.0,18,0.8
40738,1018,1.0,19,0.8
40739,1018,1.0,20,0.6
40740,1018,1.0,21,0.6
40741,1018,1.0,22,0.8
40742,1018,1.0,23,0.8
40743,1018,1.0,24,0.6
40744,1018,1.0,25,0.6
40745,1018,1.0,26,0.8
40746,1018,1.0,27,1.0
40747,1018,1.0,28,1.0
40748,1018,1.0,29,0.8
40749,1018,1.0,30,0.8
40750,1018,1.0,31,0.8
40751,1018,1.0,32,0.8
40752,1018,1.0,33,0.8
40753,1018,1.0,34,0.8
40754,1018,1.0,35,0.8
40755,1018,1.0,36,0.8
40756,1018,1.0,37,0.8
40757,1018,1.0,38,0.8
40758,1018,1.0,39,0.8
40759,1018,1.0,40,0.8
40760,1019,1.0,1,0.2
40761,1019,1.0,2,0.4
40762,1019,1.0,3,0.4
40763,1019,1.0,4,0.4
40764,1019,1.0,5,0.4
40765,1019,1.0,6,0.4
40766,1019,1.0,7,0.4
40767,1019,1.0,8,0.4
40768,1019,1.0,9,0.4
40769,1019,1.0,10,0.4
40770,1019,1.0,11,0.4
40771,1019,1.0,12,0.4
40772,1019,1.0,13,0.4
40773,1019,1.0,14,0.4
40774,1019,1.0,15,0.4
40775,1019,1.0,16,0.4
40776,1019,1.0,17,0.4
40777,1019,1.0,18,0.4
40778,1019,1.0,19,0.4
40779,1019,1.0,20,0.4
40780,1019,1.0,21,0.4
40781,1019,1.0,22,0.4
40782,1019,1.0,23,0.4
40783,1019,1.0,24,0.4
40784,1019,1.0,25,0.4
40785,1019,1.0,26,0.4
40786,1019,1.0,27,0.4
40787,1019,1.0,28,0.4
40788,1019,1.0,29,0.4
40789,1019,1.0,30,0.4
40790,1019,1.0,31,0.4
40791,1019,1.0,32,0.4
40792,1019,1.0,33,0.4
40793,1019,1.0,34,0.4
40794,1019,1.0,35,0.4
40795,1019,1.0,36,0.4
40796,1019,1.0,37,0.4
40797,1019,1.0,38,0.4
40798,1019,1.0,39,0.4
40799,1019,1.0,40,0.4
40800,1020,1.0,1,0.0
40801,1020,1.0,2,0.2
40802,1020,1.0,3,0.0
40803,1020,1.0,4,0.6
40804,1020,1.0,5,0.2
40805,1020,1.0,6,0.4
40806,1020,1.0,7,0.4
40807,1020,1.0,8,0.4
40808,1020,1.0,9,0.4
40809,1020,1.0,10,0.0
40810,1020,1.0,11,0.0
40811,1020,1.0,12,0.2
40812,1020,1.0,13,0.2
40813,1020,1.0,14,0.2
40814,1020,1.0,15,0.2
40815,1020,1.0,16,0.2
40816,1020,1.0,17,0.6
40817,1020,1.0,18,0.6
40818,1020,1.0,19,0.6
40819,1020,1.0,20,0.6
40820,1020,1.0,21,0.6
40821,1020,1.0,22,0.4
40822,1020,1.0,23,0.4
40823,1020,1.0,24,0.4
40824,1020,1.0,25,0.8
40825,1020,1.0,26,0.8
40826,1020,1.0,27,0.6
40827,1020,1.0,28,0.6
40828,1020,1.0,29,0.8
40829,1020,1.0,30,0.4
40830,1020,1.0,31,0.4
40831,1020,1.0,32,0.8
40832,1020,1.0,33,0.8
40833,1020,1.0,34,0.8
40834,1020,1.0,35,0.8
40835,1020,1.0,36,0.8
40836,1020,1.0,37,0.8
40837,1020,1.0,38,0.8
40838,1020,1.0,39,0.8
40839,1020,1.0,40,0.6
40840,1021,1.0,1,0.6
40841,1021,1.0,2,0.6
40842,1021,1.0,3,0.4
40843,1021,1.0,4,0.4
40844,1021,1.0,5,0.4
40845,1021,1.0,6,0.4
40846,1021,1.0,7,0.8
40847,1021,1.0,8,0.6
40848,1021,1.0,9,0.8
40849,1021,1.0,10,0.6
40850,1021,1.0,11,0.8
40851,1021,1.0,12,0.8
40852,1021,1.0,13,0.8
40853,1021,1.0,14,0.6
40854,1021,1.0,15,0.8
40855,1021,1.0,16,0.6
40856,1021,1.0,17,0.6
40857,1021,1.0,18,1.0
40858,1021,1.0,19,1.0
40859,1021,1.0,20,0.6
40860,1021,1.0,21,0.6
40861,1021,1.0,22,0.6
40862,1021,1.0,23,0.6
40863,1021,1.0,24,0.6
40864,1021,1.0,25,0.6
40865,1021,1.0,26,0.2
40866,1021,1.0,27,0.2
40867,1021,1.0,28,0.2
40868,1021,1.0,29,0.2
40869,1021,1.0,30,0.2
40870,1021,1.0,31,0.2
40871,1021,1.0,32,0.8
40872,1021,1.0,33,0.8
40873,1021,1.0,34,0.6
40874,1021,1.0,35,0.6
40875,1021,1.0,36,0.6
40876,1021,1.0,37,0.6
40877,1021,1.0,38,0.6
40878,1021,1.0,39,0.6
40879,1021,1.0,40,0.6
40880,1022,1.0,1,0.6
40881,1022,1.0,2,0.6
40882,1022,1.0,3,0.4
40883,1022,1.0,4,0.6
40884,1022,1.0,5,0.6
40885,1022,1.0,6,0.6
40886,1022,1.0,7,0.8
40887,1022,1.0,8,0.8
40888,1022,1.0,9,0.8
40889,1022,1.0,10,0.8
40890,1022,1.0,11,0.8
40891,1022,1.0,12,0.6
40892,1022,1.0,13,0.6
40893,1022,1.0,14,0.6
40894,1022,1.0,15,0.8
40895,1022,1.0,16,0.8
40896,1022,1.0,17,0.8
40897,1022,1.0,18,0.8
40898,1022,1.0,19,0.8
40899,1022,1.0,20,0.6
40900,1022,1.0,21,0.6
40901,1022,1.0,22,0.6
40902,1022,1.0,23,0.6
40903,1022,1.0,24,0.6
40904,1022,1.0,25,0.6
40905,1022,1.0,26,0.6
40906,1022,1.0,27,0.6
40907,1022,1.0,28,0.6
40908,1022,1.0,29,0.6
40909,1022,1.0,30,0.4
40910,1022,1.0,31,0.6
40911,1022,1.0,32,0.6
40912,1022,1.0,33,0.6
40913,1022,1.0,34,0.6
40914,1022,1.0,35,0.6
40915,1022,1.0,36,0.6
40916,1022,1.0,37,0.6
40917,1022,1.0,38,0.4
40918,1022,1.0,39,0.8
40919,1022,1.0,40,0.8
40920,1023,1.0,1,0.0
40921,1023,1.0,2,0.4
40922,1023,1.0,3,0.6
40923,1023,1.0,4,0.6
40924,1023,1.0,5,0.6
40925,1023,1.0,6,0.6
40926,1023,1.0,7,0.6
40927,1023,1.0,8,0.6
40928,1023,1.0,9,0.6
40929,1023,1.0,10,0.6
40930,1023,1.0,11,0.6
40931,1023,1.0,12,0.6
40932,1023,1.0,13,0.8
40933,1023,1.0,14,0.6
40934,1023,1.0,15,0.6
40935,1023,1.0,16,0.6
40936,1023,1.0,17,0.6
40937,1023,1.0,18,0.6
40938,1023,1.0,19,0.6
40939,1023,1.0,20,0.6
40940,1023,1.0,21,0.6
40941,1023,1.0,22,0.6
40942,1023,1.0,23,0.6
40943,1023,1.0,24,0.6
40944,1023,1.0,25,0.6
40945,1023,1.0,26,0.6
40946,1023,1.0,27,0.6
40947,1023,1.0,28,0.4
40948,1023,1.0,29,0.4
40949,1023,1.0,30,0.4
40950,1023,1.0,31,0.4
40951,1023,1.0,32,0.4
40952,1023,1.0,33,0.4
40953,1023,1.0,34,0.4
40954,1023,1.0,35,0.4
40955,1023,1.0,36,0.4
40956,1023,1.0,37,0.4
40957,1023,1.0,38,0.4
40958,1023,1.0,39,0.4
40959,1023,1.0,40,0.4
40960,1024,1.0,1,0.0
40961,1024,1.0,2,0.0
40962,1024,1.0,3,0.0
40963,1024,1.0,4,0.2
40964,1024,1.0,5,0.2
40965,1024,1.0,6,0.4
40966,1024,1.0,7,0.4
40967,1024,1.0,8,0.2
40968,1024,1.0,9,0.2
40969,1024,1.0,10,0.4
40970,1024,1.0,11,0.0
40971,1024,1.0,12,0.2
40972,1024,1.0,13,0.4
40973,1024,1.0,14,0.2
40974,1024,1.0,15,0.2
40975,1024,1.0,16,0.4
40976,1024,1.0,17,0.4
40977,1024,1.0,18,0.4
40978,1024,1.0,19,0.4
40979,1024,1.0,20,0.4
40980,1024,1.0,21,0.4
40981,1024,1.0,22,0.6
40982,1024,1.0,23,0.6
40983,1024,1.0,24,0.6
40984,1024,1.0,25,0.6
40985,1024,1.0,26,0.6
40986,1024,1.0,27,0.4
40987,1024,1.0,28,0.4
40988,1024,1.0,29,0.4
40989,1024,1.0,30,0.6
40990,1024,1.0,31,0.6
40991,1024,1.0,32,0.6
40992,1024,1.0,33,0.6
40993,1024,1.0,34,0.8
40994,1024,1.0,35,0.8
40995,1024,1.0,36,0.8
40996,1024,1.0,37,0.6
40997,1024,1.0,38,0.6
40998,1024,1.0,39,0.4
40999,1024,1.0,40,0.6
41000,1025,1.0,1,0.0
41001,1025,1.0,2,0.4
41002,1025,1.0,3,0.4
41003,1025,1.0,4,0.4
41004,1025,1.0,5,0.6
41005,1025,1.0,6,0.4
41006,1025,1.0,7,0.4
41007,1025,1.0,8,0.6
41008,1025,1.0,9,0.2
41009,1025,1.0,10,0.2
41010,1025,1.0,11,0.4
41011,1025,1.0,12,0.6
41012,1025,1.0,13,0.6
41013,1025,1.0,14,0.4
41014,1025,1.0,15,0.2
41015,1025,1.0,16,0.4
41016,1025,1.0,17,0.2
41017,1025,1.0,18,0.2
41018,1025,1.0,19,0.2
41019,1025,1.0,20,0.2
41020,1025,1.0,21,0.4
41021,1025,1.0,22,0.2
41022,1025,1.0,23,0.6
41023,1025,1.0,24,0.6
41024,1025,1.0,25,0.6
41025,1025,1.0,26,0.4
41026,1025,1.0,27,0.4
41027,1025,1.0,28,0.6
41028,1025,1.0,29,0.6
41029,1025,1.0,30,0.8
41030,1025,1.0,31,0.8
41031,1025,1.0,32,0.8
41032,1025,1.0,33,1.0
41033,1025,1.0,34,1.0
41034,1025,1.0,35,1.0
41035,1025,1.0,36,1.0
41036,1025,1.0,37,0.8
41037,1025,1.0,38,0.6
41038,1025,1.0,39,0.6
41039,1025,1.0,40,0.6
41040,1026,1.0,1,1.0
41041,1026,1.0,2,1.0
41042,1026,1.0,3,1.0
41043,1026,1.0,4,0.6
41044,1026,1.0,5,0.6
41045,1026,1.0,6,0.6
41046,1026,1.0,7,0.4
41047,1026,1.0,8,0.4
41048,1026,1.0,9,0.6
41049,1026,1.0,10,0.4
41050,1026,1.0,11,0.6
41051,1026,1.0,12,0.6
41052,1026,1.0,13,0.6
41053,1026,1.0,14,0.6
41054,1026,1.0,15,0.6
41055,1026,1.0,16,0.4
41056,1026,1.0,17,0.4
41057,1026,1.0,18,0.4
41058,1026,1.0,19,0.4
41059,1026,1.0,20,0.2
41060,1026,1.0,21,0.2
41061,1026,1.0,22,0.2
41062,1026,1.0,23,0.2
41063,1026,1.0,24,0.2
41064,1026,1.0,25,0.2
41065,1026,1.0,26,0.2
41066,1026,1.0,27,0.2
41067,1026,1.0,28,0.2
41068,1026,1.0,29,0.2
41069,1026,1.0,30,0.2
41070,1026,1.0,31,0.4
41071,1026,1.0,32,0.4
41072,1026,1.0,33,0.4
41073,1026,1.0,34,0.2
41074,1026,1.0,35,0.2
41075,1026,1.0,36,0.2
41076,1026,1.0,37,0.2
41077,1026,1.0,38,0.2
41078,1026,1.0,39,0.2
41079,1026,1.0,40,0.2
41080,1027,1.0,1,0.8
41081,1027,1.0,2,0.8
41082,1027,1.0,3,0.8
41083,1027,1.0,4,0.8
41084,1027,1.0,5,0.2
41085,1027,1.0,6,0.4
41086,1027,1.0,7,0.8
41087,1027,1.0,8,0.8
41088,1027,1.0,9,0.8
41089,1027,1.0,10,0.6
41090,1027,1.0,11,0.6
41091,1027,1.0,12,0.6
41092,1027,1.0,13,0.6
41093,1027,1.0,14,0.6
41094,1027,1.0,15,0.6
41095,1027,1.0,16,0.6
41096,1027,1.0,17,0.6
41097,1027,1.0,18,0.4
41098,1027,1.0,19,0.6
41099,1027,1.0,20,0.4
41100,1027,1.0,21,0.4
41101,1027,1.0,22,0.6
41102,1027,1.0,23,0.6
41103,1027,1.0,24,0.6
41104,1027,1.0,25,0.6
41105,1027,1.0,26,0.6
41106,1027,1.0,27,0.6
41107,1027,1.0,28,0.6
41108,1027,1.0,29,0.6
41109,1027,1.0,30,0.8
41110,1027,1.0,31,0.8
41111,1027,1.0,32,0.8
41112,1027,1.0,33,0.6
41113,1027,1.0,34,0.8
41114,1027,1.0,35,0.8
41115,1027,1.0,36,0.8
41116,1027,1.0,37,0.8
41117,1027,1.0,38,0.8
41118,1027,1.0,39,0.8
41119,1027,1.0,40,0.8
41120,1028,1.0,1,0.6
41121,1028,1.0,2,0.6
41122,1028,1.0,3,0.4
41123,1028,1.0,4,0.6
41124,1028,1.0,5,0.6
41125,1028,1.0,6,0.2
41126,1028,1.0,7,0.4
41127,1028,1.0,8,0.2
41128,1028,1.0,9,0.4
41129,1028,1.0,10,0.6
41130,1028,1.0,11,0.6
41131,1028,1.0,12,0.6
41132,1028,1.0,13,0.6
41133,1028,1.0,14,0.6
41134,1028,1.0,15,0.6
41135,1028,1.0,16,0.4
41136,1028,1.0,17,0.4
41137,1028,1.0,18,0.4
41138,1028,1.0,19,0.4
41139,1028,1.0,20,0.4
41140,1028,1.0,21,0.4
41141,1028,1.0,22,0.4
41142,1028,1.0,23,0.6
41143,1028,1.0,24,0.4
41144,1028,1.0,25,0.4
41145,1028,1.0,26,0.4
41146,1028,1.0,27,0.4
41147,1028,1.0,28,0.4
41148,1028,1.0,29,0.4
41149,1028,1.0,30,0.4
41150,1028,1.0,31,0.8
41151,1028,1.0,32,0.6
41152,1028,1.0,33,0.6
41153,1028,1.0,34,0.6
41154,1028,1.0,35,0.6
41155,1028,1.0,36,0.6
41156,1028,1.0,37,0.8
41157,1028,1.0,38,0.6
41158,1028,1.0,39,0.6
41159,1028,1.0,40,0.6
41160,1029,1.0,1,0.8
41161,1029,1.0,2,0.6
41162,1029,1.0,3,0.4
41163,1029,1.0,4,0.4
41164,1029,1.0,5,0.4
41165,1029,1.0,6,0.4
41166,1029,1.0,7,0.4
41167,1029,1.0,8,0.4
41168,1029,1.0,9,0.4
41169,1029,1.0,10,0.4
41170,1029,1.0,11,0.4
41171,1029,1.0,12,0.4
41172,1029,1.0,13,0.4
41173,1029,1.0,14,0.4
41174,1029,1.0,15,0.4
41175,1029,1.0,16,0.4
41176,1029,1.0,17,0.4
41177,1029,1.0,18,0.4
41178,1029,1.0,19,0.4
41179,1029,1.0,20,0.4
41180,1029,1.0,21,0.4
41181,1029,1.0,22,0.4
41182,1029,1.0,23,0.4
41183,1029,1.0,24,0.2
41184,1029,1.0,25,0.2
41185,1029,1.0,26,0.2
41186,1029,1.0,27,0.2
41187,1029,1.0,28,0.2
41188,1029,1.0,29,0.2
41189,1029,1.0,30,0.2
41190,1029,1.0,31,0.2
41191,1029,1.0,32,0.2
41192,1029,1.0,33,0.4
41193,1029,1.0,34,0.4
41194,1029,1.0,35,0.4
41195,1029,1.0,36,0.4
41196,1029,1.0,37,0.4
41197,1029,1.0,38,0.4
41198,1029,1.0,39,0.6
41199,1029,1.0,40,0.6
41200,1030,1.0,1,0.6
41201,1030,1.0,2,0.4
41202,1030,1.0,3,0.6
41203,1030,1.0,4,0.4
41204,1030,1.0,5,0.4
41205,1030,1.0,6,0.4
41206,1030,1.0,7,0.4
41207,1030,1.0,8,0.4
41208,1030,1.0,9,0.4
41209,1030,1.0,10,0.4
41210,1030,1.0,11,0.4
41211,1030,1.0,12,0.4
41212,1030,1.0,13,0.6
41213,1030,1.0,14,0.6
41214,1030,1.0,15,0.6
41215,1030,1.0,16,0.4
41216,1030,1.0,17,0.6
41217,1030,1.0,18,0.6
41218,1030,1.0,19,0.6
41219,1030,1.0,20,0.6
41220,1030,1.0,21,0.6
41221,1030,1.0,22,0.6
41222,1030,1.0,23,0.4
41223,1030,1.0,24,0.6
41224,1030,1.0,25,0.6
41225,1030,1.0,26,0.6
41226,1030,1.0,27,0.4
41227,1030,1.0,28,0.4
41228,1030,1.0,29,0.4
41229,1030,1.0,30,0.4
41230,1030,1.0,31,0.6
41231,1030,1.0,32,0.6
41232,1030,1.0,33,0.6
41233,1030,1.0,34,0.6
41234,1030,1.0,35,0.4
41235,1030,1.0,36,0.6
41236,1030,1.0,37,0.6
41237,1030,1.0,38,0.6
41238,1030,1.0,39,0.4
41239,1030,1.0,40,0.4
41240,1031,1.0,1,0.4
41241,1031,1.0,2,0.2
41242,1031,1.0,3,0.4
41243,1031,1.0,4,0.4
41244,1031,1.0,5,0.4
41245,1031,1.0,6,0.4
41246,1031,1.0,7,0.4
41247,1031,1.0,8,0.4
41248,1031,1.0,9,0.4
41249,1031,1.0,10,0.4
41250,1031,1.0,11,0.4
41251,1031,1.0,12,0.4
41252,1031,1.0,13,0.4
41253,1031,1.0,14,0.4
41254,1031,1.0,15,0.4
41255,1031,1.0,16,0.6
41256,1031,1.0,17,0.6
41257,1031,1.0,18,0.6
41258,1031,1.0,19,0.6
41259,1031,1.0,20,0.6
41260,1031,1.0,21,0.6
41261,1031,1.0,22,0.6
41262,1031,1.0,23,0.6
41263,1031,1.0,24,0.6
41264,1031,1.0,25,0.6
41265,1031,1.0,26,0.6
41266,1031,1.0,27,0.6
41267,1031,1.0,28,0.6
41268,1031,1.0,29,0.6
41269,1031,1.0,30,0.4
41270,1031,1.0,31,0.4
41271,1031,1.0,32,0.4
41272,1031,1.0,33,0.6
41273,1031,1.0,34,0.6
41274,1031,1.0,35,0.6
41275,1031,1.0,36,0.6
41276,1031,1.0,37,0.6
41277,1031,1.0,38,0.6
41278,1031,1.0,39,0.6
41279,1031,1.0,40,0.6
41280,1032,1.0,1,0.0
41281,1032,1.0,2,0.6
41282,1032,1.0,3,0.4
41283,1032,1.0,4,0.4
41284,1032,1.0,5,0.4
41285,1032,1.0,6,0.4
41286,1032,1.0,7,0.4
41287,1032,1.0,8,0.4
41288,1032,1.0,9,0.4
41289,1032,1.0,10,0.4
41290,1032,1.0,11,0.4
41291,1032,1.0,12,0.4
41292,1032,1.0,13,0.4
41293,1032,1.0,14,0.4
41294,1032,1.0,15,0.4
41295,1032,1.0,16,0.4
41296,1032,1.0,17,0.4
41297,1032,1.0,18,0.4
41298,1032,1.0,19,0.4
41299,1032,1.0,20,0.4
41300,1032,1.0,21,0.4
41301,1032,1.0,22,0.4
41302,1032,1.0,23,0.4
41303,1032,1.0,24,0.4
41304,1032,1.0,25,0.4
41305,1032,1.0,26,0.4
41306,1032,1.0,27,0.4
41307,1032,1.0,28,0.6
41308,1032,1.0,29,0.6
41309,1032,1.0,30,0.6
41310,1032,1.0,31,0.6
41311,1032,1.0,32,0.6
41312,1032,1.0,33,0.6
41313,1032,1.0,34,0.6
41314,1032,1.0,35,0.6
41315,1032,1.0,36,0.6
41316,1032,1.0,37,0.6
41317,1032,1.0,38,0.8
41318,1032,1.0,39,0.8
41319,1032,1.0,40,0.8
41320,1033,1.0,1,1.0
41321,1033,1.0,2,1.0
41322,1033,1.0,3,1.0
41323,1033,1.0,4,1.0
41324,1033,1.0,5,0.4
41325,1033,1.0,6,0.4
41326,1033,1.0,7,0.4
41327,1033,1.0,8,0.4
41328,1033,1.0,9,0.4
41329,1033,1.0,10,0.4
41330,1033,1.0,11,0.4
41331,1033,1.0,12,0.4
41332,1033,1.0,13,0.4
41333,1033,1.0,14,0.4
41334,1033,1.0,15,0.4
41335,1033,1.0,16,0.6
41336,1033,1.0,17,0.4
41337,1033,1.0,18,0.4
41338,1033,1.0,19,0.4
41339,1033,1.0,20,0.4
41340,1033,1.0,21,0.4
41341,1033,1.0,22,0.6
41342,1033,1.0,23,0.4
41343,1033,1.0,24,0.6
41344,1033,1.0,25,0.6
41345,1033,1.0,26,0.6
41346,1033,1.0,27,0.6
41347,1033,1.0,28,0.6
41348,1033,1.0,29,0.6
41349,1033,1.0,30,0.6
41350,1033,1.0,31,0.6
41351,1033,1.0,32,0.6
41352,1033,1.0,33,0.6
41353,1033,1.0,34,0.4
41354,1033,1.0,35,0.4
41355,1033,1.0,36,0.4
41356,1033,1.0,37,0.4
41357,1033,1.0,38,0.4
41358,1033,1.0,39,0.4
41359,1033,1.0,40,0.4
41360,1034,1.0,1,0.0
41361,1034,1.0,2,0.4
41362,1034,1.0,3,0.4
41363,1034,1.0,4,1.0
41364,1034,1.0,5,1.0
41365,1034,1.0,6,0.8
41366,1034,1.0,7,0.8
41367,1034,1.0,8,0.8
41368,1034,1.0,9,0.8
41369,1034,1.0,10,0.8
41370,1034,1.0,11,0.8
41371,1034,1.0,12,0.8
41372,1034,1.0,13,0.8
41373,1034,1.0,14,0.8
41374,1034,1.0,15,0.8
41375,1034,1.0,16,0.8
41376,1034,1.0,17,0.8
41377,1034,1.0,18,0.8
41378,1034,1.0,19,0.8
41379,1034,1.0,20,0.8
41380,1034,1.0,21,0.8
41381,1034,1.0,22,0.8
41382,1034,1.0,23,0.8
41383,1034,1.0,24,0.8
41384,1034,1.0,25,0.8
41385,1034,1.0,26,0.8
41386,1034,1.0,27,0.8
41387,1034,1.0,28,0.8
41388,1034,1.0,29,0.8
41389,1034,1.0,30,0.8
41390,1034,1.0,31,0.6
41391,1034,1.0,32,0.6
41392,1034,1.0,33,0.6
41393,1034,1.0,34,0.6
41394,1034,1.0,35,0.6
41395,1034,1.0,36,0.8
41396,1034,1.0,37,0.8
41397,1034,1.0,38,0.8
41398,1034,1.0,39,0.8
41399,1034,1.0,40,0.8
41400,1035,1.0,1,0.0
41401,1035,1.0,2,0.0
41402,1035,1.0,3,0.8
41403,1035,1.0,4,0.6
41404,1035,1.0,5,0.4
41405,1035,1.0,6,0.2
41406,1035,1.0,7,0.6
41407,1035,1.0,8,0.4
41408,1035,1.0,9,0.6
41409,1035,1.0,10,0.6
41410,1035,1.0,11,0.6
41411,1035,1.0,12,0.6
41412,1035,1.0,13,0.6
41413,1035,1.0,14,0.6
41414,1035,1.0,15,0.6
41415,1035,1.0,16,0.6
41416,1035,1.0,17,0.6
41417,1035,1.0,18,0.6
41418,1035,1.0,19,0.6
41419,1035,1.0,20,0.6
41420,1035,1.0,21,0.6
41421,1035,1.0,22,0.4
41422,1035,1.0,23,0.4
41423,1035,1.0,24,0.4
41424,1035,1.0,25,0.4
41425,1035,1.0,26,0.4
41426,1035,1.0,27,0.4
41427,1035,1.0,28,0.4
41428,1035,1.0,29,0.4
41429,1035,1.0,30,0.4
41430,1035,1.0,31,0.4
41431,1035,1.0,32,0.4
41432,1035,1.0,33,0.4
41433,1035,1.0,34,0.4
41434,1035,1.0,35,0.4
41435,1035,1.0,36,0.6
41436,1035,1.0,37,0.6
41437,1035,1.0,38,0.4
41438,1035,1.0,39,0.6
41439,1035,1.0,40,0.4
41440,1036,1.0,1,0.8
41441,1036,1.0,2,0.8
41442,1036,1.0,3,0.4
41443,1036,1.0,4,0.4
41444,1036,1.0,5,0.6
41445,1036,1.0,6,0.4
41446,1036,1.0,7,0.4
41447,1036,1.0,8,0.2
41448,1036,1.0,9,0.2
41449,1036,1.0,10,0.2
41450,1036,1.0,11,0.2
41451,1036,1.0,12,0.2
41452,1036,1.0,13,0.2
41453,1036,1.0,14,0.2
41454,1036,1.0,15,0.2
41455,1036,1.0,16,0.2
41456,1036,1.0,17,0.2
41457,1036,1.0,18,0.2
41458,1036,1.0,19,0.2
41459,1036,1.0,20,0.2
41460,1036,1.0,21,0.2
41461,1036,1.0,22,0.2
41462,1036,1.0,23,0.2
41463,1036,1.0,24,0.2
41464,1036,1.0,25,0.2
41465,1036,1.0,26,0.2
41466,1036,1.0,27,0.2
41467,1036,1.0,28,0.2
41468,1036,1.0,29,0.2
41469,1036,1.0,30,0.2
41470,1036,1.0,31,0.2
41471,1036,1.0,32,0.2
41472,1036,1.0,33,0.2
41473,1036,1.0,34,0.2
41474,1036,1.0,35,0.2
41475,1036,1.0,36,0.2
41476,1036,1.0,37,0.4
41477,1036,1.0,38,0.4
41478,1036,1.0,39,0.4
41479,1036,1.0,40,0.6
41480,1037,1.0,1,0.6
41481,1037,1.0,2,0.6
41482,1037,1.0,3,0.2
41483,1037,1.0,4,0.0
41484,1037,1.0,5,0.4
41485,1037,1.0,6,0.6
41486,1037,1.0,7,0.4
41487,1037,1.0,8,0.6
41488,1037,1.0,9,0.6
41489,1037,1.0,10,0.6
41490,1037,1.0,11,0.8
41491,1037,1.0,12,0.8
41492,1037,1.0,13,0.8
41493,1037,1.0,14,0.8
41494,1037,1.0,15,0.8
41495,1037,1.0,16,0.8
41496,1037,1.0,17,0.8
41497,1037,1.0,18,0.8
41498,1037,1.0,19,0.8
41499,1037,1.0,20,0.8
41500,1037,1.0,21,0.8
41501,1037,1.0,22,0.8
41502,1037,1.0,23,0.8
41503,1037,1.0,24,0.8
41504,1037,1.0,25,0.8
41505,1037,1.0,26,0.8
41506,1037,1.0,27,0.6
41507,1037,1.0,28,0.6
41508,1037,1.0,29,0.6
41509,1037,1.0,30,0.6
41510,1037,1.0,31,0.6
41511,1037,1.0,32,0.6
41512,1037,1.0,33,0.6
41513,1037,1.0,34,0.4
41514,1037,1.0,35,0.6
41515,1037,1.0,36,0.6
41516,1037,1.0,37,0.4
41517,1037,1.0,38,0.4
41518,1037,1.0,39,0.4
41519,1037,1.0,40,0.4
41520,1038,1.0,1,0.8
41521,1038,1.0,2,0.8
41522,1038,1.0,3,0.8
41523,1038,1.0,4,0.6
41524,1038,1.0,5,0.4
41525,1038,1.0,6,0.4
41526,1038,1.0,7,0.4
41527,1038,1.0,8,0.4
41528,1038,1.0,9,0.4
41529,1038,1.0,10,0.4
41530,1038,1.0,11,0.4
41531,1038,1.0,12,0.4
41532,1038,1.0,13,0.4
41533,1038,1.0,14,0.4
41534,1038,1.0,15,0.4
41535,1038,1.0,16,0.4
41536,1038,1.0,17,0.8
41537,1038,1.0,18,0.8
41538,1038,1.0,19,0.8
41539,1038,1.0,20,0.4
41540,1038,1.0,21,0.8
41541,1038,1.0,22,0.8
41542,1038,1.0,23,0.8
41543,1038,1.0,24,0.8
41544,1038,1.0,25,0.8
41545,1038,1.0,26,0.6
41546,1038,1.0,27,0.6
41547,1038,1.0,28,0.6
41548,1038,1.0,29,0.6
41549,1038,1.0,30,0.6
41550,1038,1.0,31,0.6
41551,1038,1.0,32,0.6
41552,1038,1.0,33,0.6
41553,1038,1.0,34,0.4
41554,1038,1.0,35,0.6
41555,1038,1.0,36,0.6
41556,1038,1.0,37,0.4
41557,1038,1.0,38,0.6
41558,1038,1.0,39,0.4
41559,1038,1.0,40,0.4
41560,1039,1.0,1,0.6
41561,1039,1.0,2,0.6
41562,1039,1.0,3,0.8
41563,1039,1.0,4,0.8
41564,1039,1.0,5,1.0
41565,1039,1.0,6,0.8
41566,1039,1.0,7,0.8
41567,1039,1.0,8,0.8
41568,1039,1.0,9,0.8
41569,1039,1.0,10,0.8
41570,1039,1.0,11,0.8
41571,1039,1.0,12,0.8
41572,1039,1.0,13,0.8
41573,1039,1.0,14,0.8
41574,1039,1.0,15,0.8
41575,1039,1.0,16,0.8
41576,1039,1.0,17,0.4
41577,1039,1.0,18,0.4
41578,1039,1.0,19,0.4
41579,1039,1.0,20,0.4
41580,1039,1.0,21,0.4
41581,1039,1.0,22,0.4
41582,1039,1.0,23,0.4
41583,1039,1.0,24,0.4
41584,1039,1.0,25,0.4
41585,1039,1.0,26,0.4
41586,1039,1.0,27,0.4
41587,1039,1.0,28,0.4
41588,1039,1.0,29,0.8
41589,1039,1.0,30,0.8
41590,1039,1.0,31,0.8
41591,1039,1.0,32,0.8
41592,1039,1.0,33,0.8
41593,1039,1.0,34,0.8
41594,1039,1.0,35,0.8
41595,1039,1.0,36,0.8
41596,1039,1.0,37,0.8
41597,1039,1.0,38,0.8
41598,1039,1.0,39,0.8
41599,1039,1.0,40,0.8
41600,1040,1.0,1,0.6
41601,1040,1.0,2,0.2
41602,1040,1.0,3,0.4
41603,1040,1.0,4,0.6
41604,1040,1.0,5,0.6
41605,1040,1.0,6,0.6
41606,1040,1.0,7,0.6
41607,1040,1.0,8,0.6
41608,1040,1.0,9,0.6
41609,1040,1.0,10,0.6
41610,1040,1.0,11,0.2
41611,1040,1.0,12,0.2
41612,1040,1.0,13,0.2
41613,1040,1.0,14,0.2
41614,1040,1.0,15,0.2
41615,1040,1.0,16,0.2
41616,1040,1.0,17,0.2
41617,1040,1.0,18,0.2
41618,1040,1.0,19,0.4
41619,1040,1.0,20,0.4
41620,1040,1.0,21,0.4
41621,1040,1.0,22,0.4
41622,1040,1.0,23,0.4
41623,1040,1.0,24,0.4
41624,1040,1.0,25,0.4
41625,1040,1.0,26,0.4
41626,1040,1.0,27,0.4
41627,1040,1.0,28,0.4
41628,1040,1.0,29,0.4
41629,1040,1.0,30,0.4
41630,1040,1.0,31,0.4
41631,1040,1.0,32,0.6
41632,1040,1.0,33,0.6
41633,1040,1.0,34,0.4
41634,1040,1.0,35,0.4
41635,1040,1.0,36,0.4
41636,1040,1.0,37,0.4
41637,1040,1.0,38,0.6
41638,1040,1.0,39,0.6
41639,1040,1.0,40,0.6
41640,1041,1.0,1,0.0
41641,1041,1.0,2,0.4
41642,1041,1.0,3,0.2
41643,1041,1.0,4,0.2
41644,1041,1.0,5,0.4
41645,1041,1.0,6,0.4
41646,1041,1.0,7,0.2
41647,1041,1.0,8,0.2
41648,1041,1.0,9,0.2
41649,1041,1.0,10,0.4
41650,1041,1.0,11,0.6
41651,1041,1.0,12,0.4
41652,1041,1.0,13,0.4
41653,1041,1.0,14,0.4
41654,1041,1.0,15,0.6
41655,1041,1.0,16,0.4
41656,1041,1.0,17,0.4
41657,1041,1.0,18,0.6
41658,1041,1.0,19,0.6
41659,1041,1.0,20,0.4
41660,1041,1.0,21,0.6
41661,1041,1.0,22,0.4
41662,1041,1.0,23,0.4
41663,1041,1.0,24,0.6
41664,1041,1.0,25,0.6
41665,1041,1.0,26,0.6
41666,1041,1.0,27,0.4
41667,1041,1.0,28,0.4
41668,1041,1.0,29,0.6
41669,1041,1.0,30,0.8
41670,1041,1.0,31,0.6
41671,1041,1.0,32,0.6
41672,1041,1.0,33,0.6
41673,1041,1.0,34,0.6
41674,1041,1.0,35,0.6
41675,1041,1.0,36,0.4
41676,1041,1.0,37,0.6
41677,1041,1.0,38,0.6
41678,1041,1.0,39,0.6
41679,1041,1.0,40,0.6
41680,1042,1.0,1,1.0
41681,1042,1.0,2,0.8
41682,1042,1.0,3,0.8
41683,1042,1.0,4,0.6
41684,1042,1.0,5,0.4
41685,1042,1.0,6,0.4
41686,1042,1.0,7,0.4
41687,1042,1.0,8,0.6
41688,1042,1.0,9,0.4
41689,1042,1.0,10,0.8
41690,1042,1.0,11,0.6
41691,1042,1.0,12,0.4
41692,1042,1.0,13,0.4
41693,1042,1.0,14,0.6
41694,1042,1.0,15,0.6
41695,1042,1.0,16,0.4
41696,1042,1.0,17,0.6
41697,1042,1.0,18,0.4
41698,1042,1.0,19,0.4
41699,1042,1.0,20,0.2
41700,1042,1.0,21,0.2
41701,1042,1.0,22,0.4
41702,1042,1.0,23,0.4
41703,1042,1.0,24,0.2
41704,1042,1.0,25,0.2
41705,1042,1.0,26,0.2
41706,1042,1.0,27,0.2
41707,1042,1.0,28,0.2
41708,1042,1.0,29,0.4
41709,1042,1.0,30,0.4
41710,1042,1.0,31,0.6
41711,1042,1.0,32,0.6
41712,1042,1.0,33,0.6
41713,1042,1.0,34,0.6
41714,1042,1.0,35,0.4
41715,1042,1.0,36,0.4
41716,1042,1.0,37,0.4
41717,1042,1.0,38,0.4
41718,1042,1.0,39,0.4
41719,1042,1.0,40,0.4
41720,1043,1.0,1,0.0
41721,1043,1.0,2,0.6
41722,1043,1.0,3,0.6
41723,1043,1.0,4,0.6
41724,1043,1.0,5,0.6
41725,1043,1.0,6,0.6
41726,1043,1.0,7,0.6
41727,1043,1.0,8,0.6
41728,1043,1.0,9,0.6
41729,1043,1.0,10,0.6
41730,1043,1.0,11,0.4
41731,1043,1.0,12,0.6
41732,1043,1.0,13,0.6
41733,1043,1.0,14,0.6
41734,1043,1.0,15,0.8
41735,1043,1.0,16,0.6
41736,1043,1.0,17,0.6
41737,1043,1.0,18,0.6
41738,1043,1.0,19,0.6
41739,1043,1.0,20,0.8
41740,1043,1.0,21,0.8
41741,1043,1.0,22,0.8
41742,1043,1.0,23,0.8
41743,1043,1.0,24,0.8
41744,1043,1.0,25,0.8
41745,1043,1.0,26,0.8
41746,1043,1.0,27,0.2
41747,1043,1.0,28,0.2
41748,1043,1.0,29,0.2
41749,1043,1.0,30,0.2
41750,1043,1.0,31,0.2
41751,1043,1.0,32,0.2
41752,1043,1.0,33,0.2
41753,1043,1.0,34,0.2
41754,1043,1.0,35,0.2
41755,1043,1.0,36,0.2
41756,1043,1.0,37,0.2
41757,1043,1.0,38,0.2
41758,1043,1.0,39,0.2
41759,1043,1.0,40,0.2
41760,1044,1.0,1,1.0
41761,1044,1.0,2,0.6
41762,1044,1.0,3,0.6
41763,1044,1.0,4,0.4
41764,1044,1.0,5,0.4
41765,1044,1.0,6,0.4
41766,1044,1.0,7,0.4
41767,1044,1.0,8,0.4
41768,1044,1.0,9,0.6
41769,1044,1.0,10,0.4
41770,1044,1.0,11,0.4
41771,1044,1.0,12,0.4
41772,1044,1.0,13,0.4
41773,1044,1.0,14,0.4
41774,1044,1.0,15,0.4
41775,1044,1.0,16,0.6
41776,1044,1.0,17,0.6
41777,1044,1.0,18,0.6
41778,1044,1.0,19,0.6
41779,1044,1.0,20,0.6
41780,1044,1.0,21,0.6
41781,1044,1.0,22,0.6
41782,1044,1.0,23,0.6
41783,1044,1.0,24,0.6
41784,1044,1.0,25,0.6
41785,1044,1.0,26,0.6
41786,1044,1.0,27,0.6
41787,1044,1.0,28,0.6
41788,1044,1.0,29,0.6
41789,1044,1.0,30,0.6
41790,1044,1.0,31,0.6
41791,1044,1.0,32,0.6
41792,1044,1.0,33,0.6
41793,1044,1.0,34,0.6
41794,1044,1.0,35,0.6
41795,1044,1.0,36,0.6
41796,1044,1.0,37,0.6
41797,1044,1.0,38,0.6
41798,1044,1.0,39,0.6
41799,1044,1.0,40,0.6
41800,1045,1.0,1,0.8
41801,1045,1.0,2,0.8
41802,1045,1.0,3,0.4
41803,1045,1.0,4,0.8
41804,1045,1.0,5,0.8
41805,1045,1.0,6,0.8
41806,1045,1.0,7,1.0
41807,1045,1.0,8,1.0
41808,1045,1.0,9,1.0
41809,1045,1.0,10,1.0
41810,1045,1.0,11,1.0
41811,1045,1.0,12,1.0
41812,1045,1.0,13,1.0
41813,1045,1.0,14,1.0
41814,1045,1.0,15,1.0
41815,1045,1.0,16,1.0
41816,1045,1.0,17,1.0
41817,1045,1.0,18,1.0
41818,1045,1.0,19,1.0
41819,1045,1.0,20,1.0
41820,1045,1.0,21,1.0
41821,1045,1.0,22,1.0
41822,1045,1.0,23,1.0
41823,1045,1.0,24,1.0
41824,1045,1.0,25,1.0
41825,1045,1.0,26,1.0
41826,1045,1.0,27,1.0
41827,1045,1.0,28,1.0
41828,1045,1.0,29,1.0
41829,1045,1.0,30,1.0
41830,1045,1.0,31,1.0
41831,1045,1.0,32,1.0
41832,1045,1.0,33,1.0
41833,1045,1.0,34,1.0
41834,1045,1.0,35,1.0
41835,1045,1.0,36,1.0
41836,1045,1.0,37,1.0
41837,1045,1.0,38,1.0
41838,1045,1.0,39,0.8
41839,1045,1.0,40,0.8
41840,1046,1.0,1,0.6
41841,1046,1.0,2,0.6
41842,1046,1.0,3,0.6
41843,1046,1.0,4,0.8
41844,1046,1.0,5,0.6
41845,1046,1.0,6,0.8
41846,1046,1.0,7,0.8
41847,1046,1.0,8,0.8
41848,1046,1.0,9,0.8
41849,1046,1.0,10,0.8
41850,1046,1.0,11,1.0
41851,1046,1.0,12,1.0
41852,1046,1.0,13,0.4
41853,1046,1.0,14,0.4
41854,1046,1.0,15,0.4
41855,1046,1.0,16,1.0
41856,1046,1.0,17,0.6
41857,1046,1.0,18,0.6
41858,1046,1.0,19,0.6
41859,1046,1.0,20,0.6
41860,1046,1.0,21,0.6
41861,1046,1.0,22,0.6
41862,1046,1.0,23,0.8
41863,1046,1.0,24,0.8
41864,1046,1.0,25,0.8
41865,1046,1.0,26,0.8
41866,1046,1.0,27,0.8
41867,1046,1.0,28,1.0
41868,1046,1.0,29,0.8
41869,1046,1.0,30,0.8
41870,1046,1.0,31,0.8
41871,1046,1.0,32,0.8
41872,1046,1.0,33,0.8
41873,1046,1.0,34,0.8
41874,1046,1.0,35,0.8
41875,1046,1.0,36,0.8
41876,1046,1.0,37,0.8
41877,1046,1.0,38,0.8
41878,1046,1.0,39,0.8
41879,1046,1.0,40,0.8
41880,1047,1.0,1,0.8
41881,1047,1.0,2,0.8
41882,1047,1.0,3,0.6
41883,1047,1.0,4,0.8
41884,1047,1.0,5,0.6
41885,1047,1.0,6,0.6
41886,1047,1.0,7,0.6
41887,1047,1.0,8,0.4
41888,1047,1.0,9,0.6
41889,1047,1.0,10,0.6
41890,1047,1.0,11,0.6
41891,1047,1.0,12,0.6
41892,1047,1.0,13,0.6
41893,1047,1.0,14,0.6
41894,1047,1.0,15,0.6
41895,1047,1.0,16,0.6
41896,1047,1.0,17,0.6
41897,1047,1.0,18,0.6
41898,1047,1.0,19,0.6
41899,1047,1.0,20,0.6
41900,1047,1.0,21,0.6
41901,1047,1.0,22,0.6
41902,1047,1.0,23,0.6
41903,1047,1.0,24,0.8
41904,1047,1.0,25,0.8
41905,1047,1.0,26,0.8
41906,1047,1.0,27,0.8
41907,1047,1.0,28,0.8
41908,1047,1.0,29,0.8
41909,1047,1.0,30,0.8
41910,1047,1.0,31,0.4
41911,1047,1.0,32,0.4
41912,1047,1.0,33,0.4
41913,1047,1.0,34,0.8
41914,1047,1.0,35,0.8
41915,1047,1.0,36,0.8
41916,1047,1.0,37,0.6
41917,1047,1.0,38,0.6
41918,1047,1.0,39,0.4
41919,1047,1.0,40,0.4
41920,1048,1.0,1,0.0
41921,1048,1.0,2,0.2
41922,1048,1.0,3,0.4
41923,1048,1.0,4,0.4
41924,1048,1.0,5,0.4
41925,1048,1.0,6,0.2
41926,1048,1.0,7,0.2
41927,1048,1.0,8,0.2
41928,1048,1.0,9,0.2
41929,1048,1.0,10,0.2
41930,1048,1.0,11,0.2
41931,1048,1.0,12,0.2
41932,1048,1.0,13,0.2
41933,1048,1.0,14,0.2
41934,1048,1.0,15,0.2
41935,1048,1.0,16,0.2
41936,1048,1.0,17,0.2
41937,1048,1.0,18,0.2
41938,1048,1.0,19,0.4
41939,1048,1.0,20,0.4
41940,1048,1.0,21,0.6
41941,1048,1.0,22,0.6
41942,1048,1.0,23,0.6
41943,1048,1.0,24,0.6
41944,1048,1.0,25,0.6
41945,1048,1.0,26,0.6
41946,1048,1.0,27,0.8
41947,1048,1.0,28,0.8
41948,1048,1.0,29,0.8
41949,1048,1.0,30,1.0
41950,1048,1.0,31,1.0
41951,1048,1.0,32,1.0
41952,1048,1.0,33,0.8
41953,1048,1.0,34,0.8
41954,1048,1.0,35,0.8
41955,1048,1.0,36,0.8
41956,1048,1.0,37,0.8
41957,1048,1.0,38,0.8
41958,1048,1.0,39,0.8
41959,1048,1.0,40,0.8
41960,1049,1.0,1,0.6
41961,1049,1.0,2,0.8
41962,1049,1.0,3,0.6
41963,1049,1.0,4,0.6
41964,1049,1.0,5,0.6
41965,1049,1.0,6,0.8
41966,1049,1.0,7,0.8
41967,1049,1.0,8,0.8
41968,1049,1.0,9,0.8
41969,1049,1.0,10,0.6
41970,1049,1.0,11,0.8
41971,1049,1.0,12,1.0
41972,1049,1.0,13,1.0
41973,1049,1.0,14,0.8
41974,1049,1.0,15,0.8
41975,1049,1.0,16,0.8
41976,1049,1.0,17,0.8
41977,1049,1.0,18,0.8
41978,1049,1.0,19,0.8
41979,1049,1.0,20,0.6
41980,1049,1.0,21,0.6
41981,1049,1.0,22,0.8
41982,1049,1.0,23,0.8
41983,1049,1.0,24,0.4
41984,1049,1.0,25,0.4
41985,1049,1.0,26,0.4
41986,1049,1.0,27,0.4
41987,1049,1.0,28,0.4
41988,1049,1.0,29,0.4
41989,1049,1.0,30,0.4
41990,1049,1.0,31,0.4
41991,1049,1.0,32,0.4
41992,1049,1.0,33,0.4
41993,1049,1.0,34,0.4
41994,1049,1.0,35,0.4
41995,1049,1.0,36,0.4
41996,1049,1.0,37,0.6
41997,1049,1.0,38,0.6
41998,1049,1.0,39,0.6
41999,1049,1.0,40,0.6
42000,1050,1.0,1,0.0
42001,1050,1.0,2,0.8
42002,1050,1.0,3,0.2
42003,1050,1.0,4,0.2
42004,1050,1.0,5,1.0
42005,1050,1.0,6,0.0
42006,1050,1.0,7,0.2
42007,1050,1.0,8,0.4
42008,1050,1.0,9,0.4
42009,1050,1.0,10,0.2
42010,1050,1.0,11,0.2
42011,1050,1.0,12,0.4
42012,1050,1.0,13,0.4
42013,1050,1.0,14,0.4
42014,1050,1.0,15,0.4
42015,1050,1.0,16,0.4
42016,1050,1.0,17,0.4
42017,1050,1.0,18,0.4
42018,1050,1.0,19,0.4
42019,1050,1.0,20,0.4
42020,1050,1.0,21,0.4
42021,1050,1.0,22,0.4
42022,1050,1.0,23,0.4
42023,1050,1.0,24,0.4
42024,1050,1.0,25,0.4
42025,1050,1.0,26,0.4
42026,1050,1.0,27,0.4
42027,1050,1.0,28,0.4
42028,1050,1.0,29,0.4
42029,1050,1.0,30,0.4
42030,1050,1.0,31,0.4
42031,1050,1.0,32,0.4
42032,1050,1.0,33,0.4
42033,1050,1.0,34,0.4
42034,1050,1.0,35,0.4
42035,1050,1.0,36,0.4
42036,1050,1.0,37,0.4
42037,1050,1.0,38,0.4
42038,1050,1.0,39,0.4
42039,1050,1.0,40,0.4
42040,1051,1.0,1,1.0
42041,1051,1.0,2,1.0
42042,1051,1.0,3,1.0
42043,1051,1.0,4,0.6
42044,1051,1.0,5,1.0
42045,1051,1.0,6,1.0
42046,1051,1.0,7,1.0
42047,1051,1.0,8,1.0
42048,1051,1.0,9,1.0
42049,1051,1.0,10,1.0
42050,1051,1.0,11,1.0
42051,1051,1.0,12,1.0
42052,1051,1.0,13,1.0
42053,1051,1.0,14,1.0
42054,1051,1.0,15,1.0
42055,1051,1.0,16,1.0
42056,1051,1.0,17,1.0
42057,1051,1.0,18,1.0
42058,1051,1.0,19,1.0
42059,1051,1.0,20,1.0
42060,1051,1.0,21,0.8
42061,1051,1.0,22,0.8
42062,1051,1.0,23,0.6
42063,1051,1.0,24,0.6
42064,1051,1.0,25,0.6
42065,1051,1.0,26,0.6
42066,1051,1.0,27,0.6
42067,1051,1.0,28,0.6
42068,1051,1.0,29,0.8
42069,1051,1.0,30,0.8
42070,1051,1.0,31,1.0
42071,1051,1.0,32,1.0
42072,1051,1.0,33,0.6
42073,1051,1.0,34,0.8
42074,1051,1.0,35,0.8
42075,1051,1.0,36,0.8
42076,1051,1.0,37,0.8
42077,1051,1.0,38,0.8
42078,1051,1.0,39,1.0
42079,1051,1.0,40,0.8
42080,1052,1.0,1,0.0
42081,1052,1.0,2,0.4
42082,1052,1.0,3,0.6
42083,1052,1.0,4,0.6
42084,1052,1.0,5,0.6
42085,1052,1.0,6,0.4
42086,1052,1.0,7,0.4
42087,1052,1.0,8,0.4
42088,1052,1.0,9,0.4
42089,1052,1.0,10,0.4
42090,1052,1.0,11,0.6
42091,1052,1.0,12,0.6
42092,1052,1.0,13,0.6
42093,1052,1.0,14,0.6
42094,1052,1.0,15,0.6
42095,1052,1.0,16,0.6
42096,1052,1.0,17,0.6
42097,1052,1.0,18,0.6
42098,1052,1.0,19,0.6
42099,1052,1.0,20,0.6
42100,1052,1.0,21,0.8
42101,1052,1.0,22,0.8
42102,1052,1.0,23,0.8
42103,1052,1.0,24,0.8
42104,1052,1.0,25,0.8
42105,1052,1.0,26,0.8
42106,1052,1.0,27,0.8
42107,1052,1.0,28,0.8
42108,1052,1.0,29,0.8
42109,1052,1.0,30,0.8
42110,1052,1.0,31,0.8
42111,1052,1.0,32,0.8
42112,1052,1.0,33,0.8
42113,1052,1.0,34,0.8
42114,1052,1.0,35,0.8
42115,1052,1.0,36,0.8
42116,1052,1.0,37,0.8
42117,1052,1.0,38,0.8
42118,1052,1.0,39,0.8
42119,1052,1.0,40,0.8
42120,1053,1.0,1,1.0
42121,1053,1.0,2,0.4
42122,1053,1.0,3,0.4
42123,1053,1.0,4,0.2
42124,1053,1.0,5,0.4
42125,1053,1.0,6,0.4
42126,1053,1.0,7,0.4
42127,1053,1.0,8,0.4
42128,1053,1.0,9,0.4
42129,1053,1.0,10,0.4
42130,1053,1.0,11,0.4
42131,1053,1.0,12,0.4
42132,1053,1.0,13,0.4
42133,1053,1.0,14,0.6
42134,1053,1.0,15,0.6
42135,1053,1.0,16,0.6
42136,1053,1.0,17,0.4
42137,1053,1.0,18,0.4
42138,1053,1.0,19,0.4
42139,1053,1.0,20,0.4
42140,1053,1.0,21,0.2
42141,1053,1.0,22,0.4
42142,1053,1.0,23,0.6
42143,1053,1.0,24,0.6
42144,1053,1.0,25,0.6
42145,1053,1.0,26,0.6
42146,1053,1.0,27,0.6
42147,1053,1.0,28,0.6
42148,1053,1.0,29,0.6
42149,1053,1.0,30,0.6
42150,1053,1.0,31,0.6
42151,1053,1.0,32,0.6
42152,1053,1.0,33,0.6
42153,1053,1.0,34,0.6
42154,1053,1.0,35,0.6
42155,1053,1.0,36,0.8
42156,1053,1.0,37,0.8
42157,1053,1.0,38,0.8
42158,1053,1.0,39,0.8
42159,1053,1.0,40,0.8
42160,1054,1.0,1,0.8
42161,1054,1.0,2,0.8
42162,1054,1.0,3,0.6
42163,1054,1.0,4,0.4
42164,1054,1.0,5,0.4
42165,1054,1.0,6,0.4
42166,1054,1.0,7,0.2
42167,1054,1.0,8,0.2
42168,1054,1.0,9,0.2
42169,1054,1.0,10,0.2
42170,1054,1.0,11,0.2
42171,1054,1.0,12,0.4
42172,1054,1.0,13,0.6
42173,1054,1.0,14,0.6
42174,1054,1.0,15,0.6
42175,1054,1.0,16,0.6
42176,1054,1.0,17,0.6
42177,1054,1.0,18,0.6
42178,1054,1.0,19,0.6
42179,1054,1.0,20,0.6
42180,1054,1.0,21,0.6
42181,1054,1.0,22,0.6
42182,1054,1.0,23,0.8
42183,1054,1.0,24,0.8
42184,1054,1.0,25,0.8
42185,1054,1.0,26,0.8
42186,1054,1.0,27,0.8
42187,1054,1.0,28,0.8
42188,1054,1.0,29,0.8
42189,1054,1.0,30,0.8
42190,1054,1.0,31,0.6
42191,1054,1.0,32,0.6
42192,1054,1.0,33,0.6
42193,1054,1.0,34,0.8
42194,1054,1.0,35,0.8
42195,1054,1.0,36,0.8
42196,1054,1.0,37,0.8
42197,1054,1.0,38,0.8
42198,1054,1.0,39,0.8
42199,1054,1.0,40,0.8
42200,1055,1.0,1,0.6
42201,1055,1.0,2,0.4
42202,1055,1.0,3,0.4
42203,1055,1.0,4,0.4
42204,1055,1.0,5,0.4
42205,1055,1.0,6,0.0
42206,1055,1.0,7,0.4
42207,1055,1.0,8,0.4
42208,1055,1.0,9,0.4
42209,1055,1.0,10,0.4
42210,1055,1.0,11,0.4
42211,1055,1.0,12,0.4
42212,1055,1.0,13,0.4
42213,1055,1.0,14,0.4
42214,1055,1.0,15,0.4
42215,1055,1.0,16,0.4
42216,1055,1.0,17,0.4
42217,1055,1.0,18,0.4
42218,1055,1.0,19,0.4
42219,1055,1.0,20,0.4
42220,1055,1.0,21,0.4
42221,1055,1.0,22,0.4
42222,1055,1.0,23,0.4
42223,1055,1.0,24,0.4
42224,1055,1.0,25,0.4
42225,1055,1.0,26,0.4
42226,1055,1.0,27,0.4
42227,1055,1.0,28,0.4
42228,1055,1.0,29,0.4
42229,1055,1.0,30,0.4
42230,1055,1.0,31,0.4
42231,1055,1.0,32,0.4
42232,1055,1.0,33,0.4
42233,1055,1.0,34,0.4
42234,1055,1.0,35,0.4
42235,1055,1.0,36,0.4
42236,1055,1.0,37,0.4
42237,1055,1.0,38,0.4
42238,1055,1.0,39,0.4
42239,1055,1.0,40,0.4
42240,1056,1.0,1,0.0
42241,1056,1.0,2,0.0
42242,1056,1.0,3,0.0
42243,1056,1.0,4,0.2
42244,1056,1.0,5,0.2
42245,1056,1.0,6,0.4
42246,1056,1.0,7,0.6
42247,1056,1.0,8,0.6
42248,1056,1.0,9,0.6
42249,1056,1.0,10,0.6
42250,1056,1.0,11,0.2
42251,1056,1.0,12,0.4
42252,1056,1.0,13,0.4
42253,1056,1.0,14,0.4
42254,1056,1.0,15,0.4
42255,1056,1.0,16,0.4
42256,1056,1.0,17,0.4
42257,1056,1.0,18,0.4
42258,1056,1.0,19,0.4
42259,1056,1.0,20,0.4
42260,1056,1.0,21,0.4
42261,1056,1.0,22,0.4
42262,1056,1.0,23,0.4
42263,1056,1.0,24,0.6
42264,1056,1.0,25,0.6
42265,1056,1.0,26,0.4
42266,1056,1.0,27,0.4
42267,1056,1.0,28,0.2
42268,1056,1.0,29,0.4
42269,1056,1.0,30,0.4
42270,1056,1.0,31,0.4
42271,1056,1.0,32,0.4
42272,1056,1.0,33,0.4
42273,1056,1.0,34,0.4
42274,1056,1.0,35,0.4
42275,1056,1.0,36,0.4
42276,1056,1.0,37,0.4
42277,1056,1.0,38,0.4
42278,1056,1.0,39,0.4
42279,1056,1.0,40,0.4
42280,1057,1.0,1,0.6
42281,1057,1.0,2,0.6
42282,1057,1.0,3,0.6
42283,1057,1.0,4,0.2
42284,1057,1.0,5,0.2
42285,1057,1.0,6,0.2
42286,1057,1.0,7,0.2
42287,1057,1.0,8,0.6
42288,1057,1.0,9,0.6
42289,1057,1.0,10,0.6
42290,1057,1.0,11,0.4
42291,1057,1.0,12,0.6
42292,1057,1.0,13,0.6
42293,1057,1.0,14,0.6
42294,1057,1.0,15,0.6
42295,1057,1.0,16,0.6
42296,1057,1.0,17,0.6
42297,1057,1.0,18,0.6
42298,1057,1.0,19,0.6
42299,1057,1.0,20,0.6
42300,1057,1.0,21,0.6
42301,1057,1.0,22,0.6
42302,1057,1.0,23,0.6
42303,1057,1.0,24,0.6
42304,1057,1.0,25,0.6
42305,1057,1.0,26,0.6
42306,1057,1.0,27,0.6
42307,1057,1.0,28,0.6
42308,1057,1.0,29,0.6
42309,1057,1.0,30,0.6
42310,1057,1.0,31,0.6
42311,1057,1.0,32,0.6
42312,1057,1.0,33,0.6
42313,1057,1.0,34,0.6
42314,1057,1.0,35,0.6
42315,1057,1.0,36,0.6
42316,1057,1.0,37,0.6
42317,1057,1.0,38,0.6
42318,1057,1.0,39,0.6
42319,1057,1.0,40,0.6
42320,1058,1.0,1,0.6
42321,1058,1.0,2,0.6
42322,1058,1.0,3,0.6
42323,1058,1.0,4,0.6
42324,1058,1.0,5,0.4
42325,1058,1.0,6,0.6
42326,1058,1.0,7,0.4
42327,1058,1.0,8,0.2
42328,1058,1.0,9,0.4
42329,1058,1.0,10,0.4
42330,1058,1.0,11,0.4
42331,1058,1.0,12,0.4
42332,1058,1.0,13,0.4
42333,1058,1.0,14,0.6
42334,1058,1.0,15,0.6
42335,1058,1.0,16,0.6
42336,1058,1.0,17,0.8
42337,1058,1.0,18,0.8
42338,1058,1.0,19,0.8
42339,1058,1.0,20,0.8
42340,1058,1.0,21,0.8
42341,1058,1.0,22,1.0
42342,1058,1.0,23,0.8
42343,1058,1.0,24,0.8
42344,1058,1.0,25,0.4
42345,1058,1.0,26,0.6
42346,1058,1.0,27,0.6
42347,1058,1.0,28,0.6
42348,1058,1.0,29,0.4
42349,1058,1.0,30,0.4
42350,1058,1.0,31,0.6
42351,1058,1.0,32,0.4
42352,1058,1.0,33,0.4
42353,1058,1.0,34,0.4
42354,1058,1.0,35,0.4
42355,1058,1.0,36,0.4
42356,1058,1.0,37,0.4
42357,1058,1.0,38,0.4
42358,1058,1.0,39,0.4
42359,1058,1.0,40,0.4
42360,1059,1.0,1,0.0
42361,1059,1.0,2,0.2
42362,1059,1.0,3,0.0
42363,1059,1.0,4,0.4
42364,1059,1.0,5,0.6
42365,1059,1.0,6,0.6
42366,1059,1.0,7,0.2
42367,1059,1.0,8,0.4
42368,1059,1.0,9,0.6
42369,1059,1.0,10,0.6
42370,1059,1.0,11,0.6
42371,1059,1.0,12,0.6
42372,1059,1.0,13,0.6
42373,1059,1.0,14,0.8
42374,1059,1.0,15,0.8
42375,1059,1.0,16,0.8
42376,1059,1.0,17,0.8
42377,1059,1.0,18,0.8
42378,1059,1.0,19,0.4
42379,1059,1.0,20,0.6
42380,1059,1.0,21,0.8
42381,1059,1.0,22,0.8
42382,1059,1.0,23,0.8
42383,1059,1.0,24,0.8
42384,1059,1.0,25,0.6
42385,1059,1.0,26,0.8
42386,1059,1.0,27,0.8
42387,1059,1.0,28,0.6
42388,1059,1.0,29,0.8
42389,1059,1.0,30,0.8
42390,1059,1.0,31,0.8
42391,1059,1.0,32,0.8
42392,1059,1.0,33,0.8
42393,1059,1.0,34,0.8
42394,1059,1.0,35,0.8
42395,1059,1.0,36,0.8
42396,1059,1.0,37,0.8
42397,1059,1.0,38,0.8
42398,1059,1.0,39,0.8
42399,1059,1.0,40,0.8
42400,1060,1.0,1,1.0
42401,1060,1.0,2,1.0
42402,1060,1.0,3,0.2
42403,1060,1.0,4,0.2
42404,1060,1.0,5,0.2
42405,1060,1.0,6,0.8
42406,1060,1.0,7,0.8
42407,1060,1.0,8,1.0
42408,1060,1.0,9,1.0
42409,1060,1.0,10,0.4
42410,1060,1.0,11,0.4
42411,1060,1.0,12,0.4
42412,1060,1.0,13,0.4
42413,1060,1.0,14,0.6
42414,1060,1.0,15,0.2
42415,1060,1.0,16,0.4
42416,1060,1.0,17,0.8
42417,1060,1.0,18,0.8
42418,1060,1.0,19,0.6
42419,1060,1.0,20,0.6
42420,1060,1.0,21,0.6
42421,1060,1.0,22,0.6
42422,1060,1.0,23,0.4
42423,1060,1.0,24,0.4
42424,1060,1.0,25,0.4
42425,1060,1.0,26,0.4
42426,1060,1.0,27,0.4
42427,1060,1.0,28,0.6
42428,1060,1.0,29,0.6
42429,1060,1.0,30,0.4
42430,1060,1.0,31,0.6
42431,1060,1.0,32,0.6
42432,1060,1.0,33,0.4
42433,1060,1.0,34,0.4
42434,1060,1.0,35,0.4
42435,1060,1.0,36,0.6
42436,1060,1.0,37,0.6
42437,1060,1.0,38,0.6
42438,1060,1.0,39,0.6
42439,1060,1.0,40,0.4
42440,1061,1.0,1,0.0
42441,1061,1.0,2,0.4
42442,1061,1.0,3,1.0
42443,1061,1.0,4,0.8
42444,1061,1.0,5,1.0
42445,1061,1.0,6,1.0
42446,1061,1.0,7,1.0
42447,1061,1.0,8,1.0
42448,1061,1.0,9,0.4
42449,1061,1.0,10,0.4
42450,1061,1.0,11,0.4
42451,1061,1.0,12,0.4
42452,1061,1.0,13,0.4
42453,1061,1.0,14,0.4
42454,1061,1.0,15,0.4
42455,1061,1.0,16,0.4
42456,1061,1.0,17,0.4
42457,1061,1.0,18,0.4
42458,1061,1.0,19,0.4
42459,1061,1.0,20,0.4
42460,1061,1.0,21,0.4
42461,1061,1.0,22,0.4
42462,1061,1.0,23,0.4
42463,1061,1.0,24,0.4
42464,1061,1.0,25,0.4
42465,1061,1.0,26,0.4
42466,1061,1.0,27,0.2
42467,1061,1.0,28,0.2
42468,1061,1.0,29,0.4
42469,1061,1.0,30,0.6
42470,1061,1.0,31,0.8
42471,1061,1.0,32,0.8
42472,1061,1.0,33,0.8
42473,1061,1.0,34,0.8
42474,1061,1.0,35,0.8
42475,1061,1.0,36,0.6
42476,1061,1.0,37,0.6
42477,1061,1.0,38,0.8
42478,1061,1.0,39,0.6
42479,1061,1.0,40,0.8
42480,1062,1.0,1,1.0
42481,1062,1.0,2,1.0
42482,1062,1.0,3,1.0
42483,1062,1.0,4,1.0
42484,1062,1.0,5,1.0
42485,1062,1.0,6,1.0
42486,1062,1.0,7,0.8
42487,1062,1.0,8,1.0
42488,1062,1.0,9,1.0
42489,1062,1.0,10,1.0
42490,1062,1.0,11,1.0
42491,1062,1.0,12,1.0
42492,1062,1.0,13,0.8
42493,1062,1.0,14,0.6
42494,1062,1.0,15,0.4
42495,1062,1.0,16,0.8
42496,1062,1.0,17,0.4
42497,1062,1.0,18,0.4
42498,1062,1.0,19,0.4
42499,1062,1.0,20,0.4
42500,1062,1.0,21,0.4
42501,1062,1.0,22,0.4
42502,1062,1.0,23,0.6
42503,1062,1.0,24,0.6
42504,1062,1.0,25,0.6
42505,1062,1.0,26,0.8
42506,1062,1.0,27,0.8
42507,1062,1.0,28,0.6
42508,1062,1.0,29,0.4
42509,1062,1.0,30,0.4
42510,1062,1.0,31,0.6
42511,1062,1.0,32,0.4
42512,1062,1.0,33,0.4
42513,1062,1.0,34,0.4
42514,1062,1.0,35,0.4
42515,1062,1.0,36,0.4
42516,1062,1.0,37,0.6
42517,1062,1.0,38,0.6
42518,1062,1.0,39,0.6
42519,1062,1.0,40,1.0
42520,1063,1.0,1,0.8
42521,1063,1.0,2,0.8
42522,1063,1.0,3,0.8
42523,1063,1.0,4,0.4
42524,1063,1.0,5,0.6
42525,1063,1.0,6,0.6
42526,1063,1.0,7,0.6
42527,1063,1.0,8,0.6
42528,1063,1.0,9,0.6
42529,1063,1.0,10,0.6
42530,1063,1.0,11,0.6
42531,1063,1.0,12,0.6
42532,1063,1.0,13,0.6
42533,1063,1.0,14,0.6
42534,1063,1.0,15,0.4
42535,1063,1.0,16,0.6
42536,1063,1.0,17,0.6
42537,1063,1.0,18,0.6
42538,1063,1.0,19,0.4
42539,1063,1.0,20,0.4
42540,1063,1.0,21,0.4
42541,1063,1.0,22,0.4
42542,1063,1.0,23,0.4
42543,1063,1.0,24,0.4
42544,1063,1.0,25,0.4
42545,1063,1.0,26,0.4
42546,1063,1.0,27,0.4
42547,1063,1.0,28,0.4
42548,1063,1.0,29,0.4
42549,1063,1.0,30,0.6
42550,1063,1.0,31,0.4
42551,1063,1.0,32,0.4
42552,1063,1.0,33,0.4
42553,1063,1.0,34,0.4
42554,1063,1.0,35,0.4
42555,1063,1.0,36,0.4
42556,1063,1.0,37,0.4
42557,1063,1.0,38,0.4
42558,1063,1.0,39,0.4
42559,1063,1.0,40,0.4
42560,1064,1.0,1,0.2
42561,1064,1.0,2,0.4
42562,1064,1.0,3,0.4
42563,1064,1.0,4,0.4
42564,1064,1.0,5,0.4
42565,1064,1.0,6,0.4
42566,1064,1.0,7,0.4
42567,1064,1.0,8,0.4
42568,1064,1.0,9,0.4
42569,1064,1.0,10,0.4
42570,1064,1.0,11,0.4
42571,1064,1.0,12,0.4
42572,1064,1.0,13,0.4
42573,1064,1.0,14,0.4
42574,1064,1.0,15,0.4
42575,1064,1.0,16,0.6
42576,1064,1.0,17,0.8
42577,1064,1.0,18,0.8
42578,1064,1.0,19,0.8
42579,1064,1.0,20,0.8
42580,1064,1.0,21,0.8
42581,1064,1.0,22,0.6
42582,1064,1.0,23,0.8
42583,1064,1.0,24,0.8
42584,1064,1.0,25,0.8
42585,1064,1.0,26,0.8
42586,1064,1.0,27,0.8
42587,1064,1.0,28,0.8
42588,1064,1.0,29,0.8
42589,1064,1.0,30,0.8
42590,1064,1.0,31,0.8
42591,1064,1.0,32,0.8
42592,1064,1.0,33,0.8
42593,1064,1.0,34,0.8
42594,1064,1.0,35,0.8
42595,1064,1.0,36,0.8
42596,1064,1.0,37,0.8
42597,1064,1.0,38,0.8
42598,1064,1.0,39,0.8
42599,1064,1.0,40,0.8
42600,1065,1.0,1,0.8
42601,1065,1.0,2,0.8
42602,1065,1.0,3,0.8
42603,1065,1.0,4,0.8
42604,1065,1.0,5,0.2
42605,1065,1.0,6,0.6
42606,1065,1.0,7,0.6
42607,1065,1.0,8,0.6
42608,1065,1.0,9,0.6
42609,1065,1.0,10,0.6
42610,1065,1.0,11,0.6
42611,1065,1.0,12,0.6
42612,1065,1.0,13,0.6
42613,1065,1.0,14,0.8
42614,1065,1.0,15,0.6
42615,1065,1.0,16,0.8
42616,1065,1.0,17,0.8
42617,1065,1.0,18,0.8
42618,1065,1.0,19,0.8
42619,1065,1.0,20,0.6
42620,1065,1.0,21,0.6
42621,1065,1.0,22,0.8
42622,1065,1.0,23,0.8
42623,1065,1.0,24,0.8
42624,1065,1.0,25,0.8
42625,1065,1.0,26,1.0
42626,1065,1.0,27,0.8
42627,1065,1.0,28,0.8
42628,1065,1.0,29,0.8
42629,1065,1.0,30,0.8
42630,1065,1.0,31,0.8
42631,1065,1.0,32,0.8
42632,1065,1.0,33,0.8
42633,1065,1.0,34,0.8
42634,1065,1.0,35,0.8
42635,1065,1.0,36,0.8
42636,1065,1.0,37,0.8
42637,1065,1.0,38,0.8
42638,1065,1.0,39,0.8
42639,1065,1.0,40,0.8
42640,1066,1.0,1,0.6
42641,1066,1.0,2,0.4
42642,1066,1.0,3,0.4
42643,1066,1.0,4,0.4
42644,1066,1.0,5,0.4
42645,1066,1.0,6,0.4
42646,1066,1.0,7,0.4
42647,1066,1.0,8,0.2
42648,1066,1.0,9,0.4
42649,1066,1.0,10,0.4
42650,1066,1.0,11,0.6
42651,1066,1.0,12,0.6
42652,1066,1.0,13,0.4
42653,1066,1.0,14,0.4
42654,1066,1.0,15,0.4
42655,1066,1.0,16,0.6
42656,1066,1.0,17,0.6
42657,1066,1.0,18,0.6
42658,1066,1.0,19,0.6
42659,1066,1.0,20,0.6
42660,1066,1.0,21,0.6
42661,1066,1.0,22,0.6
42662,1066,1.0,23,0.6
42663,1066,1.0,24,0.6
42664,1066,1.0,25,0.6
42665,1066,1.0,26,0.6
42666,1066,1.0,27,0.8
42667,1066,1.0,28,0.6
42668,1066,1.0,29,0.6
42669,1066,1.0,30,0.8
42670,1066,1.0,31,0.8
42671,1066,1.0,32,0.8
42672,1066,1.0,33,1.0
42673,1066,1.0,34,1.0
42674,1066,1.0,35,1.0
42675,1066,1.0,36,1.0
42676,1066,1.0,37,1.0
42677,1066,1.0,38,0.8
42678,1066,1.0,39,0.8
42679,1066,1.0,40,0.8
42680,1067,1.0,1,0.6
42681,1067,1.0,2,0.6
42682,1067,1.0,3,0.6
42683,1067,1.0,4,0.6
42684,1067,1.0,5,0.8
42685,1067,1.0,6,0.8
42686,1067,1.0,7,0.8
42687,1067,1.0,8,0.8
42688,1067,1.0,9,0.6
42689,1067,1.0,10,0.6
42690,1067,1.0,11,0.4
42691,1067,1.0,12,0.6
42692,1067,1.0,13,0.6
42693,1067,1.0,14,0.6
42694,1067,1.0,15,1.0
42695,1067,1.0,16,1.0
42696,1067,1.0,17,1.0
42697,1067,1.0,18,1.0
42698,1067,1.0,19,1.0
42699,1067,1.0,20,1.0
42700,1067,1.0,21,1.0
42701,1067,1.0,22,1.0
42702,1067,1.0,23,1.0
42703,1067,1.0,24,1.0
42704,1067,1.0,25,1.0
42705,1067,1.0,26,1.0
42706,1067,1.0,27,1.0
42707,1067,1.0,28,0.8
42708,1067,1.0,29,0.8
42709,1067,1.0,30,0.8
42710,1067,1.0,31,0.6
42711,1067,1.0,32,0.6
42712,1067,1.0,33,0.6
42713,1067,1.0,34,0.8
42714,1067,1.0,35,0.8
42715,1067,1.0,36,0.6
42716,1067,1.0,37,0.6
42717,1067,1.0,38,0.6
42718,1067,1.0,39,0.6
42719,1067,1.0,40,0.6
42720,1068,1.0,1,0.0
42721,1068,1.0,2,0.4
42722,1068,1.0,3,0.6
42723,1068,1.0,4,0.4
42724,1068,1.0,5,0.4
42725,1068,1.0,6,0.4
42726,1068,1.0,7,0.4
42727,1068,1.0,8,0.4
42728,1068,1.0,9,0.4
42729,1068,1.0,10,0.4
42730,1068,1.0,11,0.4
42731,1068,1.0,12,0.4
42732,1068,1.0,13,0.4
42733,1068,1.0,14,0.4
42734,1068,1.0,15,0.4
42735,1068,1.0,16,0.2
42736,1068,1.0,17,0.2
42737,1068,1.0,18,0.2
42738,1068,1.0,19,0.2
42739,1068,1.0,20,0.6
42740,1068,1.0,21,0.6
42741,1068,1.0,22,0.6
42742,1068,1.0,23,0.6
42743,1068,1.0,24,0.6
42744,1068,1.0,25,0.6
42745,1068,1.0,26,0.6
42746,1068,1.0,27,0.4
42747,1068,1.0,28,0.6
42748,1068,1.0,29,0.4
42749,1068,1.0,30,0.6
42750,1068,1.0,31,0.6
42751,1068,1.0,32,0.6
42752,1068,1.0,33,0.6
42753,1068,1.0,34,0.6
42754,1068,1.0,35,0.6
42755,1068,1.0,36,0.6
42756,1068,1.0,37,0.4
42757,1068,1.0,38,0.6
42758,1068,1.0,39,0.6
42759,1068,1.0,40,0.6
42760,1069,1.0,1,1.0
42761,1069,1.0,2,1.0
42762,1069,1.0,3,1.0
42763,1069,1.0,4,0.4
42764,1069,1.0,5,0.4
42765,1069,1.0,6,0.4
42766,1069,1.0,7,0.4
42767,1069,1.0,8,0.4
42768,1069,1.0,9,0.4
42769,1069,1.0,10,0.4
42770,1069,1.0,11,0.4
42771,1069,1.0,12,0.8
42772,1069,1.0,13,0.6
42773,1069,1.0,14,0.8
42774,1069,1.0,15,0.8
42775,1069,1.0,16,0.8
42776,1069,1.0,17,0.8
42777,1069,1.0,18,0.8
42778,1069,1.0,19,0.8
42779,1069,1.0,20,0.8
42780,1069,1.0,21,0.8
42781,1069,1.0,22,0.8
42782,1069,1.0,23,0.8
42783,1069,1.0,24,0.8
42784,1069,1.0,25,0.8
42785,1069,1.0,26,0.8
42786,1069,1.0,27,0.4
42787,1069,1.0,28,0.4
42788,1069,1.0,29,0.4
42789,1069,1.0,30,0.4
42790,1069,1.0,31,0.4
42791,1069,1.0,32,0.4
42792,1069,1.0,33,0.6
42793,1069,1.0,34,0.6
42794,1069,1.0,35,0.6
42795,1069,1.0,36,0.6
42796,1069,1.0,37,0.4
42797,1069,1.0,38,0.4
42798,1069,1.0,39,0.4
42799,1069,1.0,40,0.4
42800,1070,1.0,1,0.0
42801,1070,1.0,2,0.4
42802,1070,1.0,3,0.4
42803,1070,1.0,4,0.4
42804,1070,1.0,5,0.6
42805,1070,1.0,6,0.6
42806,1070,1.0,7,0.6
42807,1070,1.0,8,0.6
42808,1070,1.0,9,0.6
42809,1070,1.0,10,0.6
42810,1070,1.0,11,0.6
42811,1070,1.0,12,0.6
42812,1070,1.0,13,0.6
42813,1070,1.0,14,0.4
42814,1070,1.0,15,0.6
42815,1070,1.0,16,0.6
42816,1070,1.0,17,0.6
42817,1070,1.0,18,0.6
42818,1070,1.0,19,0.6
42819,1070,1.0,20,0.6
42820,1070,1.0,21,0.6
42821,1070,1.0,22,0.6
42822,1070,1.0,23,0.6
42823,1070,1.0,24,0.6
42824,1070,1.0,25,0.6
42825,1070,1.0,26,0.6
42826,1070,1.0,27,0.6
42827,1070,1.0,28,0.6
42828,1070,1.0,29,0.8
42829,1070,1.0,30,0.8
42830,1070,1.0,31,0.8
42831,1070,1.0,32,0.8
42832,1070,1.0,33,0.8
42833,1070,1.0,34,0.8
42834,1070,1.0,35,0.8
42835,1070,1.0,36,0.8
42836,1070,1.0,37,0.8
42837,1070,1.0,38,0.8
42838,1070,1.0,39,0.8
42839,1070,1.0,40,0.8
42840,1071,1.0,1,1.0
42841,1071,1.0,2,0.6
42842,1071,1.0,3,0.6
42843,1071,1.0,4,0.6
42844,1071,1.0,5,0.6
42845,1071,1.0,6,0.6
42846,1071,1.0,7,0.6
42847,1071,1.0,8,0.6
42848,1071,1.0,9,0.6
42849,1071,1.0,10,0.6
42850,1071,1.0,11,0.6
42851,1071,1.0,12,0.6
42852,1071,1.0,13,0.6
42853,1071,1.0,14,0.6
42854,1071,1.0,15,0.6
42855,1071,1.0,16,0.6
42856,1071,1.0,17,0.4
42857,1071,1.0,18,0.4
42858,1071,1.0,19,0.4
42859,1071,1.0,20,0.6
42860,1071,1.0,21,0.6
42861,1071,1.0,22,0.8
42862,1071,1.0,23,0.8
42863,1071,1.0,24,0.8
42864,1071,1.0,25,0.8
42865,1071,1.0,26,0.8
42866,1071,1.0,27,0.8
42867,1071,1.0,28,0.8
42868,1071,1.0,29,0.8
42869,1071,1.0,30,0.8
42870,1071,1.0,31,0.8
42871,1071,1.0,32,0.8
42872,1071,1.0,33,0.8
42873,1071,1.0,34,0.8
42874,1071,1.0,35,0.8
42875,1071,1.0,36,0.8
42876,1071,1.0,37,0.8
42877,1071,1.0,38,0.6
42878,1071,1.0,39,0.6
42879,1071,1.0,40,0.6
42880,1072,1.0,1,0.8
42881,1072,1.0,2,0.6
42882,1072,1.0,3,0.8
42883,1072,1.0,4,0.6
42884,1072,1.0,5,0.4
42885,1072,1.0,6,0.6
42886,1072,1.0,7,0.6
42887,1072,1.0,8,0.6
42888,1072,1.0,9,0.6
42889,1072,1.0,10,0.6
42890,1072,1.0,11,0.6
42891,1072,1.0,12,0.6
42892,1072,1.0,13,0.6
42893,1072,1.0,14,0.6
42894,1072,1.0,15,0.6
42895,1072,1.0,16,0.6
42896,1072,1.0,17,0.6
42897,1072,1.0,18,0.4
42898,1072,1.0,19,0.4
42899,1072,1.0,20,0.4
42900,1072,1.0,21,0.4
42901,1072,1.0,22,0.4
42902,1072,1.0,23,0.2
42903,1072,1.0,24,0.4
42904,1072,1.0,25,0.6
42905,1072,1.0,26,0.6
42906,1072,1.0,27,0.6
42907,1072,1.0,28,0.6
42908,1072,1.0,29,0.6
42909,1072,1.0,30,0.6
42910,1072,1.0,31,0.6
42911,1072,1.0,32,0.6
42912,1072,1.0,33,0.6
42913,1072,1.0,34,0.6
42914,1072,1.0,35,0.6
42915,1072,1.0,36,0.6
42916,1072,1.0,37,0.6
42917,1072,1.0,38,0.6
42918,1072,1.0,39,0.6
42919,1072,1.0,40,0.6
42920,1073,1.0,1,0.6
42921,1073,1.0,2,0.6
42922,1073,1.0,3,0.6
42923,1073,1.0,4,0.6
42924,1073,1.0,5,0.6
42925,1073,1.0,6,0.6
42926,1073,1.0,7,0.6
42927,1073,1.0,8,0.6
42928,1073,1.0,9,0.6
42929,1073,1.0,10,0.6
42930,1073,1.0,11,0.6
42931,1073,1.0,12,0.4
42932,1073,1.0,13,0.4
42933,1073,1.0,14,0.4
42934,1073,1.0,15,0.4
42935,1073,1.0,16,0.4
42936,1073,1.0,17,0.4
42937,1073,1.0,18,0.4
42938,1073,1.0,19,0.2
42939,1073,1.0,20,0.2
42940,1073,1.0,21,0.2
42941,1073,1.0,22,0.2
42942,1073,1.0,23,0.4
42943,1073,1.0,24,0.6
42944,1073,1.0,25,0.6
42945,1073,1.0,26,0.6
42946,1073,1.0,27,0.2
42947,1073,1.0,28,0.2
42948,1073,1.0,29,0.4
42949,1073,1.0,30,0.4
42950,1073,1.0,31,0.4
42951,1073,1.0,32,0.4
42952,1073,1.0,33,0.4
42953,1073,1.0,34,0.4
42954,1073,1.0,35,0.4
42955,1073,1.0,36,0.4
42956,1073,1.0,37,0.4
42957,1073,1.0,38,0.4
42958,1073,1.0,39,0.6
42959,1073,1.0,40,0.6
42960,1074,1.0,1,0.8
42961,1074,1.0,2,0.6
42962,1074,1.0,3,0.8
42963,1074,1.0,4,0.8
42964,1074,1.0,5,0.6
42965,1074,1.0,6,0.8
42966,1074,1.0,7,0.4
42967,1074,1.0,8,0.4
42968,1074,1.0,9,0.4
42969,1074,1.0,10,0.4
42970,1074,1.0,11,0.6
42971,1074,1.0,12,0.6
42972,1074,1.0,13,0.6
42973,1074,1.0,14,0.6
42974,1074,1.0,15,0.6
42975,1074,1.0,16,0.6
42976,1074,1.0,17,0.6
42977,1074,1.0,18,0.6
42978,1074,1.0,19,0.6
42979,1074,1.0,20,0.8
42980,1074,1.0,21,0.8
42981,1074,1.0,22,0.8
42982,1074,1.0,23,0.8
42983,1074,1.0,24,0.6
42984,1074,1.0,25,0.6
42985,1074,1.0,26,0.6
42986,1074,1.0,27,0.6
42987,1074,1.0,28,0.6
42988,1074,1.0,29,0.6
42989,1074,1.0,30,0.6
42990,1074,1.0,31,0.6
42991,1074,1.0,32,0.6
42992,1074,1.0,33,0.6
42993,1074,1.0,34,0.6
42994,1074,1.0,35,0.6
42995,1074,1.0,36,0.6
42996,1074,1.0,37,0.6
42997,1074,1.0,38,0.6
42998,1074,1.0,39,0.6
42999,1074,1.0,40,0.6
43000,1075,1.0,1,0.6
43001,1075,1.0,2,0.6
43002,1075,1.0,3,0.8
43003,1075,1.0,4,1.0
43004,1075,1.0,5,1.0
43005,1075,1.0,6,1.0
43006,1075,1.0,7,1.0
43007,1075,1.0,8,1.0
43008,1075,1.0,9,1.0
43009,1075,1.0,10,1.0
43010,1075,1.0,11,1.0
43011,1075,1.0,12,0.8
43012,1075,1.0,13,0.8
43013,1075,1.0,14,0.8
43014,1075,1.0,15,0.8
43015,1075,1.0,16,0.8
43016,1075,1.0,17,0.8
43017,1075,1.0,18,0.8
43018,1075,1.0,19,0.8
43019,1075,1.0,20,0.8
43020,1075,1.0,21,0.8
43021,1075,1.0,22,0.8
43022,1075,1.0,23,0.8
43023,1075,1.0,24,0.8
43024,1075,1.0,25,0.8
43025,1075,1.0,26,0.8
43026,1075,1.0,27,0.8
43027,1075,1.0,28,0.8
43028,1075,1.0,29,0.8
43029,1075,1.0,30,0.8
43030,1075,1.0,31,0.8
43031,1075,1.0,32,0.8
43032,1075,1.0,33,0.8
43033,1075,1.0,34,0.8
43034,1075,1.0,35,0.8
43035,1075,1.0,36,0.8
43036,1075,1.0,37,0.8
43037,1075,1.0,38,0.8
43038,1075,1.0,39,0.8
43039,1075,1.0,40,0.8
43040,1076,1.0,1,0.6
43041,1076,1.0,2,0.8
43042,1076,1.0,3,0.4
43043,1076,1.0,4,0.4
43044,1076,1.0,5,0.2
43045,1076,1.0,6,0.2
43046,1076,1.0,7,0.4
43047,1076,1.0,8,0.4
43048,1076,1.0,9,0.4
43049,1076,1.0,10,0.4
43050,1076,1.0,11,0.4
43051,1076,1.0,12,0.4
43052,1076,1.0,13,0.4
43053,1076,1.0,14,0.4
43054,1076,1.0,15,0.4
43055,1076,1.0,16,0.4
43056,1076,1.0,17,0.4
43057,1076,1.0,18,0.4
43058,1076,1.0,19,0.4
43059,1076,1.0,20,0.4
43060,1076,1.0,21,0.4
43061,1076,1.0,22,0.4
43062,1076,1.0,23,0.4
43063,1076,1.0,24,0.4
43064,1076,1.0,25,0.4
43065,1076,1.0,26,0.4
43066,1076,1.0,27,0.4
43067,1076,1.0,28,0.4
43068,1076,1.0,29,0.4
43069,1076,1.0,30,0.4
43070,1076,1.0,31,0.4
43071,1076,1.0,32,0.4
43072,1076,1.0,33,0.4
43073,1076,1.0,34,0.4
43074,1076,1.0,35,0.4
43075,1076,1.0,36,0.4
43076,1076,1.0,37,0.4
43077,1076,1.0,38,0.4
43078,1076,1.0,39,0.4
43079,1076,1.0,40,0.4
43080,1077,1.0,1,0.0
43081,1077,1.0,2,0.4
43082,1077,1.0,3,0.6
43083,1077,1.0,4,0.6
43084,1077,1.0,5,0.6
43085,1077,1.0,6,0.6
43086,1077,1.0,7,0.6
43087,1077,1.0,8,0.6
43088,1077,1.0,9,0.6
43089,1077,1.0,10,0.6
43090,1077,1.0,11,0.6
43091,1077,1.0,12,0.6
43092,1077,1.0,13,0.6
43093,1077,1.0,14,0.4
43094,1077,1.0,15,0.4
43095,1077,1.0,16,0.4
43096,1077,1.0,17,0.4
43097,1077,1.0,18,0.6
43098,1077,1.0,19,0.6
43099,1077,1.0,20,0.6
43100,1077,1.0,21,0.6
43101,1077,1.0,22,0.6
43102,1077,1.0,23,0.6
43103,1077,1.0,24,0.6
43104,1077,1.0,25,0.6
43105,1077,1.0,26,0.4
43106,1077,1.0,27,0.4
43107,1077,1.0,28,0.4
43108,1077,1.0,29,0.4
43109,1077,1.0,30,0.4
43110,1077,1.0,31,0.4
43111,1077,1.0,32,0.4
43112,1077,1.0,33,0.4
43113,1077,1.0,34,0.4
43114,1077,1.0,35,0.6
43115,1077,1.0,36,0.2
43116,1077,1.0,37,0.2
43117,1077,1.0,38,0.4
43118,1077,1.0,39,0.6
43119,1077,1.0,40,0.8
43120,1078,1.0,1,0.0
43121,1078,1.0,2,0.0
43122,1078,1.0,3,0.0
43123,1078,1.0,4,0.6
43124,1078,1.0,5,0.8
43125,1078,1.0,6,0.6
43126,1078,1.0,7,0.6
43127,1078,1.0,8,0.4
43128,1078,1.0,9,0.2
43129,1078,1.0,10,0.2
43130,1078,1.0,11,0.4
43131,1078,1.0,12,0.4
43132,1078,1.0,13,0.4
43133,1078,1.0,14,0.6
43134,1078,1.0,15,0.8
43135,1078,1.0,16,0.8
43136,1078,1.0,17,0.8
43137,1078,1.0,18,0.8
43138,1078,1.0,19,0.8
43139,1078,1.0,20,0.8
43140,1078,1.0,21,0.8
43141,1078,1.0,22,0.8
43142,1078,1.0,23,0.8
43143,1078,1.0,24,0.8
43144,1078,1.0,25,0.8
43145,1078,1.0,26,0.8
43146,1078,1.0,27,0.8
43147,1078,1.0,28,0.8
43148,1078,1.0,29,0.8
43149,1078,1.0,30,0.8
43150,1078,1.0,31,0.8
43151,1078,1.0,32,0.8
43152,1078,1.0,33,0.8
43153,1078,1.0,34,0.8
43154,1078,1.0,35,0.8
43155,1078,1.0,36,0.8
43156,1078,1.0,37,0.8
43157,1078,1.0,38,0.8
43158,1078,1.0,39,0.8
43159,1078,1.0,40,0.8
43160,1079,1.0,1,0.0
43161,1079,1.0,2,0.8
43162,1079,1.0,3,0.8
43163,1079,1.0,4,0.6
43164,1079,1.0,5,0.6
43165,1079,1.0,6,0.6
43166,1079,1.0,7,0.6
43167,1079,1.0,8,0.6
43168,1079,1.0,9,0.8
43169,1079,1.0,10,0.8
43170,1079,1.0,11,1.0
43171,1079,1.0,12,0.8
43172,1079,1.0,13,0.8
43173,1079,1.0,14,0.8
43174,1079,1.0,15,0.8
43175,1079,1.0,16,0.8
43176,1079,1.0,17,0.8
43177,1079,1.0,18,0.4
43178,1079,1.0,19,0.4
43179,1079,1.0,20,0.6
43180,1079,1.0,21,0.6
43181,1079,1.0,22,0.4
43182,1079,1.0,23,0.6
43183,1079,1.0,24,0.6
43184,1079,1.0,25,0.6
43185,1079,1.0,26,0.6
43186,1079,1.0,27,0.6
43187,1079,1.0,28,0.4
43188,1079,1.0,29,0.8
43189,1079,1.0,30,0.8
43190,1079,1.0,31,0.8
43191,1079,1.0,32,0.8
43192,1079,1.0,33,0.8
43193,1079,1.0,34,0.4
43194,1079,1.0,35,0.4
43195,1079,1.0,36,0.6
43196,1079,1.0,37,0.4
43197,1079,1.0,38,0.4
43198,1079,1.0,39,0.6
43199,1079,1.0,40,0.4
